Season Number,Startup_Name,Episode Number,Pitch Number,Season Start,Season End,Original Air Date,Episode Title,Anchor,Industry,Business Description,Company Website,Started in,Number of Presenters,Male Presenters,Female Presenters,Transgender Presenters,Couple Presenters,Pitchers Average Age,Pitchers City,Pitchers State,Revenue,Monthly_Sales,Gross_Margin,Net_Margin,EBITDA,Burn_Rate,SKUs,Has Patents,Bootstrapped,Part of Match off,Original Ask Amount,Original Offered Equity,Valuation Requested,Received Offer,Accepted Offer,Total Deal Amount,Total Deal Equity,Total Deal Debt,Debt Interest,Deal_Valuation,Number of Sharks in Deal,Deal Has Conditions,Royalty Percentage,Royalty Recouped Amount,Advisory Shares Equity,Namita Investment Amount,Namita Investment Equity,Namita Debt Amount,Vineeta Investment Amount,Vineeta Investment Equity,Vineeta Debt Amount,Anupam Investment Amount,Anupam Investment Equity,Anupam Debt Amount,Aman Investment Amount,Aman Investment Equity,Aman Debt Amount,Peyush Investment Amount,Peyush Investment Equity,Peyush Debt Amount,Ritesh Investment Amount,Ritesh Investment Equity,Ritesh Debt Amount,Amit Investment Amount,Amit Investment Equity,Amit Debt Amount,Guest Investment Amount,Guest Investment Equity,Guest Debt Amount,Invested Guest Name,All Guest Names,Namita Present,Vineeta Present,Anupam Present,Aman Present,Peyush Present,Ritesh Present,Amit Present,Guest Present
1,BluePineFoods,1,1,20-Dec-21,4-Feb-22,20-Dec-21,Badlegi Business Ki Tasveer,Rannvijay Singh,Food and Beverage,Frozen Momos,https://bluepinefoods.com/,2016.0,3,2.0,1.0,,0.0,Middle,Delhi,Delhi,95.0,8.0,,,,,,,,,50.0,5.0,1000.0,1,1.0,75.0,16.0,,,469.0,3.0,,,,,,,,25.0,5.33,,,,,25.0,5.33,,,,,,,,,,,25.0,5.33,,Ashneer Grover,Ashneer Grover,1.0,1.0,1.0,1.0,,,,1.0
1,BoozScooters,1,2,20-Dec-21,4-Feb-22,20-Dec-21,Badlegi Business Ki Tasveer,Rannvijay Singh,Vehicles/Electrical Vehicles,Renting e-bike for mobility in private spaces,https://www.boozup.net/,2017.0,1,1.0,,,0.0,Young,Ahmedabad,Gujarat,4.0,0.4,,,,,,,,,40.0,15.0,267.0,1,1.0,40.0,50.0,,,80.0,2.0,,,,,,,,20.0,25.0,,,,,,,,,,,,,,,,,20.0,25.0,,Ashneer Grover,Ashneer Grover,1.0,1.0,1.0,1.0,,,,1.0
1,HeartUpMySleeves,1,3,20-Dec-21,4-Feb-22,20-Dec-21,Badlegi Business Ki Tasveer,Rannvijay Singh,Beauty/Fashion,Detachable Sleeves,https://heartupmysleeves.com/,2021.0,1,,1.0,,0.0,Young,Delhi,Delhi,,2.0,,,,,,,,,25.0,10.0,250.0,1,1.0,25.0,30.0,,,83.0,2.0,,,,,,,,12.5,15.0,,12.5,15.0,,,,,,,,,,,,,,,,,,Ashneer Grover,1.0,1.0,1.0,1.0,,,,1.0
1,TagzFoods,2,4,20-Dec-21,4-Feb-22,21-Dec-21,"Insaan, Ideas Aur Sapne",Rannvijay Singh,Food and Beverage,Healthy Potato Chips Snacks,https://tagzfoods.com/,2019.0,2,2.0,,,0.0,Middle,Bangalore,Karnataka,700.0,,48.0,,,,,,,,70.0,1.0,7000.0,1,1.0,70.0,2.75,,,2545.0,1.0,,,,,,,,,,,,,,,,,,,,,,,,,,70.0,2.75,,Ashneer Grover,Ashneer Grover,1.0,1.0,1.0,1.0,,,,1.0
1,HeadAndHeart,2,5,20-Dec-21,4-Feb-22,21-Dec-21,"Insaan, Ideas Aur Sapne",Rannvijay Singh,Children/Education,Brain Development Course,https://thehnh.in/,2015.0,4,1.0,3.0,,1.0,Middle,Patiala,Punjab,30.0,,,,,,,,,,50.0,5.0,1000.0,0,,,,,,,,,,,,,,,,,,,,,,,,,,,,,,,,,,,,,Ashneer Grover,1.0,1.0,1.0,1.0,,,,1.0
1,Agritourism,2,6,20-Dec-21,4-Feb-22,21-Dec-21,"Insaan, Ideas Aur Sapne",Rannvijay Singh,Agriculture,Tourism,https://www.agritourism.in/,2005.0,2,1.0,1.0,,1.0,Middle,Baramati,Maharashtra,79.0,,,,,,,,,,50.0,5.0,1000.0,0,,,,,,,,,,,,,,,,,,,,,,,,,,,,,,,,,,,,,Ashneer Grover,1.0,1.0,1.0,1.0,,,,1.0
1,qZenseLabs,3,7,20-Dec-21,4-Feb-22,22-Dec-21,Aam Aadmi Ke Business Ideas,Rannvijay Singh,Food and Beverage,Food Freshness Detector,https://www.qzense.com/,2020.0,2,,2.0,,0.0,Middle,"Delhi,Mohali","Delhi,Punjab",25.0,15.0,,,,,,yes,,,100.0,0.25,40000.0,1,0.0,,,,,,,,,,,,,,,,,,,,,,,,,,,,,,,,,,,,Ashneer Grover,1.0,1.0,1.0,1.0,,,,1.0
1,Peeschute,3,8,20-Dec-21,4-Feb-22,22-Dec-21,Aam Aadmi Ke Business Ideas,Rannvijay Singh,Beauty/Fashion,Disposable Urine Bag,https://www.peeschute.com/,2019.0,1,1.0,,,0.0,Young,Jalna,Maharashtra,100.0,,,,,,2.0,,,,75.0,4.0,1875.0,1,1.0,75.0,6.0,,,1250.0,1.0,,,,,,,,,,,,,,75.0,6.0,,,,,,,,,,,,,,,Ashneer Grover,1.0,1.0,1.0,1.0,,,,1.0
1,NOCD,3,9,20-Dec-21,4-Feb-22,22-Dec-21,Aam Aadmi Ke Business Ideas,Rannvijay Singh,Food and Beverage,Energy Drink,https://www.jouleshealth.com/,2019.0,2,2.0,,,0.0,Middle,Bangalore,Karnataka,,20.0,,,,,,,,,50.0,2.0,2500.0,1,1.0,20.0,15.0,30.0,,133.0,1.0,yes,,,,,,,20.0,15.0,30.0,,,,,,,,,,,,,,,,,,,,Ashneer Grover,1.0,1.0,1.0,1.0,,,,1.0
1,CosIQ,4,10,20-Dec-21,4-Feb-22,23-Dec-21,Entrepreneurship Ki Wave,Rannvijay Singh,Beauty/Fashion,Intelligent Skincare,https://mycosiq.com/,2021.0,2,1.0,1.0,,1.0,Middle,Delhi,Delhi,0.0,4.0,75.0,20.0,,,8.0,,,,50.0,7.5,667.0,1,1.0,50.0,25.0,,,200.0,2.0,,,,,,,,25.0,12.5,,25.0,12.5,,,,,,,,,,,,,,,,,,Ashneer Grover,1.0,1.0,1.0,1.0,,,,1.0
1,JhaJiAchaar,4,11,20-Dec-21,4-Feb-22,23-Dec-21,Entrepreneurship Ki Wave,Rannvijay Singh,Food and Beverage,Pickle,https://www.jhajistore.com/,2021.0,2,,2.0,,0.0,Old,Darbhanga,Bihar,,5.0,18.0,,,,,,,,50.0,10.0,500.0,1,1.0,56.6,5.62,,,1007.0,2.0,,,,,28.3,2.81,,28.3,2.81,,,,,,,,,,,,,,,,,,,,,Ashneer Grover,1.0,1.0,1.0,1.0,,,,1.0
1,Bummer,4,12,20-Dec-21,4-Feb-22,23-Dec-21,Entrepreneurship Ki Wave,Rannvijay Singh,Beauty/Fashion,Underwear,https://bummer.in/,2020.0,1,1.0,,,0.0,Young,Ahmedabad,Gujarat,36.0,15.0,70.0,,,,,,,,75.0,4.0,1875.0,1,1.0,75.0,7.5,,,1000.0,2.0,,,,,37.5,3.75,,,,,,,,37.5,3.75,,,,,,,,,,,,,,,Ashneer Grover,1.0,1.0,1.0,1.0,,,,1.0
1,RevampMoto,5,13,20-Dec-21,4-Feb-22,24-Dec-21,Hunt For Interesting Business,Rannvijay Singh,Vehicles/Electrical Vehicles,E-Bike Mitra bud-e RM,https://www.revampmoto.in/,2021.0,3,3.0,,,0.0,Young,Nashik,Maharashtra,,0.01,,,,,,,,,100.0,1.0,10000.0,1,1.0,100.0,1.5,,,6667.0,2.0,,,,,,,,,,,50.0,0.75,,50.0,0.75,,,,,,,,,,,,,,,Ashneer Grover,1.0,1.0,1.0,1.0,,,,1.0
1,HungryHead,5,14,20-Dec-21,4-Feb-22,24-Dec-21,Hunt For Interesting Business,Rannvijay Singh,Food and Beverage,Restaurant serving 80 types of Maggi,http://www.hungryhead.co.in/,2013.0,2,2.0,,,0.0,Middle,Mumbai,Maharashtra,,5.5,,,,,80.0,,,,50.0,5.0,1000.0,0,,,,,,,,,,,,,,,,,,,,,,,,,,,,,,,,,,,,,Ashneer Grover,1.0,1.0,1.0,1.0,,,,1.0
1,ShrawaniEngineers,5,15,20-Dec-21,4-Feb-22,24-Dec-21,Hunt For Interesting Business,Rannvijay Singh,Beauty/Fashion,Belly Button Shaper,https://www.shrawaniengineers.com/,2019.0,2,1.0,1.0,,1.0,Middle,Nagpur,Maharashtra,50.0,,,,,,,,,,20.0,10.0,200.0,0,,,,,,,,,,,,,,,,,,,,,,,,,,,,,,,,,,,,,Ashneer Grover,1.0,1.0,1.0,1.0,,,,1.0
1,SkippiIcePops,6,16,20-Dec-21,4-Feb-22,27-Dec-21,"New Week, New Ideas",Rannvijay Singh,Food and Beverage,Ice-Pops,https://skippi.in/,2021.0,2,1.0,1.0,,1.0,Middle,Hyderabad,Telangana,,7.5,,,,,,yes,,,45.0,5.0,900.0,1,1.0,100.0,15.0,,,667.0,5.0,,,,,20.0,3.0,,20.0,3.0,,20.0,3.0,,20.0,3.0,,,,,,,,,,,20.0,3.0,,Ashneer Grover,Ashneer Grover,1.0,1.0,1.0,1.0,,,,1.0
1,Menstrupedia,6,17,20-Dec-21,4-Feb-22,27-Dec-21,"New Week, New Ideas",Rannvijay Singh,Children/Education,Menstrual Awareness Comic,https://www.menstrupedia.com/,2012.0,2,1.0,1.0,,1.0,Middle,Ahmedabad,Gujarat,115.0,,27.0,,,,,,,,50.0,10.0,500.0,1,1.0,50.0,20.0,,,250.0,1.0,,,,,50.0,20.0,,,,,,,,,,,,,,,,,,,,,,,,Ashneer Grover,1.0,1.0,1.0,1.0,,,,1.0
1,Hecoll,6,18,20-Dec-21,4-Feb-22,27-Dec-21,"New Week, New Ideas",Rannvijay Singh,Beauty/Fashion,Pollution Resistant Fabric - Healthy Cover For All,https://hecoll.com/,2019.0,1,,1.0,,0.0,Middle,Hyderabad,Telangana,107.0,,,,,,,,,,100.0,1.0,10000.0,0,,,,,,,,,,,,,,,,,,,,,,,,,,,,,,,,,,,,,Ashneer Grover,1.0,1.0,1.0,1.0,,,,1.0
1,RaisingSuperstars,7,19,20-Dec-21,4-Feb-22,28-Dec-21,A Never Give Up Spirit,Rannvijay Singh,Children/Education,Child Development App,https://raisingsuperstars.com/india-page,2020.0,2,1.0,1.0,,1.0,Middle,Gurgaon,Haryana,1300.0,,,,,,,,,,100.0,2.0,5000.0,1,1.0,100.0,4.0,,,2500.0,2.0,,,,,,,,,,,,,,50.0,2.0,,,,,,,,,,,50.0,2.0,,Ashneer Grover,Ashneer Grover,1.0,1.0,1.0,1.0,,,,1.0
1,Torch-it,7,20,20-Dec-21,4-Feb-22,28-Dec-21,A Never Give Up Spirit,Rannvijay Singh,Children/Education,Gadgets for visually impaired people,https://mytorchit.com/,2018.0,1,1.0,,,0.0,Middle,Ahmedabad,Gujarat,260.0,1.0,,,,,,yes,,,75.0,1.0,7500.0,1,0.0,,,,,,,,,,,,,,,,,,,,,,,,,,,,,,,,,,,,Ashneer Grover,1.0,1.0,1.0,1.0,,,,1.0
1,Kavach,7,21,20-Dec-21,4-Feb-22,28-Dec-21,A Never Give Up Spirit,Rannvijay Singh,Children/Education,Report bullying incidents,https://antibullyingsquad.com/,2018.0,2,1.0,1.0,,0.0,Young,Gurgaon,Haryana,,,,,,,,,,,5.0,10.0,50.0,1,1.0,5.0,10.0,,,50.0,2.0,,,,,,,,,,,2.5,5.0,,2.5,5.0,,,,,,,,,,,,,,,Ashneer Grover,1.0,1.0,1.0,1.0,,,,1.0
1,LaKheerDeli,7,22,20-Dec-21,4-Feb-22,28-Dec-21,A Never Give Up Spirit,Rannvijay Singh,Food and Beverage,Kheer in variety of flavors,https://lakheerdeli.com/,2018.0,3,1.0,2.0,,0.0,Middle,Pune,Maharashtra,,6.0,,,,,9.0,,,,50.0,7.5,667.0,1,0.0,,,,,,,,,,,,,,,,,,,,,,,,,,,,,,,,,,,,Ashneer Grover,1.0,1.0,1.0,1.0,,,,1.0
1,BeyondSnack,8,23,20-Dec-21,4-Feb-22,29-Dec-21,Shark Ko Impress Karne Wale Ideas,Rannvijay Singh,Food and Beverage,Kerala Banana Chips,https://www.beyondsnack.in/,2020.0,1,1.0,,,0.0,Middle,Thiruvananthapuram,Kerala,60.0,20.6,51.0,,,,,,,,50.0,2.5,2000.0,1,1.0,50.0,2.5,,,2000.0,2.0,,,,,,,,,,,,,,25.0,1.25,,,,,,,,,,,25.0,1.25,,Ashneer Grover,Ashneer Grover,1.0,,1.0,1.0,1.0,,,1.0
1,VivalyfInnovations,8,24,20-Dec-21,4-Feb-22,29-Dec-21,Shark Ko Impress Karne Wale Ideas,Rannvijay Singh,Medical/Health,Easy Life Prickless Diabetes Testing Machine,https://vivalyf.in/,2021.0,2,1.0,1.0,,0.0,Young,Hyderabad,Telangana,0.0,,,,,,,,,,56.0,7.5,747.0,1,1.0,56.0,33.33,,,168.0,2.0,,,,,,,,,,,28.0,16.66,,,,,28.0,16.66,,,,,,,,,,,,Ashneer Grover,1.0,,1.0,1.0,1.0,,,1.0
1,MotionBreeze,8,25,20-Dec-21,4-Feb-22,29-Dec-21,Shark Ko Impress Karne Wale Ideas,Rannvijay Singh,Vehicles/Electrical Vehicles,Smart Electric Motorcycle,https://www.motionautomotive.in/,2018.0,4,4.0,,,0.0,Middle,Vadodara,Gujarat,0.0,,,,,,,yes,,,30.0,3.0,1000.0,1,1.0,30.0,6.0,,,500.0,1.0,,,,,,,,,,,,,,,,,,,,,,,,,,30.0,6.0,,Ashneer Grover,Ashneer Grover,1.0,,1.0,1.0,1.0,,,1.0
1,Altor,9,26,20-Dec-21,4-Feb-22,30-Dec-21,Defining Innovations,Rannvijay Singh,Manufacturing,Smart Helmets,https://www.altorsmarthelmet.com/,2019.0,4,4.0,,,0.0,Young,Kolkata,West Bengal,,,,,,,,,,,50.0,5.0,1000.0,1,1.0,50.0,7.0,,,714.0,2.0,,,,,25.0,3.5,,,,,,,,25.0,3.5,,,,,,,,,,,,,,,Ashneer Grover,1.0,,1.0,1.0,1.0,,,1.0
1,Ariro,9,27,20-Dec-21,4-Feb-22,30-Dec-21,Defining Innovations,Rannvijay Singh,Manufacturing,Wooden Toys,https://arirotoys.com/,2020.0,2,1.0,1.0,,1.0,Young,Chennai,Tamil Nadu,300.0,25.0,50.0,,,,,,,,50.0,2.5,2000.0,1,1.0,50.0,10.0,,,500.0,2.0,,,,,,,,,,,,,,25.0,5.0,,25.0,5.0,,,,,,,,,,,,Ashneer Grover,1.0,,1.0,1.0,1.0,,,1.0
1,KabiraHandmad,9,28,20-Dec-21,4-Feb-22,30-Dec-21,Defining Innovations,Rannvijay Singh,Food and Beverage,Healthy Edible Oils dairy products spices flour,https://www.kabirafoods.com/,1998.0,2,1.0,1.0,,1.0,Middle,Jaipur,Rajasthan,,160.0,3.0,1.0,,,,,,,100.0,5.0,2000.0,1,0.0,,,,,,,,,,,,,,,,,,,,,,,,,,,,,,,,,,,,Ashneer Grover,1.0,,1.0,1.0,1.0,,,1.0
1,Nuutjob,10,29,20-Dec-21,4-Feb-22,31-Dec-21,Passion About Entrepreneurship,Rannvijay Singh,Beauty/Fashion,Male Intimate Hygiene deo spray,https://nuutjob.com/,2021.0,2,,2.0,,0.0,Young,Ahmedabad,Gujarat,,0.002,70.0,,,,,,,,25.0,5.0,500.0,1,1.0,25.0,20.0,,,125.0,3.0,,,,,8.33,6.66,,,,,,,,8.33,6.66,,8.33,6.66,,,,,,,,,,,,Ashneer Grover,1.0,,1.0,1.0,1.0,,,1.0
1,Meatyour,10,30,20-Dec-21,4-Feb-22,31-Dec-21,Passion About Entrepreneurship,Rannvijay Singh,Food and Beverage,Eggs,https://meatyour.com/,2020.0,3,3.0,,,0.0,Middle,Pune,Maharashtra,130.0,2.8,30.0,,,,,,,,30.0,5.0,600.0,1,1.0,30.0,20.0,,,150.0,3.0,yes,,,,,,,,,,10.0,6.66,,10.0,6.66,,10.0,6.66,,,,,,,,,,,,Ashneer Grover,1.0,,1.0,1.0,1.0,,,1.0
1,EventBeep,10,31,20-Dec-21,4-Feb-22,31-Dec-21,Passion About Entrepreneurship,Rannvijay Singh,Children/Education,Student Community App EdTech,https://www.eventbeep.com/,2019.0,3,2.0,1.0,,0.0,Young,Pune,Maharashtra,120.0,,,,,,,,,,30.0,2.0,1500.0,1,1.0,30.0,3.0,,,1000.0,3.0,,,,,,,,,,,,,,10.0,1.0,,10.0,1.0,,,,,,,,10.0,1.0,,Ashneer Grover,Ashneer Grover,1.0,,1.0,1.0,1.0,,,1.0
1,Gopal's56,11,32,20-Dec-21,4-Feb-22,3-Jan-22,Investment Paane Ka Sapna,Rannvijay Singh,Food and Beverage,Fiber Ice Cream,https://www.gopals56.in/,2014.0,1,1.0,,,0.0,Middle,Delhi,Delhi,80.0,33.0,21.0,,,,,,,,30000.0,25.0,120000.0,0,,,,,,,,,,,,,,,,,,,,,,,,,,,,,,,,,,,,,Ashneer Grover,1.0,,1.0,1.0,1.0,,,1.0
1,ARRCOATSurfaceTextures,11,33,20-Dec-21,4-Feb-22,3-Jan-22,Investment Paane Ka Sapna,Rannvijay Singh,Manufacturing,Wall Building Surface Textures,https://www.arrcoat.com/,2019.0,3,3.0,,,0.0,Middle,Delhi,Delhi,,6.0,,20.0,,,,,,,50.0,5.0,1000.0,1,1.0,50.0,15.0,,,333.0,1.0,yes,,,,,,,,,,50.0,15.0,,,,,,,,,,,,,,,,,,Ashneer Grover,1.0,,1.0,1.0,1.0,,,1.0
1,Farda,11,34,20-Dec-21,4-Feb-22,3-Jan-22,Investment Paane Ka Sapna,Rannvijay Singh,Beauty/Fashion,Customised Streetwear,https://fardaclothing.com/,2021.0,2,1.0,1.0,,0.0,Young,Nagpur,Maharashtra,,0.32,115.0,,,,,,,,30.0,10.0,300.0,1,1.0,30.0,20.0,,,150.0,2.0,,,,,15.0,10.0,,,,,,,,15.0,10.0,,,,,,,,,,,,,,,Ashneer Grover,1.0,,1.0,1.0,1.0,,,1.0
1,Auli,12,35,20-Dec-21,4-Feb-22,4-Jan-22,Ek Idea Aur Uske Do Sides,Rannvijay Singh,Beauty/Fashion,Ayurvedic Products Skincare Lifestyle,https://aulilifestyle.com/,2017.0,1,,1.0,,0.0,Middle,Kolkata,West Bengal,250.0,16.0,80.0,10.0,,,,,,,75.0,4.0,1875.0,1,1.0,75.0,15.0,,,500.0,1.0,,,,,75.0,15.0,,,,,,,,,,,,,,,,,,,,,,,,Ashneer Grover,1.0,,1.0,1.0,1.0,,,1.0
1,SweeDesi,12,36,20-Dec-21,4-Feb-22,4-Jan-22,Ek Idea Aur Uske Do Sides,Rannvijay Singh,Food and Beverage,Indian Sweets Online,https://www.sweedesi.com/,2018.0,2,1.0,1.0,,1.0,Middle,Pune,Maharashtra,,,,,,,,,,,40.0,3.0,1333.0,0,,,,,,,,,,,,,,,,,,,,,,,,,,,,,,,,,,,,,Ashneer Grover,1.0,,1.0,1.0,1.0,,,1.0
1,LOKA,12,37,20-Dec-21,4-Feb-22,4-Jan-22,Ek Idea Aur Uske Do Sides,Rannvijay Singh,Technology/Software,Metaverse App,https://www.lokaworld.app/,2020.0,1,1.0,,,0.0,Young,Delhi,Delhi,,,,,,,,,,,40.0,5.0,800.0,1,1.0,40.0,24.0,,,167.0,3.0,,,,,,,,,,,13.33,8.0,,13.33,8.0,,13.33,8.0,,,,,,,,,,,,Ashneer Grover,1.0,,1.0,1.0,1.0,,,1.0
1,Annie,13,38,20-Dec-21,4-Feb-22,5-Jan-22,Ideas By Young Entrepreneurs,Rannvijay Singh,Children/Education,Thinkerbell labs Braille Literary Device,https://www.thinkerbelllabs.com/annie,2016.0,4,3.0,1.0,,1.0,Young,Bangalore,Karnataka,500.0,4.0,50.0,,,,,,,,30.0,0.5,6000.0,1,1.0,105.0,3.0,,,3500.0,3.0,,,,,35.0,1.0,,,,,35.0,1.0,,,,,35.0,1.0,,,,,,,,,,,,Ashneer Grover,1.0,,1.0,1.0,1.0,,,1.0
1,Carragreen,13,39,20-Dec-21,4-Feb-22,5-Jan-22,Ideas By Young Entrepreneurs,Rannvijay Singh,Green/CleanTech,Eco-Friendly boxes,https://carragreen.com/,2018.0,2,,2.0,,0.0,Middle,Indore,Madhya Pradesh,,,,,,,,yes,,,50.0,10.0,500.0,1,1.0,50.0,20.0,,,250.0,2.0,,,,,,,,,,,25.0,10.0,,,,,25.0,10.0,,,,,,,,,,,,Ashneer Grover,1.0,,1.0,1.0,1.0,,,1.0
1,TheYarnBazaar,13,40,20-Dec-21,4-Feb-22,5-Jan-22,Ideas By Young Entrepreneurs,Rannvijay Singh,Manufacturing,Yarn-Trading App Online Marketplace for Yarn,https://theyarnbazaar.com/,2019.0,1,1.0,,,0.0,Middle,Mumbai,Maharashtra,180.0,,,,,,,,,,50.0,2.0,2500.0,1,1.0,100.0,10.0,,,1000.0,4.0,,,,,,,,,,,25.0,2.5,,25.0,2.5,,25.0,2.5,,,,,,,,25.0,2.5,,Ashneer Grover,Ashneer Grover,1.0,,1.0,1.0,1.0,,,1.0
1,TheRenalProject,14,41,20-Dec-21,4-Feb-22,6-Jan-22,Naye Aur Nayab Pitchers,Rannvijay Singh,Medical/Health,Home Dialysis Treatment,https://www.therenalproject.com/,2019.0,1,1.0,,,0.0,Middle,Mumbai,Maharashtra,300.0,,,,,,,,,,100.0,3.0,3333.0,1,1.0,100.0,6.0,,,1667.0,2.0,,,,,50.0,3.0,,,,,,,,50.0,3.0,,,,,,,,,,,,,,,Ashneer Grover,1.0,,1.0,1.0,1.0,,,1.0
1,MorrikoPureFoods,14,42,20-Dec-21,4-Feb-22,6-Jan-22,Naye Aur Nayab Pitchers,Rannvijay Singh,Food and Beverage,Healthy Food Snacks Kamdhenu foods,https://morrikopurefoods.com/,2018.0,3,2.0,1.0,,0.0,Middle,Valsad,Gujarat,,16.0,,,,,,,,,100.0,3.0,3333.0,1,0.0,,,,,,,,,,,,,,,,,,,,,,,,,,,,,,,,,,,,Ashneer Grover,1.0,,1.0,1.0,1.0,,,1.0
1,GoodGoodPiggy,14,43,20-Dec-21,4-Feb-22,6-Jan-22,Naye Aur Nayab Pitchers,Rannvijay Singh,Technology/Software,Digital Piggy Bank,https://goodgoodpiggy.com/,2021.0,2,,2.0,,0.0,Young,Delhi,Delhi,0.0,,,,,,,,,,45.0,5.0,900.0,0,,,,,,,,,,,,,,,,,,,,,,,,,,,,,,,,,,,,,Ashneer Grover,1.0,,1.0,1.0,1.0,,,1.0
1,HammerLifestyle,15,44,20-Dec-21,4-Feb-22,7-Jan-22,It's Time To Change,Rannvijay Singh,Electronics,Smart Audio Products,https://hammeronline.in/,2019.0,3,3.0,,,0.0,Young,Panipat,Haryana,1000.0,,,,,,14.0,,,,30.0,3.0,1000.0,1,1.0,100.0,40.0,,,250.0,1.0,,,,,,,,,,,,,,100.0,40.0,,,,,,,,,,,,,,,Ashneer Grover,1.0,,1.0,1.0,1.0,,,1.0
1,PNTRobotics,15,45,20-Dec-21,4-Feb-22,7-Jan-22,It's Time To Change,Rannvijay Singh,Technology/Software,Robotics and Automation Solutions,https://pntsolutions.in/,2021.0,2,2.0,,,0.0,Young,Mumbai,Maharashtra,,,,,,,,,,,50.0,4.0,1250.0,1,1.0,25.0,25.0,25.0,,100.0,1.0,yes,,,,,,,,,,,,,,,,25.0,25.0,25.0,,,,,,,,,,,Ashneer Grover,1.0,,1.0,1.0,1.0,,,1.0
1,Cocofit,15,46,20-Dec-21,4-Feb-22,7-Jan-22,It's Time To Change,Rannvijay Singh,Food and Beverage,Coconut based beverage franchise,https://www.cocofit.in/,2019.0,3,3.0,,,0.0,Middle,Hyderabad,Telangana,100.0,,95.0,,,,,,,,5e-05,5.0,0.0,1,1.0,5e-05,5.0,,,0.0,3.0,,,,,1.6e-05,1.666,,,,,1.6e-05,1.666,,1.6e-05,1.666,,,,,,,,,,,,,,,Ashneer Grover,1.0,,1.0,1.0,1.0,,,1.0
1,BambooIndia,16,47,20-Dec-21,4-Feb-22,10-Jan-22,Winning The Sharks Trust,Rannvijay Singh,Manufacturing,Bamboo Products,https://www.bambooindia.com/,2016.0,2,1.0,1.0,,1.0,Middle,Pune,Maharashtra,380.0,20.0,,,,,,,,,80.0,4.0,2000.0,1,1.0,50.0,3.5,30.0,,1429.0,2.0,,,,,,,,,,,25.0,1.75,15.0,,,,,,,,,,,,,25.0,1.75,15.0,Ashneer Grover,Ashneer Grover,1.0,,1.0,1.0,1.0,,,1.0
1,FlyingFur,16,48,20-Dec-21,4-Feb-22,10-Jan-22,Winning The Sharks Trust,Rannvijay Singh,Animal/Pets,Dog pets Hygiene,https://flyingfur.in/,2016.0,3,2.0,1.0,,0.0,Middle,Delhi,Delhi,,,,,,,,,,,75.0,7.0,1071.0,0,,,,,,,,,,,,,,,,,,,,,,,,,,,,,,,,,,,,,Ashneer Grover,1.0,,1.0,1.0,1.0,,,1.0
1,BeyondWater,16,49,20-Dec-21,4-Feb-22,10-Jan-22,Winning The Sharks Trust,Rannvijay Singh,Food and Beverage,Liquid Water Enhancer,https://drinkbeyond.co.in/,2020.0,2,1.0,1.0,,0.0,Young,Kolkata,West Bengal,,10.0,,,,,,,,,75.0,4.0,1875.0,1,1.0,75.0,15.0,,,500.0,2.0,,,,,37.5,7.5,,,,,,,,37.5,7.5,,,,,,,,,,,,,,,Ashneer Grover,1.0,,1.0,1.0,1.0,,,1.0
1,Let'sTry,16,50,20-Dec-21,4-Feb-22,10-Jan-22,Winning The Sharks Trust,Rannvijay Singh,Food and Beverage,Healthy Snacks,https://www.letstryfoods.com/,2017.0,4,1.0,3.0,,1.0,Middle,Delhi,Delhi,,3.0,55.0,25.0,,,50.0,,,,45.0,2.0,2250.0,1,1.0,45.0,12.0,,,375.0,2.0,,,,,,,,,,,22.5,6.0,,22.5,6.0,,,,,,,,,,,,,,,Ashneer Grover,1.0,,1.0,1.0,1.0,,,1.0
1,FindYourKicksIndia,17,51,20-Dec-21,4-Feb-22,11-Jan-22,A Wave Of Startups,Rannvijay Singh,Beauty/Fashion,Sneaker Resale,https://findyourkicksindia.co/,2021.0,3,3.0,,,0.0,Young,Ludhiana,Punjab,,3.5,,,,,,,,,50.0,10.0,500.0,1,1.0,50.0,25.0,,,200.0,5.0,,,,,10.0,5.0,,,,,10.0,5.0,,10.0,5.0,,10.0,5.0,,,,,,,,10.0,5.0,,Ashneer Grover,Ashneer Grover,1.0,,1.0,1.0,1.0,,,1.0
1,AasVidyalaya,17,52,20-Dec-21,4-Feb-22,11-Jan-22,A Wave Of Startups,Rannvijay Singh,Children/Education,EdTech App,https://www.aasvidyalaya.com/,2019.0,2,1.0,1.0,,1.0,Middle,Mumbai,Maharashtra,150.0,,,,,,,,,,150.0,3.0,5000.0,1,1.0,150.0,15.0,,,1000.0,3.0,,,,,50.0,5.0,,,,,,,,,,,50.0,5.0,,,,,,,,50.0,5.0,,Ashneer Grover,Ashneer Grover,1.0,,1.0,1.0,1.0,,,1.0
1,Outbox,17,53,20-Dec-21,4-Feb-22,11-Jan-22,A Wave Of Startups,Rannvijay Singh,Business Services,Premium Surprise-Planning,https://www.outboxsurprises.com/,2017.0,2,1.0,1.0,,0.0,Young,Kolkata,West Bengal,110.0,,,,,,,,,,50.0,5.0,1000.0,0,,,,,,,,,,,,,,,,,,,,,,,,,,,,,,,,,,,,,Ashneer Grover,1.0,,1.0,1.0,1.0,,,1.0
1,RoadBounce,17,54,20-Dec-21,4-Feb-22,11-Jan-22,A Wave Of Startups,Rannvijay Singh,Technology/Software,Pothole Detection Software and Data,https://www.roadbounce.com/,2016.0,1,1.0,,,0.0,Middle,Pune,Maharashtra,250.0,,,,,,,yes,,,80.0,10.0,800.0,1,1.0,80.0,20.0,,,400.0,1.0,,,,,,,,,,,,,,,,,80.0,20.0,,,,,,,,,,,,Ashneer Grover,1.0,,1.0,1.0,1.0,,,1.0
1,Mommy'sKitchen,18,55,20-Dec-21,4-Feb-22,12-Jan-22,Investing In Profitable Businesses,Rannvijay Singh,Food and Beverage,Thin Crust Pizza,https://mommys.kitchen/,2016.0,3,2.0,1.0,,0.0,Middle,Mumbai,Maharashtra,92.0,4.5,,,,,,,,,90.0,3.0,3000.0,0,,,,,,,,,,,,,,,,,,,,,,,,,,,,,,,,,,,,,Ashneer Grover,1.0,,1.0,1.0,1.0,,,1.0
1,IndiaHempandCo,18,56,20-Dec-21,4-Feb-22,12-Jan-22,Investing In Profitable Businesses,Rannvijay Singh,Food and Beverage,Hemp Food Products,https://www.indiahempandco.com/,2019.0,1,,1.0,,0.0,Middle,Bangalore,Karnataka,27.0,2.0,,,,,12.0,,,,50.0,4.0,1250.0,1,0.0,,,,,,,,,,,,,,,,,,,,,,,,,,,,,,,,,,,,Ashneer Grover,1.0,,1.0,1.0,1.0,,,1.0
1,Otua,18,57,20-Dec-21,4-Feb-22,12-Jan-22,Investing In Profitable Businesses,Rannvijay Singh,Vehicles/Electrical Vehicles,Electric Auto Vehicle Dandera,https://www.danderaelectric.com/,2018.0,2,2.0,,,0.0,Middle,Gurgaon,Haryana,,,,,,,,,,,100.0,1.0,10000.0,1,1.0,1.0,1.0,99.0,12.0,100.0,1.0,,,,,,,,,,,,,,,,,,,,,,,,,,1.0,1.0,99.0,Ashneer Grover,Ashneer Grover,1.0,,1.0,1.0,1.0,,,1.0
1,Anthyesti,18,58,20-Dec-21,4-Feb-22,12-Jan-22,Investing In Profitable Businesses,Rannvijay Singh,Business Services,Funeral Service the last rites,https://anthyesti.com/,2015.0,1,,1.0,,0.0,Middle,Bangalore,Karnataka,116.0,,50.0,6.0,,,,,,,50.0,2.5,2000.0,0,,,,,,,,,,,,,,,,,,,,,,,,,,,,,,,,,,,,,Ashneer Grover,1.0,,1.0,1.0,1.0,,,1.0
1,Ethik,19,59,20-Dec-21,4-Feb-22,13-Jan-22,Forming An Idea And Bagging A Deal,Rannvijay Singh,Manufacturing,Leather-free Shoes,https://www.ethik.in/,2012.0,2,2.0,,,0.0,Middle,Bangalore,Karnataka,12.0,1.0,,,,,,,,,15.0,5.0,300.0,0,,,,,,,,,,,,,,,,,,,,,,,,,,,,,,,,,,,,,Ashneer Grover,1.0,,1.0,1.0,1.0,,,1.0
1,WeSTOCK,19,60,20-Dec-21,4-Feb-22,13-Jan-22,Forming An Idea And Bagging A Deal,Rannvijay Singh,Animal/Pets,Brainwired Livestock health monitoring AI pets ear tag,https://www.brainwired.in/,2018.0,2,2.0,,,0.0,Middle,Ernakulam,Kerala,54.0,,,,,,,,,,50.0,5.0,1000.0,1,1.0,60.0,10.0,,,600.0,4.0,,,,,15.0,2.5,,,,,,,,15.0,2.5,,15.0,2.5,,,,,,,,15.0,2.5,,Ashneer Grover,Ashneer Grover,1.0,,1.0,1.0,1.0,,,1.0
1,KetoIndia,19,61,20-Dec-21,4-Feb-22,13-Jan-22,Forming An Idea And Bagging A Deal,Rannvijay Singh,Food and Beverage,Customised Keto Diets for various Medical/Health issues,https://www.ketoindia.fit/,2019.0,1,1.0,,,0.0,Young,Delhi,Delhi,180.0,15.0,,,,,,,,,150.0,1.25,12000.0,1,0.0,,,,,,,,,,,,,,,,,,,,,,,,,,,,,,,,,,,,Ashneer Grover,1.0,,1.0,1.0,1.0,,,1.0
1,Magiclock,19,62,20-Dec-21,4-Feb-22,13-Jan-22,Forming An Idea And Bagging A Deal,Rannvijay Singh,Hardware,LPG Cylinder lock,http://www.magiclockdc.com/,2019.0,3,3.0,,,0.0,Middle,Mumbai,Maharashtra,,0.04,,,,,,yes,,,120.0,8.0,1500.0,0,,,,,,,,,,,,,,,,,,,,,,,,,,,,,,,,,,,,,Ashneer Grover,1.0,,1.0,1.0,1.0,,,1.0
1,TheStatePlate,20,63,20-Dec-21,4-Feb-22,14-Jan-22,A Variety Of Ideas,Rannvijay Singh,Food and Beverage,Delicacies,https://thestateplate.com/,2020.0,2,1.0,1.0,,0.0,Young,"Bangalore,Kolkata","Karnataka,West Bengal",,40.0,34.0,,,,400.0,,,,65.0,2.0,3250.0,1,1.0,40.0,3.0,25.0,,1333.0,1.0,,,,,,,,,,,,,,,,,40.0,3.0,25.0,,,,,,,,,,,Ashneer Grover,1.0,,1.0,1.0,1.0,,,1.0
1,Bakarmax,20,64,20-Dec-21,4-Feb-22,14-Jan-22,A Variety Of Ideas,Rannvijay Singh,Technology/Software,Comics & Animation,https://bakarmax.com/,2020.0,2,2.0,,,0.0,Young,Delhi,Delhi,35.0,5.0,,,,,,,,,35.0,5.0,700.0,0,,,,,,,,,,,,,,,,,,,,,,,,,,,,,,,,,,,,,Ashneer Grover,1.0,,1.0,1.0,1.0,,,1.0
1,INACAN,20,65,20-Dec-21,4-Feb-22,14-Jan-22,A Variety Of Ideas,Rannvijay Singh,Food and Beverage,Can Cocktails,https://inacan.in/,2020.0,3,3.0,,,0.0,Middle,Pune,Maharashtra,,23.0,,,,,,,,,50.0,2.0,2500.0,1,1.0,100.0,10.0,,,1000.0,5.0,,,,,20.0,2.0,,,,,20.0,2.0,,20.0,2.0,,20.0,2.0,,,,,,,,20.0,2.0,,Ashneer Grover,Ashneer Grover,1.0,,1.0,1.0,1.0,,,1.0
1,Get-A-Whey,21,66,20-Dec-21,4-Feb-22,17-Jan-22,Game-changing Ideas,Rannvijay Singh,Food and Beverage,Sugar-Free Icecream,https://getawhey.in/,2018.0,2,1.0,1.0,,0.0,Middle,Mumbai,Maharashtra,360.0,0.25,69.0,20.0,,,12.0,,,,100.0,8.0,1250.0,1,1.0,100.0,15.0,,,667.0,3.0,,,,,,,,33.33,5.0,,,,,33.33,5.0,,,,,,,,,,,33.33,5.0,,Ashneer Grover,Ashneer Grover,,1.0,1.0,1.0,1.0,,,1.0
1,Sid07Designs,21,67,20-Dec-21,4-Feb-22,17-Jan-22,Game-changing Ideas,Rannvijay Singh,Hardware,Inventions,https://sid07designs.com/,2018.0,1,1.0,,,0.0,Young,Jammu,Jammu & Kashmir,,1.0,,,,,,yes,,,47.0,10.0,470.0,1,1.0,25.0,75.0,22.0,,33.0,1.0,,,,,,,,,,,,,,,,,25.0,75.0,22.0,,,,,,,,,,,Ashneer Grover,,1.0,1.0,1.0,1.0,,,1.0
1,TheQuirkyNaari,21,68,20-Dec-21,4-Feb-22,17-Jan-22,Game-changing Ideas,Rannvijay Singh,Beauty/Fashion,Customised Apparels,https://thequirkynaari.com/,2018.0,1,,1.0,,0.0,Young,Mathura,Uttar Pradesh,,3.0,,,,,,,,,35.0,5.0,700.0,1,1.0,35.0,24.0,,,146.0,2.0,,,,,,,,17.5,12.0,,17.5,12.0,,,,,,,,,,,,,,,,,,Ashneer Grover,,1.0,1.0,1.0,1.0,,,1.0
1,HairOriginals,22,69,20-Dec-21,4-Feb-22,18-Jan-22,Turning Ideas Into Businesses,Rannvijay Singh,Beauty/Fashion,Natural Hair Extensions,https://www.hairoriginals.in/,2019.0,3,3.0,,,0.0,Middle,Gurgaon,Haryana,,55.0,62.0,,,,,,,,60.0,2.0,3000.0,1,1.0,60.0,4.0,,,1500.0,3.0,,,,,,,,,,,20.0,1.33,,,,,20.0,1.33,,,,,,,,20.0,1.33,,Ashneer Grover,Ashneer Grover,,1.0,1.0,1.0,1.0,,,1.0
1,Poo-de-Cologne,22,70,20-Dec-21,4-Feb-22,18-Jan-22,Turning Ideas Into Businesses,Rannvijay Singh,Beauty/Fashion,Toilet Spray with Essential Oils,https://www.poodecologne.com/,2021.0,1,,1.0,,0.0,Middle,Mumbai,Maharashtra,,0.75,150.0,,,,,,,,75.0,5.0,1500.0,0,,,,,,,,,,,,,,,,,,,,,,,,,,,,,,,,,,,,,Ashneer Grover,,1.0,1.0,1.0,1.0,,,1.0
1,Moonshine,22,71,20-Dec-21,4-Feb-22,18-Jan-22,Turning Ideas Into Businesses,Rannvijay Singh,Food and Beverage,Meads,https://www.moonshinemeadery.com/,2018.0,2,2.0,,,0.0,Middle,Mumbai,Maharashtra,372.0,,70.0,,,,,,,,80.0,0.5,16000.0,1,0.0,,,,,,,,,,,,,,,,,,,,,,,,,,,,,,,,,,,,Ashneer Grover,,1.0,1.0,1.0,1.0,,,1.0
1,Falhari,22,72,20-Dec-21,4-Feb-22,18-Jan-22,Turning Ideas Into Businesses,Rannvijay Singh,Food and Beverage,Fresh Fruits salads,https://falhari.com/,2015.0,3,3.0,,,0.0,Middle,Gurgaon,Haryana,,1.0,25.0,,,,,,,,50.0,2.0,2500.0,1,0.0,,,,,,,,,,,,,,,,,,,,,,,,,,,,,,,,,,,,Ashneer Grover,,1.0,1.0,1.0,1.0,,,1.0
1,NamhyaFoods,23,73,20-Dec-21,4-Feb-22,19-Jan-22,Investing In Innovation,Rannvijay Singh,Food and Beverage,Ayurvedic Enriched Food,https://namhyafoods.com/,2019.0,1,,1.0,,0.0,Young,Jammu,Jammu & Kashmir,,16.0,,34.0,,,70.0,,,,100.0,5.0,2000.0,1,1.0,50.0,10.0,50.0,,500.0,1.0,,,,,,,,,,,,,,50.0,10.0,50.0,,,,,,,,,,,,,,Ashneer Grover,,1.0,1.0,1.0,1.0,,,1.0
1,UrbanMonkey,23,74,20-Dec-21,4-Feb-22,19-Jan-22,Investing In Innovation,Rannvijay Singh,Beauty/Fashion,Streetwear,https://www.urbanmonkey.com/,2014.0,1,1.0,,,0.0,Young,Mumbai,Maharashtra,2500.0,200.0,,25.0,,,,,,,100.0,1.0,10000.0,1,0.0,,,,,,,,,,,,,,,,,,,,,,,,,,,,,,,,,,,,Ashneer Grover,,1.0,1.0,1.0,1.0,,,1.0
1,GuardianGears,23,75,20-Dec-21,4-Feb-22,19-Jan-22,Investing In Innovation,Rannvijay Singh,Manufacturing,Motorcycle Luggage bags,https://guardiangears.in/,2018.0,2,1.0,1.0,,1.0,Middle,Hyderabad,Telangana,250.0,21.0,50.0,15.0,,,,,,,30.0,5.0,600.0,1,0.0,,,,,,,,,,,,,,,,,,,,,,,,,,,,,,,,,,,,Ashneer Grover,,1.0,1.0,1.0,1.0,,,1.0
1,ModernMyth,23,76,20-Dec-21,4-Feb-22,19-Jan-22,Investing In Innovation,Rannvijay Singh,Beauty/Fashion,Bags Slings Clutches Handbags Totes Laptop Bags Travel Essentials Pouches Trunks & Gifting,https://www.modernmyth.in/,2019.0,2,1.0,1.0,,0.0,Young,Delhi,Delhi,,14.0,,,,,140.0,,,,75.0,5.0,1500.0,0,,,,,,,,,,,,,,,,,,,,,,,,,,,,,,,,,,,,,Ashneer Grover,,1.0,1.0,1.0,1.0,,,1.0
1,TheSassBar,24,77,20-Dec-21,4-Feb-22,20-Jan-22,A Decade Of Indian Entrepreneurship,Rannvijay Singh,Beauty/Fashion,Gifts Soaps,https://www.thesassbar.com/,2019.0,1,,1.0,,0.0,Young,Mumbai,Maharashtra,,7.0,65.0,55.0,,,,,,,40.0,8.0,500.0,1,1.0,50.0,35.0,,,143.0,2.0,,,,,,,,,,,25.0,17.5,,,,,,,,,,,,,,25.0,17.5,,Ghazal Alagh,Ghazal Alagh,1.0,1.0,1.0,,1.0,,,1.0
1,KGAgrotech,24,78,20-Dec-21,4-Feb-22,20-Jan-22,A Decade Of Indian Entrepreneurship,Rannvijay Singh,Agriculture,Agricultural Innovations,https://www.instagram.com/jugaadu_kamlesh/,2022.0,2,2.0,,,0.0,Young,Malegaon,Maharashtra,0.0,,,,,,,,,,30.0,10.0,300.0,1,1.0,10.0,40.0,20.0,,25.0,1.0,,,,,,,,,,,,,,,,,10.0,40.0,20.0,,,,,,,,,,,Ghazal Alagh,1.0,1.0,1.0,,1.0,,,1.0
1,NuskhaKitchen,24,79,20-Dec-21,4-Feb-22,20-Jan-22,A Decade Of Indian Entrepreneurship,Rannvijay Singh,Food and Beverage,Homemade after delivery Foods,https://nuskhakitchen.com/,2019.0,2,1.0,1.0,,0.0,Middle,Jaipur,Rajasthan,,1.45,,,,,,,,,20.0,10.0,200.0,0,,,,,,,,,,,,,,,,,,,,,,,,,,,,,,,,,,,,,Ghazal Alagh,1.0,1.0,1.0,,1.0,,,1.0
1,PawsIndia,25,80,20-Dec-21,4-Feb-22,21-Jan-22,An Ocean Of Opportunities,Rannvijay Singh,Animal/Pets,Dog Products,https://pawsindia.com/,2016.0,1,,1.0,,0.0,Young,Mumbai,Maharashtra,300.0,20.0,,16.0,,,350.0,,,,50.0,4.0,1250.0,1,1.0,50.0,15.0,,,333.0,1.0,yes,,,,,,,,,,50.0,15.0,,,,,,,,,,,,,,,,,,Ghazal Alagh,1.0,1.0,1.0,,1.0,,,1.0
1,SunfoxTechnologies,25,81,20-Dec-21,4-Feb-22,21-Jan-22,An Ocean Of Opportunities,Rannvijay Singh,Medical/Health,Portable ECG Device,https://www.sunfox.in/,2016.0,4,4.0,,,0.0,Young,Dehradun,Uttarakhand,120.0,5.0,,,,,,,,,100.0,2.0,5000.0,1,1.0,100.0,6.0,,,1667.0,5.0,,,,,20.0,1.2,,20.0,1.2,,20.0,1.2,,,,,20.0,1.2,,,,,,,,20.0,1.2,,Ghazal Alagh,Ghazal Alagh,1.0,1.0,1.0,,1.0,,,1.0
1,Alpino,25,82,20-Dec-21,4-Feb-22,21-Jan-22,An Ocean Of Opportunities,Rannvijay Singh,Food and Beverage,Roasted Peanut butter Products,https://alpino.store/,2016.0,4,4.0,,,0.0,Young,Surat,Gujarat,,,38.0,,,,,,,,150.0,2.0,7500.0,1,0.0,,,,,,,,,,,,,,,,,,,,,,,,,,,,,,,,,,,,Ghazal Alagh,1.0,1.0,1.0,,1.0,,,1.0
1,IsakFragrances,26,83,20-Dec-21,4-Feb-22,24-Jan-22,Revolutionary Ideas,Rannvijay Singh,Beauty/Fashion,Perfumes Fragrances,https://isakfragrances.com/,2016.0,1,,1.0,,0.0,Young,Lucknow,Uttar Pradesh,,3.5,,,,,,,,,50.0,8.0,625.0,1,1.0,50.0,50.0,,,100.0,1.0,yes,,,,,,,,,,,,,,,,50.0,50.0,,,,,,,,,,,,Ghazal Alagh,1.0,1.0,1.0,,1.0,,,1.0
1,JulaaAutomation,26,84,20-Dec-21,4-Feb-22,24-Jan-22,Revolutionary Ideas,Rannvijay Singh,Manufacturing,Automatic Cradle,https://www.automaticjulaa.com/,2022.0,3,3.0,,,0.0,Middle,Ahmedabad,Gujarat,0.0,,,,,,,yes,,,50.0,10.0,500.0,0,,,,,,,,,,,,,,,,,,,,,,,,,,,,,,,,,,,,,Ghazal Alagh,1.0,1.0,1.0,,1.0,,,1.0
1,RarePlanet,26,85,20-Dec-21,4-Feb-22,24-Jan-22,Revolutionary Ideas,Rannvijay Singh,Manufacturing,Handicrafts,https://rareplanet.in/,2015.0,2,2.0,,,0.0,Middle,Kolkata,West Bengal,,12.0,,10.0,,,6000.0,,,,65.0,1.0,6500.0,1,1.0,65.0,3.0,,,2167.0,1.0,,,,,65.0,3.0,,,,,,,,,,,,,,,,,,,,,,,,Ghazal Alagh,1.0,1.0,1.0,,1.0,,,1.0
1,ThekaCoffee,27,86,20-Dec-21,4-Feb-22,25-Jan-22,Investing In The Future Of India,Rannvijay Singh,Food and Beverage,Coffee Products,https://thekacoffee.com/,2018.0,1,1.0,,,0.0,Young,Gandhinagar,Gujarat,180.0,4.0,,,,,12.0,,,,50.0,10.0,500.0,0,,,,,,,,,,,,,,,,,,,,,,,,,,,,,,,,,,,,,Ghazal Alagh,1.0,1.0,1.0,,1.0,,,1.0
1,WattTechnovations,27,87,20-Dec-21,4-Feb-22,25-Jan-22,Investing In The Future Of India,Rannvijay Singh,Medical/Health,Ventilated PPE Kits,https://www.watttechnovations.com/,2020.0,1,1.0,,,0.0,Young,Pune,Maharashtra,,,,,,,,,,,0.00101,2.0,0.0,1,1.0,0.00101,4.0,,,0.0,4.0,,,,,0.0002525,1.0,,,,,0.0002525,1.0,,,,,0.0002525,1.0,,,,,,,,0.0002525,1.0,,Ghazal Alagh,Ghazal Alagh,1.0,1.0,1.0,,1.0,,,1.0
1,AlisteTechnologies,27,88,20-Dec-21,4-Feb-22,25-Jan-22,Investing In The Future Of India,Rannvijay Singh,Technology/Software,Automation Solutions,https://www.alistetechnologies.com/,2020.0,6,6.0,,,0.0,Young,Noida,Uttar Pradesh,63.0,7.5,,40.0,,,,,,,60.0,5.0,1200.0,1,0.0,,,,,,,,,,,,,,,,,,,,,,,,,,,,,,,,,,,,Ghazal Alagh,1.0,1.0,1.0,,1.0,,,1.0
1,InsuranceSamadhan,27,89,20-Dec-21,4-Feb-22,25-Jan-22,Investing In The Future Of India,Rannvijay Singh,Business Services,Insurance Solutions,https://www.insurancesamadhan.com/,2016.0,3,2.0,1.0,,0.0,Middle,Noida,Uttar Pradesh,104.0,22.0,,,,,,,,,100.0,1.0,10000.0,1,1.0,100.0,4.0,,,2500.0,1.0,,,,,,,,,,,,,,,,,100.0,4.0,,,,,,,,,,,,Ghazal Alagh,1.0,1.0,1.0,,1.0,,,1.0
1,HumpyA2,28,90,20-Dec-21,4-Feb-22,26-Jan-22,Meeting The New India Minds,Rannvijay Singh,Food and Beverage,Organic Milk A2 Products,https://humpyfarms.com/,2017.0,3,2.0,1.0,,0.0,Middle,Pune,Maharashtra,208.0,,44.0,,,,,,,,75.0,4.0,1875.0,1,1.0,100.0,15.0,,,667.0,3.0,,,,,,,,33.33,5.0,,,,,,,,33.33,5.0,,,,,,,,33.33,5.0,,Ghazal Alagh,Ghazal Alagh,1.0,1.0,1.0,,1.0,,,1.0
1,KunafaWorld,28,91,20-Dec-21,4-Feb-22,26-Jan-22,Meeting The New India Minds,Rannvijay Singh,Food and Beverage,Kunafa food products,https://www.kunafaworld.com/,2018.0,2,1.0,1.0,,1.0,Young,Mangalore,Karnataka,200.0,30.0,,30.0,,,,,,,90.0,5.0,1800.0,0,,,,,,,,,,,,,,,,,,,,,,,,,,,,,,,,,,,,,Ghazal Alagh,1.0,1.0,1.0,,1.0,,,1.0
1,GoldSafeSolutions,28,92,20-Dec-21,4-Feb-22,26-Jan-22,Meeting The New India Minds,Rannvijay Singh,Manufacturing,Anti-Suicidal Fan Rod,https://www.goldlife.co.in/,2017.0,2,2.0,,,0.0,Middle,Mumbai,Maharashtra,60.0,,25.0,,,,,,,,50.0,5.0,1000.0,1,1.0,50.0,30.0,,,167.0,3.0,,,,,,,,16.66,10.0,,,,,,,,16.66,10.0,,,,,,,,16.66,10.0,,Ghazal Alagh,Ghazal Alagh,1.0,1.0,1.0,,1.0,,,1.0
1,WakaoFoods,29,93,20-Dec-21,4-Feb-22,27-Jan-22,Businesses Of Tomorrow,Rannvijay Singh,Food and Beverage,Jackfruit Products,https://wakaofoods.com/,2021.0,1,1.0,,,0.0,Middle,Goa,Goa,72.0,6.0,,,,,,,,,75.0,5.0,1500.0,1,1.0,75.0,21.0,,,357.0,3.0,,,,,25.0,7.0,,25.0,7.0,,,,,,,,,,,,,,,,,25.0,7.0,,Ghazal Alagh,Ghazal Alagh,1.0,1.0,1.0,,1.0,,,1.0
1,PDDFalcon,29,94,20-Dec-21,4-Feb-22,27-Jan-22,Businesses Of Tomorrow,Rannvijay Singh,Manufacturing,Stainless Steel Items,https://falconproducts.co.in/,2018.0,2,1.0,1.0,,1.0,Young,Gandhinagar,Gujarat,242.0,,30.0,,,,300.0,,,,75.0,3.0,2500.0,1,0.0,,,,,,,,,,,,,,,,,,,,,,,,,,,,,,,,,,,,Ghazal Alagh,1.0,1.0,1.0,,1.0,,,1.0
1,PlayBoxTV,29,95,20-Dec-21,4-Feb-22,27-Jan-22,Businesses Of Tomorrow,Rannvijay Singh,Business Services,Streaming Platform,https://playboxtv.in/,2017.0,2,2.0,,,0.0,Young,Mumbai,Maharashtra,1020.0,87.0,,,,,,,,,100.0,3.5,2857.0,1,0.0,,,,,,,,,,,,,,,,,,,,,,,,,,,,,,,,,,,,Ghazal Alagh,1.0,1.0,1.0,,1.0,,,1.0
1,Sippline,30,96,20-Dec-21,4-Feb-22,28-Jan-22,Sharks Ki Expertise,Rannvijay Singh,Manufacturing,Portable Glass Attachment Drinking Shields,https://www.sippline.com/,2019.0,1,1.0,,,0.0,Middle,Pune,Maharashtra,,,,,,,,,,,75.0,15.0,500.0,0,,,,,,,,,,,,,,,,,,,,,,,,,,,,,,,,,,,,,Ashneer Grover,1.0,1.0,1.0,1.0,,,,1.0
1,KabaddiAdda,30,97,20-Dec-21,4-Feb-22,28-Jan-22,Sharks Ki Expertise,Rannvijay Singh,Fitness/Sports/Outdoors,All-Kabaddi App,https://www.kabaddiadda.com/,2019.0,2,2.0,,,0.0,Middle,Bangalore,Karnataka,250.0,,80.0,30.0,,,,,,,80.0,1.0,8000.0,1,1.0,80.0,6.0,,,1333.0,2.0,,,,,40.0,3.0,,40.0,3.0,,,,,,,,,,,,,,,,,,,,,Ashneer Grover,1.0,1.0,1.0,1.0,,,,1.0
1,ShadesofSpring,30,98,20-Dec-21,4-Feb-22,28-Jan-22,Sharks Ki Expertise,Rannvijay Singh,Business Services,Flowers,https://shadesofspring.in/,2019.0,2,1.0,1.0,,1.0,Young,Bangalore,Karnataka,900.0,,30.0,,,,,,,,300.0,1.0,30000.0,0,,,,,,,,,,,,,,,,,,,,,,,,,,,,,,,,,,,,,Ashneer Grover,1.0,1.0,1.0,1.0,,,,1.0
1,Scholify,30,99,20-Dec-21,4-Feb-22,28-Jan-22,Sharks Ki Expertise,Rannvijay Singh,Children/Education,Scholarship Platform,https://scholifyme.com/,2018.0,1,1.0,,,0.0,Middle,Bangalore,Karnataka,0.0,,,,,,,,,,50.0,7.5,667.0,0,,,,,,,,,,,,,,,,,,,,,,,,,,,,,,,,,,,,,Ashneer Grover,1.0,1.0,1.0,1.0,,,,1.0
1,Scrapshala,31,100,20-Dec-21,4-Feb-22,31-Jan-22,Entrepreneurship Ki Raah,Rannvijay Singh,Manufacturing,Handmade Reusable Scrap Materials,https://scrapshala.com/,2016.0,2,,2.0,,0.0,Middle,Varanasi,Uttar Pradesh,27.0,2.0,,,,,,,,,50.0,10.0,500.0,0,,,,,,,,,,,,,,,,,,,,,,,,,,,,,,,,,,,,,Ashneer Grover,1.0,1.0,1.0,1.0,,,,1.0
1,Sabjikothi,31,101,20-Dec-21,4-Feb-22,31-Jan-22,Entrepreneurship Ki Raah,Rannvijay Singh,Manufacturing,Vegetables Storage SaptKrishi,https://www.saptkrishi.com/,2019.0,2,1.0,1.0,,0.0,Young,Bhagalpur,Bihar,0.0,,,,,,,,,,60.0,2.5,2400.0,0,,,,,,,,,,,,,,,,,,,,,,,,,,,,,,,,,,,,,Ashneer Grover,1.0,1.0,1.0,1.0,,,,1.0
1,AyuRythm,31,102,20-Dec-21,4-Feb-22,31-Jan-22,Entrepreneurship Ki Raah,Rannvijay Singh,Medical/Health,Ayurvedic Wellness App,https://www.ayurythm.com/home/,2016.0,3,3.0,,,0.0,Middle,Bangalore,Karnataka,,,,,,,,,,,75.0,2.0,3750.0,1,1.0,75.0,2.68,,,2799.0,1.0,,,,,,,,,,,,,,75.0,2.68,,,,,,,,,,,,,,,Ashneer Grover,1.0,1.0,1.0,1.0,,,,1.0
1,Astrix,31,103,20-Dec-21,4-Feb-22,31-Jan-22,Entrepreneurship Ki Raah,Rannvijay Singh,Manufacturing,Smart Locks Qtouch,https://www.astrixengineering.com/,2021.0,2,1.0,1.0,,1.0,Middle,Coimbatore,Tamil Nadu,75.0,18.0,,,,,,,,,75.0,3.0,2500.0,0,,,,,,,,,,,,,,,,,,,,,,,,,,,,,,,,,,,,,Ashneer Grover,1.0,1.0,1.0,1.0,,,,1.0
1,TheaAndSid,32,104,20-Dec-21,4-Feb-22,1-Feb-22,The Road To Success,Rannvijay Singh,Business Services,Proposal Solutions,https://theaandsid.com/,2021.0,2,,2.0,,0.0,Middle,Mumbai,Maharashtra,16.0,10.0,75.0,30.0,,,,,,,80.0,7.0,1143.0,0,,,,,,,,,,,,,,,,,,,,,,,,,,,,,,,,,,,,,Ashneer Grover,1.0,,1.0,1.0,1.0,,,1.0
1,ExperentialEtc,32,105,20-Dec-21,4-Feb-22,1-Feb-22,The Road To Success,Rannvijay Singh,Technology/Software,Technology layered advertisement services,https://www.experientialetc.com/,2017.0,2,2.0,,,0.0,Middle,Mumbai,Maharashtra,100.0,,,,,,,,,,200.0,4.0,5000.0,1,0.0,,,,,,,,,,,,,,,,,,,,,,,,,,,,,,,,,,,,Ashneer Grover,1.0,,1.0,1.0,1.0,,,1.0
1,GrowFitter,32,106,20-Dec-21,4-Feb-22,1-Feb-22,The Road To Success,Rannvijay Singh,Technology/Software,Rewards App,https://www.growfitter.com/,2021.0,2,2.0,,,0.0,Middle,Mumbai,Maharashtra,170.0,,,,,,,,,,50.0,1.0,5000.0,1,1.0,50.0,2.0,,,2500.0,1.0,yes,,,,,,,,,,,,,50.0,2.0,,,,,,,,,,,,,,,Ashneer Grover,1.0,,1.0,1.0,1.0,,,1.0
1,C3Med-Tech,32,107,20-Dec-21,4-Feb-22,1-Feb-22,The Road To Success,Rannvijay Singh,Medical/Health,Portable ophthalmic vision devices,https://c3prototypes.com/,2019.0,2,1.0,1.0,,1.0,Middle,Ahmedabad,Gujarat,,,,,,,,,,,35.0,6.0,583.0,1,0.0,,,,,,,,,,,,,,,,,,,,,,,,,,,,,,,,,,,,Ashneer Grover,1.0,,1.0,1.0,1.0,,,1.0
1,ColourMeMad-CMM,33,108,20-Dec-21,4-Feb-22,2-Feb-22,Life-Changing Ideas,Rannvijay Singh,Beauty/Fashion,Insoles,https://yourfootdoctor.in/,2017.0,2,1.0,1.0,,1.0,Middle,Mumbai,Maharashtra,,0.66,,,,,,,,,40.0,10.0,400.0,1,1.0,40.0,25.0,,,160.0,1.0,,,,,40.0,25.0,,,,,,,,,,,,,,,,,,,,,,,,Ashneer Grover,1.0,,1.0,1.0,1.0,,,1.0
1,Mavi's,33,109,20-Dec-21,4-Feb-22,2-Feb-22,Life-Changing Ideas,Rannvijay Singh,Food and Beverage,Vegan Fermented Food,https://mavispantry.com/,2018.0,2,1.0,1.0,,1.0,Middle,Thane,Maharashtra,,2.0,,,,,,,,,40.0,5.0,800.0,0,,,,,,,,,,,,,,,,,,,,,,,,,,,,,,,,,,,,,Ashneer Grover,1.0,,1.0,1.0,1.0,,,1.0
1,TweekLabs,33,110,20-Dec-21,4-Feb-22,2-Feb-22,Life-Changing Ideas,Rannvijay Singh,Fitness/Sports/Outdoors,Sportswear,https://www.tweek-labs.com/,2019.0,4,4.0,,,0.0,Middle,Delhi,Delhi,,,,,,,,,,,40.0,2.0,2000.0,1,1.0,60.0,10.0,,,600.0,3.0,,,,,,,,,,,20.0,3.33,,,,,20.0,3.33,,,,,,,,20.0,3.33,,Ashneer Grover,Ashneer Grover,1.0,,1.0,1.0,1.0,,,1.0
1,Proxgy,33,111,20-Dec-21,4-Feb-22,2-Feb-22,Life-Changing Ideas,Rannvijay Singh,Technology/Software,Virtual Reality,https://www.proxgy.com/,2020.0,2,2.0,,,0.0,Middle,Delhi,Delhi,,,,,,,,yes,,,35.0,1.0,3500.0,1,1.0,100.0,10.0,,,1000.0,2.0,,,,,,,,,,,,,,,,,50.0,5.0,,,,,,,,50.0,5.0,,Ashneer Grover,Ashneer Grover,1.0,,1.0,1.0,1.0,,,1.0
1,NomadFoodProject,34,112,20-Dec-21,4-Feb-22,3-Feb-22,Scaling Ambitions,Rannvijay Singh,Food and Beverage,Bacon Jams Relishes,https://nomadfoodproject.com/,2019.0,2,2.0,,,0.0,Young,"Delhi,Pune","Delhi,Maharashtra",,3.0,70.0,,,,,,,,40.0,10.0,400.0,1,1.0,40.0,20.0,,,200.0,4.0,,,,,10.0,5.0,,10.0,5.0,,,,,,,,,,,,,,,,,20.0,10.0,,"Ghazal Alagh,Ashneer Grover","Ghazal Alagh,Ashneer Grover",1.0,1.0,1.0,1.0,1.0,,,2.0
1,TweeInOne,34,113,20-Dec-21,4-Feb-22,3-Feb-22,Scaling Ambitions,Rannvijay Singh,Beauty/Fashion,Reversible and convertible clothing,https://tweeinone.com/,2017.0,1,,1.0,,0.0,Young,Mumbai,Maharashtra,,,,,,,,,,,30.0,7.5,400.0,0,,,,,,,,,,,,,,,,,,,,,,,,,,,,,,,,,,,,,"Ghazal Alagh,Ashneer Grover",1.0,1.0,1.0,1.0,1.0,,,2.0
1,GreenProtein,34,114,20-Dec-21,4-Feb-22,3-Feb-22,Scaling Ambitions,Rannvijay Singh,Food and Beverage,Plant-Based Protein,https://greenprotein.co.in/,2019.0,2,1.0,1.0,,1.0,Middle,Mumbai,Maharashtra,,12.0,40.0,,,,,,,,60.0,2.0,3000.0,1,0.0,,,,,,,,,,,,,,,,,,,,,,,,,,,,,,,,,,,,"Ghazal Alagh,Ashneer Grover",1.0,1.0,1.0,1.0,1.0,,,2.0
1,On2Cook,34,115,20-Dec-21,4-Feb-22,3-Feb-22,Scaling Ambitions,Rannvijay Singh,Food and Beverage,Fastest Cooking Device,https://on2cook.com/,2022.0,1,1.0,,,0.0,Middle,Ahmedabad,Gujarat,0.0,,,,,,,,,,100.0,1.0,10000.0,0,,,,,,,,,,,,,,,,,,,,,,,,,,,,,,,,,,,,,"Ghazal Alagh,Ashneer Grover",1.0,1.0,1.0,1.0,1.0,,,2.0
1,JainShikanji,35,116,20-Dec-21,4-Feb-22,4-Feb-22,The Final Destination,Rannvijay Singh,Food and Beverage,Lemonade,https://jainshikanjimasala.com/,2017.0,1,1.0,,,0.0,Middle,Modinagar,Uttar Pradesh,,2.0,,,,,,,,,40.0,8.0,500.0,1,1.0,40.0,30.0,,,133.0,4.0,,,,,,,,10.0,7.5,,10.0,7.5,,10.0,7.5,,,,,,,,,,,10.0,7.5,,Ashneer Grover,"Ghazal Alagh,Ashneer Grover",1.0,1.0,1.0,1.0,1.0,,,2.0
1,Woloo,35,117,20-Dec-21,4-Feb-22,4-Feb-22,The Final Destination,Rannvijay Singh,Technology/Software,Washroom Finder,https://woloo.in/,2020.0,3,1.0,2.0,,0.0,Middle,Mumbai,Maharashtra,108.0,,,,,,,,,,50.0,4.0,1250.0,1,0.0,,,,,,,,,,,,,,,,,,,,,,,,,,,,,,,,,,,,"Ghazal Alagh,Ashneer Grover",1.0,1.0,1.0,1.0,1.0,,,2.0
1,ElcareIndia,35,118,20-Dec-21,4-Feb-22,4-Feb-22,The Final Destination,Rannvijay Singh,Medical/Health,Carenting for Elders,https://elcare.co/,2021.0,3,2.0,1.0,,0.0,Middle,Mumbai,Maharashtra,60.0,,30.0,,,,,,,,100.0,2.5,4000.0,0,,,,,,,,,,,,,,,,,,,,,,,,,,,,,,,,,,,,,"Ghazal Alagh,Ashneer Grover",1.0,1.0,1.0,1.0,1.0,,,2.0
1,SneaKare,36,119,20-Dec-21,4-Feb-22,4-Feb-22,Gateway To Shark Tank India,Rannvijay Singh,Beauty/Fashion,Shoe Sneaker kits storage crates,https://sneakare.com/,2020.0,1,1.0,,,0.0,Young,Delhi,Delhi,,7.0,,,,,,,,,20.0,5.0,400.0,1,1.0,21.0,12.0,,,175.0,3.0,,,,,7.0,4.0,,7.0,4.0,,,,,7.0,4.0,,,,,,,,,,,,,,,,1.0,1.0,,1.0,1.0,,,
1,FrenchCrown,36,120,20-Dec-21,4-Feb-22,4-Feb-22,Gateway To Shark Tank India,Rannvijay Singh,Beauty/Fashion,Clothes,https://frenchcrown.in/,2017.0,2,2.0,,,0.0,Middle,Surat,Gujarat,7200.0,,70.0,,,,,,,,150.0,0.33,45455.0,1,0.0,,,,,,,,,,,,,,,,,,,,,,,,,,,,,,,,,,,,,1.0,1.0,,1.0,1.0,,,
1,StoreMyGoods,36,121,20-Dec-21,4-Feb-22,4-Feb-22,Gateway To Shark Tank India,Rannvijay Singh,Business Services,Storage solutions,https://storemygoods.in/,2020.0,3,2.0,1.0,,1.0,Middle,Noida,Uttar Pradesh,100.0,,,,,,,,,,100.0,1.75,5714.0,1,1.0,50.0,4.0,50.0,,1250.0,2.0,,,,,25.0,2.0,25.0,,,,,,,,,,25.0,2.0,25.0,,,,,,,,,,,,1.0,1.0,,1.0,1.0,,,
1,Devnagri,36,122,20-Dec-21,4-Feb-22,4-Feb-22,Gateway To Shark Tank India,Rannvijay Singh,Technology/Software,Translation of language content,https://devnagri.com/,2020.0,2,2.0,,,0.0,Middle,Delhi,Delhi,500.0,,,,,,,,,,100.0,1.0,10000.0,1,0.0,,,,,,,,,,,,,,,,,,,,,,,,,,,,,,,,,,,,,1.0,1.0,,1.0,1.0,,,
1,WitBlox,0,123,20-Dec-21,4-Feb-22,,Unseen,Rannvijay Singh,Manufacturing,Kids playing equipment,https://witblox.com/,2020.0,2,1.0,1.0,,0.0,Middle,Mumbai,Maharashtra,,,,,,,,,,,60.0,3.0,2000.0,1,1.0,60.0,10.0,,,600.0,2.0,,,,,,,,,,,,,,,,,30.0,5.0,,,,,,,,30.0,5.0,,Ghazal Alagh,Ghazal Alagh,,,,,1.0,,,1.0
1,Kineer,0,124,20-Dec-21,4-Feb-22,,Unseen,Rannvijay Singh,Food and Beverage,Packaged drinking water,https://www.kineerblessed.com/,2018.0,2,1.0,,1.0,0.0,Middle,Pune,Maharashtra,,2.0,,,,,,,,,100.0,10.0,1000.0,0,,,,,,,,,,,,,,,,,,,,,,,,,,,,,,,,,,,,,,,,,,,,,
1,PiChem,0,125,20-Dec-21,4-Feb-22,,Unseen,Rannvijay Singh,Manufacturing,Chemical products,http://www.pichem.in/,2021.0,1,1.0,,,0.0,Young,Lucknow,Uttar Pradesh,,1.77,50.0,,,,,,,,40.0,5.0,800.0,0,,,,,,,,,,,,,,,,,,,,,,,,,,,,,,,,,,,,,,,,,,,,,
1,Clensta,0,126,20-Dec-21,4-Feb-22,,Unseen,Rannvijay Singh,Beauty/Fashion,Waterless bathing technology products,https://clensta.com/,2017.0,1,1.0,,,0.0,Middle,Delhi,Delhi,,150.0,,,,,,,,,100.0,1.0,10000.0,0,,,,,,,,,,,,,,,,,,,,,,,,,,,,,,,,,,,,,,,,,,,,,
1,InfinitiInsects,0,127,20-Dec-21,4-Feb-22,,Unseen,Rannvijay Singh,Animal/Pets,Live insect feed for pets,https://infiniti-insects.business.site/,2016.0,2,1.0,1.0,,0.0,Middle,Bangalore,Karnataka,,0.5,,,,,,,,,25.0,10.0,250.0,0,,,,,,,,,,,,,,,,,,,,,,,,,,,,,,,,,,,,,,,,,,,,,
1,AshwaPro,0,128,20-Dec-21,4-Feb-22,,Unseen,Rannvijay Singh,Business Services,Outdoor cycling gym,https://ashwa.pro/,2020.0,1,1.0,,,0.0,Middle,Jaipur,Rajasthan,,,,,,,,,,,50.0,10.0,500.0,0,,,,,,,,,,,,,,,,,,,,,,,,,,,,,,,,,,,,,,,,,,,,,
1,Mine4Nine,0,129,20-Dec-21,4-Feb-22,,Unseen,Rannvijay Singh,Beauty/Fashion,Trendy maternity dresses,https://mine4nine.in/,2019.0,2,1.0,1.0,,1.0,Middle,Gurgaon,Haryana,260.0,,,,,,,,,,75.0,4.0,1875.0,0,,,,,,,,,,,,,,,,,,,,,,,,,,,,,,,,,,,,,,,,,,,,,
1,StudioBeej,0,130,20-Dec-21,4-Feb-22,,Unseen,Rannvijay Singh,Beauty/Fashion,Sustainable leather accessories,https://studiobeej.com/,2020.0,1,,1.0,,0.0,Middle,Mumbai,Maharashtra,112.0,,,,,,,,,,75.0,7.5,1000.0,0,,,,,,,,,,,,,,,,,,,,,,,,,,,,,,,,,,,,,,,,,,,,,
1,Sattuz,0,131,20-Dec-21,4-Feb-22,,Unseen,Rannvijay Singh,Food and Beverage,Foods Beverages super food,https://sattuz.in/,2018.0,2,1.0,1.0,,1.0,Middle,Madhubani,Bihar,25.0,,,,,,,,,,25.0,5.0,500.0,0,,,,,,,,,,,,,,,,,,,,,,,,,,,,,,,,,,,,,,,,,,,,,
1,Scintiglo,0,132,20-Dec-21,4-Feb-22,,Unseen,Rannvijay Singh,Medical/Health,Diagnostic device for microalbuminuria estimation,https://cemd.in/,2021.0,1,1.0,,,0.0,Middle,Indore,Madhya Pradesh,0.0,,,,,,,,,,75.0,1.0,7500.0,1,0.0,,,,,,,,,,,,,,,,,,,,,,,,,,,,,,,,,,,,,,,,,,,,
1,Glii,0,133,20-Dec-21,4-Feb-22,,Unseen,Rannvijay Singh,Business Services,Dating app for LGBTQ,https://www.glii.in/,2021.0,4,3.0,,1.0,0.0,Middle,Noida,Uttar Pradesh,,,,,,,,,,,40.0,4.0,1000.0,0,,,,,,,,,,,,,,,,,,,,,,,,,,,,,,,,,,,,,,,,,,,,,
1,StanleeIndia,0,134,20-Dec-21,4-Feb-22,,Unseen,Rannvijay Singh,Electronics,Televisions,https://www.stanleeindia.com/,2019.0,3,3.0,,,0.0,Middle,Delhi,Delhi,,,,,,,,,,,60.0,3.0,2000.0,0,,,,,,,,,,,,,,,,,,,,,,,,,,,,,,,,,,,,,,,,,,,,,
1,SpaceKidzIndia,0,135,20-Dec-21,4-Feb-22,,Unseen,Rannvijay Singh,Manufacturing,Small Satellites by kids,https://www.spacekidzindia.in/,2016.0,2,1.0,1.0,,0.0,Middle,Chennai,Tamil Nadu,,,,,,,,,,,100.0,2.0,5000.0,0,,,,,,,,,,,,,,,,,,,,,,,,,,,,,,,,,,,,,,,,,,,,,
1,UrbanNaps,0,136,20-Dec-21,4-Feb-22,,Unseen,Rannvijay Singh,Business Services,Smart Napping Pod,https://urbannaps.com/,2018.0,2,2.0,,,0.0,Young,Ahmedabad,Gujarat,,,,,,,,,,,50.0,4.0,1250.0,1,0.0,,,,,,,,,,,,,,,,,,,,,,,,,,,,,,,,,,,,,,,,,,,,
1,Gizmoswala,0,137,20-Dec-21,4-Feb-22,,Unseen,Rannvijay Singh,Entertainment,Sex toys and games,https://www.gizmoswala.com/,2020.0,3,2.0,1.0,,0.0,Middle,Mumbai,Maharashtra,,7.0,40.0,,,,,,,,75.0,5.0,1500.0,0,,,,,,,,,,,,,,,,,,,,,,,,,,,,,,,,,,,,,,,,,,,,,
1,ZyppElectric,0,138,20-Dec-21,4-Feb-22,,Unseen,Rannvijay Singh,Vehicles/Electrical Vehicles,Electrical Vehicles,https://zypp.app/,2017.0,2,1.0,1.0,,1.0,Young,Gurgaon,Haryana,,,,,,,,,,,220.0,1.0,22000.0,0,,,,,,,,,,,,,,,,,,,,,,,,,,,,,,,,,,,,,,,,,,,,,
1,Picsniff,0,139,20-Dec-21,4-Feb-22,,Unseen,Rannvijay Singh,Technology/Software,Face recognition based image sharing,https://algomage.com/algoshare,2021.0,1,1.0,,,0.0,Young,Mumbai,Maharashtra,,,,,,,,,,,55.0,1.0,5500.0,1,0.0,,,,,,,,,,,,,,,,,,,,,,,,,,,,,,,,,,,,,,,,,,,,
1,Deciwood,0,140,20-Dec-21,4-Feb-22,,Unseen,Rannvijay Singh,Electronics,Portable wooden Bluetooth speakers,https://deciwood.com/,2019.0,2,2.0,,,0.0,Young,Delhi,Delhi,,,,,,,,,,,50.0,3.5,1429.0,0,,,,,,,,,,,,,,,,,,,,,,,,,,,,,,,,,,,,,,,,,,,,,
1,HappyBar,0,141,20-Dec-21,4-Feb-22,,Unseen,Rannvijay Singh,Food and Beverage,FitSport delicious snacks,https://www.fitsport.me/,2019.0,3,2.0,1.0,,0.0,Middle,Hyderabad,Telangana,,29.0,,,,,,,,,60.0,2.0,3000.0,0,,,,,,,,,,,,,,,,,,,,,,,,,,,,,,,,,,,,,,,,,,,,,
1,Tathastulive,0,142,20-Dec-21,4-Feb-22,,Unseen,Rannvijay Singh,Business Services,"Offer Daan, Puja and Yajna",https://www.temple.biz/,2020.0,3,2.0,1.0,,1.0,Middle,Ahmedabad,Gujarat,,,,,,,,,,,50.0,10.0,500.0,0,,,,,,,,,,,,,,,,,,,,,,,,,,,,,,,,,,,,,,,,,,,,,
1,BandsandCups,0,143,20-Dec-21,4-Feb-22,,Unseen,Rannvijay Singh,Beauty/Fashion,Bra fitting service,https://www.bandsandcups.com/,2021.0,1,,1.0,,0.0,Middle,Chennai,Tamil Nadu,,1.0,60.0,,,,,,,,40.0,10.0,400.0,0,,,,,,,,,,,,,,,,,,,,,,,,,,,,,,,,,,,,,,,,,,,,,
1,MyWealthProtector,0,144,20-Dec-21,4-Feb-22,,Unseen,Rannvijay Singh,Business Services,Beyond Life Service,https://mywealthprotector.com/,2019.0,2,2.0,,,0.0,Middle,Mumbai,Maharashtra,,2.0,,,,,,,,,50.0,2.5,2000.0,0,,,,,,,,,,,,,,,,,,,,,,,,,,,,,,,,,,,,,,,,,,,,,
1,TheIris,0,145,20-Dec-21,4-Feb-22,,Unseen,Rannvijay Singh,Manufacturing,Pocket Microscopes,https://www.theiris.co.in/,2019.0,2,1.0,1.0,,0.0,Young,Bangalore,Karnataka,,,,,,,,,,,10.0,15.0,67.0,0,,,,,,,,,,,,,,,,,,,,,,,,,,,,,,,,,,,,,,,,,,,,,
1,Canebot,0,146,20-Dec-21,4-Feb-22,,Unseen,Rannvijay Singh,Food and Beverage,Juice making machine,https://www.canebot.com/,2012.0,2,1.0,1.0,,1.0,Middle,Pune,Maharashtra,200.0,,,,,,,yes,,,100.0,2.5,4000.0,0,,,,,,,,,,,,,,,,,,,,,,,,,,,,,,,,,,,,,,,,,,,,,
1,OyeDelhiOye,0,147,20-Dec-21,4-Feb-22,,Unseen,Rannvijay Singh,Food and Beverage,Delhi Ke Chole Kulche,,2021.0,2,2.0,,,0.0,Middle,Delhi,Delhi,,,,,,,,,,,35.0,10.0,350.0,0,,,,,,,,,,,,,,,,,,,,,,,,,,,,,,,,,,,,,,,,,,,,,
1,InaliAssistiveTech,0,148,20-Dec-21,4-Feb-22,,Unseen,Rannvijay Singh,Medical/Health,Prosthetics,https://inalifoundation.com/,2020.0,2,2.0,,,0.0,Young,Pune,Maharashtra,,,,,,,,,,,50.0,5.0,1000.0,0,,,,,,,,,,,,,,,,,,,,,,,,,,,,,,,,,,,,,,,,,,,,,
1,Meera'sCelebrations,0,149,20-Dec-21,4-Feb-22,,Unseen,Rannvijay Singh,Business Services,Wedding ceremonial items,https://www.facebook.com/meeracelebrations/,2010.0,2,1.0,1.0,,1.0,Middle,Ludhiana,Punjab,,,,,,,,,,,50.0,25.0,200.0,0,,,,,,,,,,,,,,,,,,,,,,,,,,,,,,,,,,,,,,,,,,,,,
1,Artment,0,150,20-Dec-21,4-Feb-22,,Unseen,Rannvijay Singh,Lifestyle/Home,Exquisite pieces of home decor,https://theartment.com/,2019.0,2,1.0,1.0,,0.0,Young,Gurgaon,Haryana,,100.0,,,,,,,,,170.0,2.5,6800.0,1,0.0,,,,,,,,,,,,,,,,,,,,,,,,,,,,,,,,,,,,,,,,,,,,
1,Powertree,0,151,20-Dec-21,4-Feb-22,,Unseen,Rannvijay Singh,Manufacturing,Beautiful efficient solar panels,https://powertree.co.in/,2018.0,2,2.0,,,0.0,Middle,Gandhinagar,Gujarat,,,,,,,,,,,150.0,2.5,6000.0,0,,,,,,,,,,,,,,,,,,,,,,,,,,,,,,,,,,,,,,,,,,,,,
1,Eume,0,152,20-Dec-21,4-Feb-22,,Unseen,Rannvijay Singh,Beauty/Fashion,Massager Backpack,https://eumeworld.com/,2018.0,3,2.0,1.0,,1.0,Middle,Mumbai,Maharashtra,1200.0,,,,,,,,,,150.0,2.0,7500.0,1,0.0,,,,,,,,,,,,,,,,,,,,,,,,,,,,,,,,,,,,,,,,,,,,
2,Hoovu,1,153,2-Jan-23,10-Mar-23,2-Jan-23,Entrepreneurship Ki Leher Ek Baar Firse,Rahul Dua,Business Services,Fresh Pooja flowers,https://hoovufresh.com/,2019.0,2,,2.0,,0.0,Young,Bangalore,Karnataka,,65.0,,,,,,,,,80.0,1.0,8000.0,1,1.0,100.0,2.0,,,5000.0,2.0,,,,,,,,,,,,,,50.0,1.0,,50.0,1.0,,,,,,,,,,,,,1.0,1.0,1.0,1.0,1.0,,,
2,Dorji,1,154,2-Jan-23,10-Mar-23,2-Jan-23,Entrepreneurship Ki Leher Ek Baar Firse,Rahul Dua,Food and Beverage,Flavors of Tea,https://dorjeteas.com/,2018.0,2,2.0,,,0.0,Young,Darjeeling,West Bengal,,11.0,,,,,,,,,30.0,5.0,600.0,1,1.0,30.0,15.0,,,200.0,3.0,,,,,,,,10.0,5.0,,10.0,5.0,,,,,10.0,5.0,,,,,,,,,,,,,1.0,1.0,1.0,1.0,1.0,,,
2,Recode,1,155,2-Jan-23,10-Mar-23,2-Jan-23,Entrepreneurship Ki Leher Ek Baar Firse,Rahul Dua,Beauty/Fashion,Beauty & cosmetics,https://shop.recodestudios.com/,2018.0,2,2.0,,,0.0,Middle,Ludhiana,Punjab,,,,,,,,,,,100.0,1.0,10000.0,0,,,,,,,,,,,,,,,,,,,,,,,,,,,,,,,,,,,,,,1.0,1.0,1.0,1.0,1.0,,,
2,VeryMuchIndian,2,156,2-Jan-23,10-Mar-23,3-Jan-23,A Bigger Vision,Rahul Dua,Beauty/Fashion,Paithani Handloom Sarees,https://www.verymuchindian.com/,2018.0,2,1.0,1.0,,1.0,Middle,Pune,Maharashtra,150.0,,35.0,,,,,,,,50.0,3.0,1667.0,1,1.0,50.0,10.0,,,500.0,2.0,,,,,25.0,5.0,,,,,,,,25.0,5.0,,,,,,,,,,,,,,,,1.0,1.0,1.0,1.0,1.0,,,
2,WatchoutWearables,2,157,2-Jan-23,10-Mar-23,3-Jan-23,A Bigger Vision,Rahul Dua,Electronics,Smart watches,https://www.watchoutwearables.com/,2021.0,2,2.0,,,0.0,Young,Thane,Maharashtra,,25.0,,,,,,,,,200.0,5.0,4000.0,1,1.0,100.0,10.0,100.0,,1000.0,2.0,,,,,,,,50.0,5.0,50.0,50.0,5.0,50.0,,,,,,,,,,,,,,,,,,1.0,1.0,1.0,1.0,1.0,,,
2,SoupX,2,158,2-Jan-23,10-Mar-23,3-Jan-23,A Bigger Vision,Rahul Dua,Food and Beverage,Soup based meals,https://www.soupx.in/,2021.0,2,2.0,,,0.0,Young,Delhi,Delhi,,,45.0,,,,,,,,75.0,6.0,1250.0,1,1.0,50.0,18.0,25.0,,277.7777778,1.0,,,,,,,,50.0,18.0,25.0,,,,,,,,,,,,,,,,,,,,,1.0,1.0,1.0,1.0,1.0,,,
2,ATMOSPHERE,3,159,2-Jan-23,10-Mar-23,4-Jan-23,Thrilling and Thunderous Pitches,Rahul Dua,Food and Beverage,Varieties of kombucha,https://atmospherestudio.in/,2019.0,2,,2.0,,0.0,Young,Delhi,Delhi,,,,,,,,,,,75.0,3.0,2500.0,1,0.0,,,,,,,,,,,,,,,,,,,,,,,,,,,,,,,,,,,,,1.0,1.0,1.0,1.0,1.0,,,
2,Stage,3,160,2-Jan-23,10-Mar-23,4-Jan-23,Thrilling and Thunderous Pitches,Rahul Dua,Entertainment,Web series and movies in Indian languages,https://www.stage.in/,,3,3.0,,,0.0,Young,"Bhiwani,Barnagar","Haryana,Madhya Pradesh",,,,,,,,,,,300.0,1.0,30000.0,1,1.0,150.0,0.6,150.0,,25000.0,3.0,,,,,50.0,0.2,50.0,,,,,,,50.0,0.2,50.0,50.0,0.2,50.0,,,,,,,,,,,,1.0,1.0,1.0,1.0,1.0,,,
2,Girgit,3,161,2-Jan-23,10-Mar-23,4-Jan-23,Thrilling and Thunderous Pitches,Rahul Dua,Beauty/Fashion,color-changing clothing products,https://www.girgitstore.com/,2022.0,2,1.0,1.0,,1.0,Young,Mumbai,Maharashtra,,,,,,,,,,,20.0,10.0,200.0,1,1.0,20.0,20.0,,,100.0,1.0,,,,,20.0,20.0,,,,,,,,,,,,,,,,,,,,,,,,,1.0,1.0,1.0,1.0,1.0,,,
2,GearHeadMotors,4,162,2-Jan-23,10-Mar-23,5-Jan-23,Ideas Meets Opportunity,Rahul Dua,Vehicles/Electrical Vehicles,Electric vehicles bikes,https://www.ghmev.com/,,2,2.0,,,0.0,Young,Hyderabad,Telangana,,,,,,,,,,,75.0,2.0,3750.0,1,1.0,100.0,6.67,,,1499.250375,2.0,,,,,,,,,,,,,,50.0,3.335,,50.0,3.335,,,,,,,,,,,,,1.0,1.0,1.0,1.0,1.0,,,
2,PatilKaki,4,163,2-Jan-23,10-Mar-23,5-Jan-23,Ideas Meets Opportunity,Rahul Dua,Food and Beverage,Homemade snacks,https://patilkaki.com/,2020.0,3,2.0,1.0,,0.0,Young,Mumbai,Maharashtra,,,,,,,,,,,40.0,2.5,1600.0,1,1.0,40.0,4.0,,,1000.0,2.0,,,,,,,,,,,20.0,2.0,,,,,20.0,2.0,,,,,,,,,,,,,1.0,1.0,1.0,1.0,1.0,,,
2,Brandsdaddy,4,164,2-Jan-23,10-Mar-23,5-Jan-23,Ideas Meets Opportunity,Rahul Dua,Manufacturing,Auto Fire Extinguisher,https://www.brandsdaddy.com/,2013.0,2,1.0,1.0,,1.0,Middle,Mumbai,Maharashtra,,12.0,60.0,,,,,,,,70.0,5.0,1400.0,1,1.0,35.0,5.0,35.0,,700.0,1.0,,,,,35.0,5.0,35.0,,,,,,,,,,,,,,,,,,,,,,,,1.0,1.0,1.0,1.0,1.0,,,
2,Winston,5,165,2-Jan-23,10-Mar-23,6-Jan-23,Investing in the Future of India,Rahul Dua,Beauty/Fashion,Techno beauty products at home,https://winstonindia.com/,,2,1.0,1.0,,1.0,Middle,Faridabad,Haryana,,46.0,,,,,,,,,100.0,4.0,2500.0,1,1.0,100.0,10.0,,,1000.0,2.0,,,,,,,,50.0,5.0,,50.0,5.0,,,,,,,,,,,,,,,,,,,1.0,1.0,1.0,1.0,1.0,,,
2,Flatheads,5,166,2-Jan-23,10-Mar-23,6-Jan-23,Investing in the Future of India,Rahul Dua,Beauty/Fashion,Shoes Sneakers Loafers,https://www.flatheads.in/,2019.0,1,1.0,,,0.0,Middle,Bangalore,Karnataka,,,,,,,,,,,75.0,3.0,2500.0,1,0.0,,,,,,,,,,,,,,,,,,,,,,,,,,,,,,,,,,,,,1.0,1.0,1.0,1.0,1.0,,,
2,OrganicSmokes,5,167,2-Jan-23,10-Mar-23,6-Jan-23,Investing in the Future of India,Rahul Dua,Beauty/Fashion,Organic Cigarettes Cigarillos Smokes,https://www.meaame.com/,,3,3.0,,,0.0,Middle,Delhi,Delhi,,40.0,,,,,,,,,100.0,1.0,10000.0,0,,,,,,,,,,,,,,,,,,,,,,,,,,,,,,,,,,,,,,1.0,1.0,1.0,1.0,1.0,,,
2,TeaFit,6,168,2-Jan-23,10-Mar-23,9-Jan-23,Determined Entrepreneurs,Rahul Dua,Food and Beverage,Refreshing beverages,http://tea.fit/,,3,2.0,1.0,,0.0,Young,Mumbai,Maharashtra,,,,,,,,,,,50.0,3.0,1666.666667,1,1.0,50.0,8.0,,,625.0,4.0,,,,,,,,12.5,2.0,,12.5,2.0,,12.5,2.0,,12.5,2.0,,,,,,,,,,,,,1.0,1.0,1.0,1.0,1.0,,,
2,Haqdarshak,6,169,2-Jan-23,10-Mar-23,9-Jan-23,Determined Entrepreneurs,Rahul Dua,Business Services,Platform to know about welfare schemes for MSMEs,https://haqdarshak.com/,2016.0,2,1.0,1.0,,0.0,Middle,Shimla,Himachal Pradesh,,,,,,,,,,,100.0,0.5,20000.0,1,1.0,100.0,2.0,,,5000.0,3.0,,,,,33.33,0.666,,,,,,,,33.33,0.666,,33.33,0.666,,,,,,,,,,,,,1.0,1.0,1.0,1.0,1.0,,,
2,Bhaskar'sPuranpoliGhar,6,170,2-Jan-23,10-Mar-23,9-Jan-23,Determined Entrepreneurs,Rahul Dua,Food and Beverage,Varieties of Puranpoli snacks,http://bhaskarspuranpolighar.in/,,3,3.0,,,0.0,Middle,Thane,Maharashtra,,,,,,,,,,,75.0,1.0,7500.0,0,,,,,,,,,,,,,,,,,,,,,,,,,,,,,,,,,,,,,,1.0,1.0,1.0,1.0,1.0,,,
2,GunjanAppsStudios,7,171,2-Jan-23,10-Mar-23,10-Jan-23,Shaandar Businesses,Rahul Dua,Technology/Software,CHILDREN'S PLAYFUL LEARNING PARTNER,https://gunjanappstudios.com/,,2,1.0,1.0,,1.0,Middle,Kolkata,West Bengal,2400.0,,,,,,,,,,250.0,1.0,25000.0,0,,,,,,,,,,,,,,,,,,,,,,,,,,,,,,,,,,,,,,1.0,1.0,1.0,1.0,1.0,,,
2,TheSimplySalad,7,172,2-Jan-23,10-Mar-23,10-Jan-23,Shaandar Businesses,Rahul Dua,Food and Beverage,Freshly chopped salads,https://simplysalad.com/,,2,1.0,1.0,,0.0,Young,Ahmedabad,Gujarat,,,,,,,,,,,30.0,10.0,300.0,1,1.0,30.0,10.0,,,300.0,2.0,,,,,,,,15.0,5.0,,,,,15.0,5.0,,,,,,,,,,,,,,,,1.0,1.0,1.0,1.0,1.0,,,
2,AyuSynk,7,173,2-Jan-23,10-Mar-23,10-Jan-23,Shaandar Businesses,Rahul Dua,Medical/Health,Digital Stethoscopes,https://www.ayudevices.com/,2017.0,3,3.0,,,0.0,Middle,Mumbai,Maharashtra,,,,,,,,,,,100.0,1.5,6666.666667,1,1.0,50.0,3.5,50.0,10.0,1428.571429,1.0,,,,,50.0,3.5,50.0,,,,,,,,,,,,,,,,,,,,,,,,1.0,1.0,1.0,1.0,1.0,,,
2,AtypicalAdvantage,8,174,2-Jan-23,10-Mar-23,11-Jan-23,Investment with Intent,Rahul Dua,Technology/Software,Platform for persons with disabilities,https://atypicaladvantage.in/,2020.0,1,1.0,,,0.0,Middle,Jamshedpur,Jharkhand,,,,,,,,,,,30.0,1.0,3000.0,1,1.0,30.0,3.0,,,1000.0,2.0,,,,,15.0,1.5,,,,,,,,15.0,1.5,,,,,,,,,,,,,,,,1.0,1.0,1.0,1.0,1.0,,,
2,HouseOfChikankari,8,175,2-Jan-23,10-Mar-23,11-Jan-23,Investment with Intent,Rahul Dua,Beauty/Fashion,HANDMADE BY ARTISANS OF LUCKNOW,https://www.houseofchikankari.in/,2020.0,2,,2.0,,0.0,Middle,Delhi,Delhi,,,,,,,,,,,75.0,1.0,7500.0,1,1.0,75.0,3.75,,,2000.0,2.0,,,,,,,,,,,,,,37.5,1.875,,37.5,1.875,,,,,,,,,,,,,1.0,1.0,1.0,1.0,1.0,,,
2,MagicOfMemories,8,176,2-Jan-23,10-Mar-23,11-Jan-23,Investment with Intent,Rahul Dua,Beauty/Fashion,DNA Jewllery,https://www.themagicofmemories.com/,2019.0,1,,1.0,,0.0,Middle,Delhi,Delhi,,,,,,,,,,,25.0,5.0,500.0,0,,,,,,,,,,,,,,,,,,,,,,,,,,,,,,,,,,,,,,1.0,1.0,1.0,1.0,1.0,,,
2,Paradyes,9,177,2-Jan-23,10-Mar-23,12-Jan-23,Invest In Lifestyle,Rahul Dua,Beauty/Fashion,Semi Permanent Hair Color,https://www.birdsofparadyes.com/,2020.0,2,1.0,1.0,,1.0,Young,Ahmedabad,Gujarat,350.0,,,,,,,,,,65.0,1.0,6500.0,1,1.0,65.0,2.0,,,3250.0,2.0,,,,,,,,32.5,1.0,,,,,32.5,1.0,,,,,,,,,,,,,,,,1.0,1.0,1.0,1.0,1.0,,,
2,Nestroots,9,178,2-Jan-23,10-Mar-23,12-Jan-23,Invest In Lifestyle,Rahul Dua,Lifestyle/Home,"House of design, aesthetics and elegance",https://www.nestroots.com/,,1,,1.0,,0.0,Middle,Delhi,Delhi,,,,,,,,,,,50.0,1.0,5000.0,1,1.0,50.0,2.0,,,2500.0,1.0,,,,,50.0,2.0,,,,,,,,,,,,,,,,,,,,,,,,,1.0,1.0,1.0,1.0,1.0,,,
2,Zillionaire,10,179,2-Jan-23,10-Mar-23,13-Jan-23,Zillionaire Banne Ki Chah,Rahul Dua,Beauty/Fashion,Unique styles of stones and jewels,https://zillionaireindia.com/,,2,2.0,,,0.0,Young,Jaipur,Rajasthan,100.0,,,,,,,,,,50.0,3.3,1515.151515,1,1.0,100.0,10.0,,,1000.0,1.0,,,,,,,,,,,100.0,10.0,,,,,,,,,,,,,,,,,,,1.0,1.0,1.0,1.0,1.0,,,
2,Credmate,10,180,2-Jan-23,10-Mar-23,13-Jan-23,Zillionaire Banne Ki Chah,Rahul Dua,Technology/Software,Platform for credit score,https://credmate.in/,2020.0,2,2.0,,,0.0,Middle,Ludhiana,Punjab,,130.0,,,,,,,,,50.0,5.0,1000.0,0,,,,,,,,,,,,,,,,,,,,,,,,,,,,,,,,,,,,,,1.0,1.0,1.0,1.0,1.0,,,
2,Freebowler,10,181,2-Jan-23,10-Mar-23,13-Jan-23,Zillionaire Banne Ki Chah,Rahul Dua,Fitness/Sports/Outdoors,Non-Electric & Portable Bowling Machines,https://freebowler.com/,,2,2.0,,,0.0,Middle,Bangalore,Karnataka,,,,,,,,,,,75.0,7.5,1000.0,1,1.0,25.0,7.5,50.0,10.0,333.3333333,1.0,,,,,25.0,7.5,50.0,,,,,,,,,,,,,,,,,,,,,,,,1.0,1.0,1.0,1.0,1.0,,,
2,ABCSports&Fitness,11,182,2-Jan-23,10-Mar-23,16-Jan-23,Investing The Right Way,Rahul Dua,Fitness/Sports/Outdoors,Sports training institute,https://www.abcfitnessfirm.com/,,2,2.0,,,0.0,Middle,Pune,Maharashtra,,,,,,,,,,,40.0,2.0,2000.0,1,1.0,40.0,10.0,,,400.0,1.0,,,,,,,,,,,,,,,,,40.0,10.0,,,,,,,,,,,,,1.0,1.0,1.0,1.0,1.0,,,
2,Primebook,11,183,2-Jan-23,10-Mar-23,16-Jan-23,Investing The Right Way,Rahul Dua,Technology/Software,Android Apps on Windows laptops,https://www.primebook.in/,,4,4.0,,,0.0,Middle,Delhi,Delhi,,,,,,,,,,,75.0,1.5,5000.0,1,1.0,75.0,3.0,,,2500.0,2.0,,,,,,,,,,,,,,37.5,1.5,,37.5,1.5,,,,,,,,,,,,,1.0,1.0,1.0,1.0,1.0,,,
2,DailyDump,11,184,2-Jan-23,10-Mar-23,16-Jan-23,Investing The Right Way,Rahul Dua,Manufacturing,Compost Bins,https://www.dailydump.org/,2006.0,2,1.0,1.0,,0.0,Middle,Bangalore,Karnataka,,,,,,,,,,,80.0,4.0,2000.0,1,1.0,30.0,4.0,50.0,10.0,750.0,1.0,,,,,30.0,4.0,50.0,,,,,,,,,,,,,,,,,,,,,,,,1.0,1.0,1.0,1.0,1.0,,,
2,GharSoaps,12,185,2-Jan-23,10-Mar-23,17-Jan-23,Pitchers Ki Undying Spirit,Rahul Dua,Beauty/Fashion,Pure Organic Soaps,https://www.gharsoaps.shop/,,2,2.0,,,0.0,Middle,Pune,Maharashtra,,,,,,,,,,,60.0,2.0,3000.0,1,1.0,60.0,4.0,,,1500.0,1.0,,,,,,,,,,,,,,60.0,4.0,,,,,,,,,,,,,,,,1.0,,1.0,1.0,1.0,,1.0,
2,Janitri,12,186,2-Jan-23,10-Mar-23,17-Jan-23,Pitchers Ki Undying Spirit,Rahul Dua,Medical/Health,Pregnancy Monitoring systems,https://www.janitri.in/,2021.0,1,1.0,,,0.0,Middle,Alwar,Rajasthan,,,,,,,,,,,100.0,2.5,4000.0,1,1.0,100.0,2.5,,,4000.0,1.0,,,,,100.0,2.5,,,,,,,,,,,,,,,,,,,,,,,,,1.0,,1.0,1.0,1.0,,1.0,
2,JaipurWatchCompany,12,187,2-Jan-23,10-Mar-23,17-Jan-23,Pitchers Ki Undying Spirit,Rahul Dua,Manufacturing,Made in India Imperial Automatic Watches,https://jaipur.watch/,,1,1.0,,,0.0,Middle,Jaipur,Rajasthan,,,75.0,,,,,,,,50.0,2.0,2500.0,0,,,,,,,,,,,,,,,,,,,,,,,,,,,,,,,,,,,,,,1.0,,1.0,1.0,1.0,,1.0,
2,InsideFPV,13,188,2-Jan-23,10-Mar-23,18-Jan-23,Up And Coming Business Ideas,Rahul Dua,Manufacturing,Plug and Fly Drones,https://www.insidefpv.com/,,3,2.0,1.0,,0.0,Young,Surat,Gujarat,,,,,,,,,,,75.0,4.0,1875.0,1,1.0,75.0,15.0,,,500.0,4.0,,,,,18.75,3.75,,,,,,,,18.75,3.75,,18.75,3.75,,,,,18.75,3.75,,,,,,,1.0,,1.0,1.0,1.0,,1.0,
2,Angrakhaa,13,189,2-Jan-23,10-Mar-23,18-Jan-23,Up And Coming Business Ideas,Rahul Dua,Beauty/Fashion,Contemporary Indian clothing,https://www.angrakhaa.com/,2018.0,2,,2.0,,0.0,Young,Delhi,Delhi,,,,,,,,,,,40.0,5.0,800.0,1,1.0,40.0,20.0,,,200.0,1.0,,,,,,,,,,,,,,,,,,,,,,,40.0,20.0,,,,,,,1.0,,1.0,1.0,1.0,,1.0,
2,Diabexy,13,190,2-Jan-23,10-Mar-23,18-Jan-23,Up And Coming Business Ideas,Rahul Dua,Food and Beverage,Diabetes Friendly Food Products,https://diabexy.com/,2016.0,2,1.0,1.0,,1.0,Middle,Gurgaon,Haryana,,100.0,,,,,,,,,150.0,1.0,15000.0,1,0.0,,,,,,,,,,,,,,,,,,,,,,,,,,,,,,,,,,,,,1.0,,1.0,1.0,1.0,,1.0,
2,Kyari,14,191,2-Jan-23,10-Mar-23,19-Jan-23,Investment Worthy Ideas,Rahul Dua,Manufacturing,Smart stick Guardian,https://kyari.in/,2018.0,2,1.0,1.0,,0.0,Young,Ghaziabad,Uttar Pradesh,,10.0,,,,,,,,,51.0,1.0,5100.0,1,1.0,51.0,6.0,,,850.0,2.0,,,,,,,,,,,25.5,3.0,,,,,25.5,3.0,,,,,,,,,,,,,1.0,,1.0,1.0,1.0,,1.0,
2,MoppFoods,14,192,2-Jan-23,10-Mar-23,19-Jan-23,Investment Worthy Ideas,Rahul Dua,Food and Beverage,Mad over Parathas Pakodas,https://moppfoods.com/,,2,1.0,1.0,,1.0,Middle,Delhi,Delhi,,,,,,,,,,,75.0,2.25,3333.333333,1,1.0,75.0,5.0,,,1500.0,1.0,,,,,,,,,,,,,,,,,,,,,,,75.0,5.0,,,,,,,1.0,,1.0,1.0,1.0,,1.0,
2,Econiture,14,193,2-Jan-23,10-Mar-23,19-Jan-23,Investment Worthy Ideas,Rahul Dua,Green/CleanTech,Furniture from plastic waste,https://www.econiture.com/,,4,4.0,,,0.0,Middle,Amaravati,Maharashtra,,,,,,,,,,,50.0,8.0,625.0,0,,,,,,,,,,,,,,,,,,,,,,,,,,,,,,,,,,,,,,1.0,,1.0,1.0,1.0,,1.0,
2,Dobiee,15,194,2-Jan-23,10-Mar-23,20-Jan-23,Changing The Face Of Indian Entrepreneurship,Rahul Dua,Food and Beverage,CANDIES MUSKIEE TOYS,https://www.dobiee.com/,2021.0,2,2.0,,,0.0,Middle,Shinde,Maharashtra,,32.0,23.0,,,,,,,,72.0,2.0,3600.0,1,1.0,72.0,6.5,,,1107.692308,1.0,,,,,,,,,,,,,,,,,,,,,,,72.0,6.5,,,,,,,1.0,,1.0,1.0,1.0,,1.0,
2,FastBeetle,15,195,2-Jan-23,10-Mar-23,20-Jan-23,Changing The Face Of Indian Entrepreneurship,Rahul Dua,Business Services,Local courier and parcel service,https://www.fastbeetle.com/,2019.0,2,2.0,,,0.0,Young,Srinagar,Jammu & Kashmir,,25.0,54.0,,,,,,,,90.0,3.0,3000.0,1,1.0,90.0,7.5,,,1200.0,2.0,,,,,,,,,,,,,,45.0,3.75,,45.0,3.75,,,,,,,,,,,,,1.0,,1.0,1.0,1.0,,1.0,
2,Pflow,15,196,2-Jan-23,10-Mar-23,20-Jan-23,Changing The Face Of Indian Entrepreneurship,Rahul Dua,Medical/Health,Disposable uroflowmetry system,https://tejnaksh.com/our-domains/healthcare-equipment/p-flow/,2021.0,2,1.0,1.0,,1.0,Middle,Dhule,Maharashtra,,,80.0,,,,,,,,60.0,1.0,6000.0,1,1.0,60.0,6.0,,,1000.0,2.0,,,,,30.0,3.0,,,,,,,,,,,,,,,,,30.0,3.0,,,,,,,1.0,,1.0,1.0,1.0,,1.0,
2,VSMani,16,197,2-Jan-23,10-Mar-23,23-Jan-23,Pitchers Ki Taiyyari,Rahul Dua,Food and Beverage,Coffee and snacks,https://vsmani.com/,2020.0,3,3.0,,,0.0,Middle,Bangalore,Karnataka,,63.0,,,,,,,,,60.0,1.5,4000.0,1,1.0,19.0,1.0,41.0,10.0,1900.0,1.0,,,,,19.0,1.0,41.0,,,,,,,,,,,,,,,,,,,,,,,,1.0,,1.0,1.0,1.0,,1.0,
2,Sepal,16,198,2-Jan-23,10-Mar-23,23-Jan-23,Pitchers Ki Taiyyari,Rahul Dua,Manufacturing,Bike Accessories,https://sepal.in/,,2,2.0,,,0.0,Middle,Hyderabad,Telangana,,,37.0,,,,,,,,50.0,1.0,5000.0,1,1.0,50.0,2.0,,,2500.0,1.0,,,,,,,,,,,,,,,,,50.0,2.0,,,,,,,,,,,,,1.0,,1.0,1.0,1.0,,1.0,
2,Solinas,16,199,2-Jan-23,10-Mar-23,23-Jan-23,Pitchers Ki Taiyyari,Rahul Dua,Business Services,"Products organise the management of pipelines,manholes and septic tanks",https://solinas.in/,2020.0,4,3.0,1.0,,0.0,Middle,Chennai,Tamil Nadu,120.0,,,,,,,,,,90.0,2.0,4500.0,1,1.0,90.0,3.0,,,3000.0,2.0,,,,,,,,,,,45.0,1.5,,,,,45.0,1.5,,,,,,,,,,,,,1.0,,1.0,1.0,1.0,,1.0,
2,AvimeeHerbal,17,200,2-Jan-23,10-Mar-23,24-Jan-23,Innovation Hardwork And Diligence,Rahul Dua,Beauty/Fashion,Ayurveda hair skin products,https://avimeeherbal.com/,2021.0,5,3.0,2.0,,1.0,Middle,Surat,Gujarat,,165.0,69.0,,,,,,,,280.0,0.5,56000.0,1,0.0,,,,,,,,,,,,,,,,,,,,,,,,,,,,,,,,,,,,,1.0,,1.0,1.0,1.0,,1.0,
2,eyenic,17,201,2-Jan-23,10-Mar-23,24-Jan-23,Innovation Hardwork And Diligence,Rahul Dua,Beauty/Fashion,Eyewear,https://eyenic.in/,2017.0,2,2.0,,,0.0,Middle,Delhi,Delhi,,15.0,45.0,21.0,,,,,,,75.0,6.0,1250.0,0,,,,,,,,,,,,,,,,,,,,,,,,,,,,,,,,,,,,,,1.0,,1.0,1.0,1.0,,1.0,
2,ekatra,17,202,2-Jan-23,10-Mar-23,24-Jan-23,Innovation Hardwork And Diligence,Rahul Dua,Lifestyle/Home,Handmade paper goods,https://ekatrahandmade.com/,2019.0,2,,2.0,,0.0,Middle,Kota,Rajasthan,,5.0,80.0,28.0,,,,,,,40.0,10.0,400.0,1,1.0,20.0,20.0,20.0,,100.0,2.0,,,,,,,,,,,,,,,,,10.0,10.0,10.0,,,,10.0,10.0,10.0,,,,,,1.0,,1.0,1.0,1.0,,1.0,
2,Raasa,18,203,2-Jan-23,10-Mar-23,25-Jan-23,Business Ideas With Potential,Rahul Dua,Food and Beverage,Food karts,https://raasakarts.com/,2022.0,1,1.0,,,0.0,Middle,Delhi,Delhi,,,,,,,,,,,50.0,5.0,1000.0,1,1.0,50.0,25.0,,,200.0,1.0,,,,,,,,,,,50.0,25.0,,,,,,,,,,,,,,,,,,,1.0,,1.0,1.0,1.0,,1.0,
2,NeoMotion,18,204,2-Jan-23,10-Mar-23,25-Jan-23,Business Ideas With Potential,Rahul Dua,Manufacturing,Wheelchairs,https://www.neomotion.in/,2020.0,3,3.0,,,0.0,Middle,Chennai,Tamil Nadu,470.0,,,,,,,,,,100.0,1.0,10000.0,1,1.0,100.0,1.0,,,10000.0,1.0,,,,,,,,,,,,,,,,,100.0,1.0,,,,,,,,,,,,,1.0,,1.0,1.0,1.0,,1.0,
2,licksters,18,205,2-Jan-23,10-Mar-23,25-Jan-23,Business Ideas With Potential,Rahul Dua,Food and Beverage,Icecreams ice-pops,https://www.licksters.com/,,2,1.0,1.0,,1.0,Middle,Nagpur,Maharashtra,86.0,14.0,,,,,,,,,50.0,5.0,1000.0,1,1.0,25.0,5.0,25.0,,500.0,1.0,,,,,,,,,,,,,,,,,,,,,,,25.0,5.0,25.0,,,,,,1.0,,1.0,1.0,1.0,,1.0,
2,Sayonara,18,206,2-Jan-23,10-Mar-23,25-Jan-23,Business Ideas With Potential,Rahul Dua,Beauty/Fashion,Petticoat,,,1,1.0,,,0.0,Middle,Kolkata,West Bengal,0.0,,,,,,,yes,,,100.0,1.0,10000.0,0,,,,,,,,,,,,,,,,,,,,,,,,,,,,,,,,,,,,,,1.0,,1.0,1.0,1.0,,1.0,
2,PMV,19,207,2-Jan-23,10-Mar-23,26-Jan-23,Building Brands For India,Rahul Dua,Vehicles/Electrical Vehicles,Personal Mobility Vehicle,https://pmvelectric.com/,2018.0,1,1.0,,,0.0,Middle,Mumbai,Maharashtra,0.0,,,,,,,,,,100.0,1.0,10000.0,1,0.0,,,,,,,,,,,,,,,,,,,,,,,,,,,,,,,,,,,,,1.0,1.0,1.0,1.0,1.0,,,
2,SpiceStory,19,208,2-Jan-23,10-Mar-23,26-Jan-23,Building Brands For India,Rahul Dua,Food and Beverage,Indian Sauces Chutneys,https://spice-story.in/,2019.0,3,2.0,1.0,,0.0,Middle,Mumbai,Maharashtra,410.0,57.0,,,,,,,,,70.0,2.0,3500.0,1,1.0,70.0,5.0,,,1400.0,1.0,,,,,70.0,5.0,,,,,,,,,,,,,,,,,,,,,,,,,1.0,1.0,1.0,1.0,1.0,,,
2,Bullspree,19,209,2-Jan-23,10-Mar-23,26-Jan-23,Building Brands For India,Rahul Dua,Technology/Software,App to learn stock market basics,https://bullspree.com/,2020.0,3,3.0,,,0.0,Middle,Ahmedabad,Gujarat,,,,,,,,,,,75.0,1.5,5000.0,1,1.0,75.0,2.86,,,2622.377622,2.0,,,,,,,,,,,,,,37.5,1.43,,37.5,1.43,,,,,,,,,,,,,1.0,1.0,1.0,1.0,1.0,,,
2,Snitch,20,210,2-Jan-23,10-Mar-23,27-Jan-23,Nurturing Indian Entrepreneurs,Rahul Dua,Beauty/Fashion,Menswear,https://www.snitch.co.in/,2020.0,1,1.0,,,0.0,Middle,Bangalore,Karnataka,,,,,,,,,,,150.0,0.5,30000.0,1,1.0,150.0,1.5,,,10000.0,5.0,,,,,30.0,0.3,,30.0,0.3,,30.0,0.3,,30.0,0.3,,30.0,0.3,,,,,,,,,,,,,1.0,1.0,1.0,1.0,1.0,,,
2,Portl,20,211,2-Jan-23,10-Mar-23,27-Jan-23,Nurturing Indian Entrepreneurs,Rahul Dua,Business Services,Portl studio gym,https://portl.co/,2021.0,3,3.0,,,0.0,Middle,Hyderabad,Telangana,,,45.0,,,,,,,,150.0,1.0,15000.0,1,1.0,150.0,2.5,,,6000.0,3.0,,,,,50.0,0.833,,,,,,,,50.0,0.833,,50.0,0.833,,,,,,,,,,,,,1.0,1.0,1.0,1.0,1.0,,,
2,FatToSlim,20,212,2-Jan-23,10-Mar-23,27-Jan-23,Nurturing Indian Entrepreneurs,Rahul Dua,Beauty/Fashion,Diet Plan Weight Loss,http://fattoslimbangalore.com/,2016.0,1,,1.0,,0.0,Middle,Bangalore,Karnataka,,14.0,,,,,,,,,20.0,1.0,2000.0,0,,,,,,,,,,,,,,,,,,,,,,,,,,,,,,,,,,,,,,1.0,1.0,1.0,1.0,1.0,,,
2,CheeseCake&Co.,21,213,2-Jan-23,10-Mar-23,30-Jan-23,Adhbhut Aur Anokhe Entrepreneurs,Rahul Dua,Food and Beverage,Cakes Slices,https://cheesecakeco.in/,2018.0,2,1.0,1.0,,1.0,Middle,Delhi,Delhi,,194.0,,,,,,,,,100.0,2.0,5000.0,1,0.0,,,,,,,,,,,,,,,,,,,,,,,,,,,,,,,,,,,,,1.0,1.0,1.0,1.0,1.0,,,
2,Dabble,21,214,2-Jan-23,10-Mar-23,30-Jan-23,Adhbhut Aur Anokhe Entrepreneurs,Rahul Dua,Manufacturing,Paints Crayons Brushes,https://dabbleplayart.com/,2018.0,2,,2.0,,0.0,Middle,Bangalore,Karnataka,33.0,8.7,75.0,,,,,,,,50.0,10.0,500.0,1,1.0,15.0,10.0,35.0,0.0,150.0,1.0,,,,,,,,,,,,,,15.0,10.0,35.0,,,,,,,,,,,,,,,1.0,1.0,1.0,1.0,1.0,,,
2,CloudTailor,21,215,2-Jan-23,10-Mar-23,30-Jan-23,Adhbhut Aur Anokhe Entrepreneurs,Rahul Dua,Business Services,Custom tailor online,https://www.cloudtailor.com/,2020.0,3,2.0,1.0,,1.0,Middle,"Bangalore,Hyderabad","Karnataka,Telangana",,34.0,,,,,,,,,100.0,1.4,7142.857143,0,,,,,,,,,,,,,,,,,,,,,,,,,,,,,,,,,,,,,,1.0,1.0,1.0,1.0,1.0,,,
2,BeUnic,21,216,2-Jan-23,10-Mar-23,30-Jan-23,Adhbhut Aur Anokhe Entrepreneurs,Rahul Dua,Business Services,Platform for LGBTQ+ creators and entrepreneurs,https://beunic.in/,2019.0,3,1.0,1.0,1.0,0.0,Middle,Noida,Uttar Pradesh,50.0,6.0,,,,,,,,,100.0,10.0,1000.0,1,0.0,,,,,,,,,,,,,,,,,,,,,,,,,,,,,,,,,,,,,1.0,1.0,1.0,1.0,1.0,,,
2,Broomees,22,217,2-Jan-23,10-Mar-23,31-Jan-23,Making Big Businesses,Rahul Dua,Business Services,Helpers homemakers for your home,https://broomees.com/,2020.0,3,2.0,1.0,,0.0,Middle,Delhi,Delhi,,,,,,,,,,,80.0,2.0,4000.0,1,1.0,100.0,3.0,,,3333.333333,3.0,,,,,33.33,1.0,,,,,,,,33.33,1.0,,33.33,1.0,,,,,,,,,,,,,1.0,1.0,1.0,1.0,1.0,,,
2,Ravel,22,218,2-Jan-23,10-Mar-23,31-Jan-23,Making Big Businesses,Rahul Dua,Beauty/Fashion,Custom Hair Products,https://www.ravelcare.com/,2021.0,1,1.0,,,0.0,Middle,Amaravati,Maharashtra,,40.0,,,,,,,,,75.0,2.5,3000.0,1,1.0,75.0,10.0,,,750.0,1.0,,,,,,,,,,,75.0,10.0,,,,,,,,,,,,,,,,,,,1.0,1.0,1.0,1.0,1.0,,,
2,HoneyVeda,22,219,2-Jan-23,10-Mar-23,31-Jan-23,Making Big Businesses,Rahul Dua,Food and Beverage,Honey in natural nutritious form,https://www.honeyveda.in/,,2,2.0,,,0.0,Middle,Ahmedabad,Gujarat,53.0,,20.0,,,,,,,,75.0,7.5,1000.0,1,1.0,50.0,20.0,25.0,12.0,250.0,2.0,,,,,,,,25.0,10.0,12.5,25.0,10.0,12.5,,,,,,,,,,,,,,,,,,1.0,1.0,1.0,1.0,1.0,,,
2,PadCare,23,220,2-Jan-23,10-Mar-23,1-Feb-23,Changing The World,Rahul Dua,Manufacturing,Menstrual hygiene disposal solution,https://www.padcarelabs.com/,2018.0,1,1.0,,,0.0,Young,Pune,Maharashtra,,14.0,,,,,,,,,50.0,2.0,2500.0,1,1.0,100.0,4.0,,,2500.0,4.0,,,,,25.0,1.0,,25.0,1.0,,25.0,1.0,,,,,25.0,1.0,,,,,,,,,,,,,1.0,1.0,1.0,1.0,1.0,,,
2,SwadeshiBlessings,23,221,2-Jan-23,10-Mar-23,1-Feb-23,Changing The World,Rahul Dua,Lifestyle/Home,Clay utensils and cookwares,https://www.swadeshiblessings.in/,2020.0,3,1.0,2.0,,0.0,Middle,Udaipur,Rajasthan,120.0,28.0,60.0,,,,,,,,50.0,5.0,1000.0,1,1.0,25.0,5.0,25.0,12.0,500.0,2.0,,,,,12.5,2.5,12.5,12.5,2.5,12.5,,,,,,,,,,,,,,,,,,,,,1.0,1.0,1.0,1.0,1.0,,,
2,OLL,23,222,2-Jan-23,10-Mar-23,1-Feb-23,Changing The World,Rahul Dua,Technology/Software,Online Live Learning Skill development classes,https://www.oll.co/,,1,1.0,,,0.0,Young,Mumbai,Maharashtra,,,,,,,,,,,30.0,2.0,1500.0,1,1.0,30.0,5.0,,,600.0,2.0,,,,,,,,15.0,2.5,,,,,,,,15.0,2.5,,,,,,,,,,,,,1.0,1.0,1.0,1.0,1.0,,,
2,Febris,23,223,2-Jan-23,10-Mar-23,1-Feb-23,Changing The World,Rahul Dua,Medical/Health,"Scrubs, Lab Coats & Medical Apparel",https://www.febris.in/,2018.0,2,2.0,,,0.0,Middle,Ferozepur,Punjab,110.0,12.0,,20.0,,,,,,,100.0,2.5,4000.0,0,,,,,,,,,,,,,,,,,,,,,,,,,,,,,,,,,,,,,,1.0,1.0,1.0,1.0,1.0,,,
2,Geeani,24,224,2-Jan-23,10-Mar-23,2-Feb-23,India Ke Incredible Entrepreneurs,Rahul Dua,Vehicles/Electrical Vehicles,Smallest EV tractor,,2022.0,3,2.0,1.0,,0.0,Middle,Ahmedabad,Gujarat,,,,,,,,,,,75.0,7.5,1000.0,1,1.0,100.0,10.0,,,1000.0,3.0,,,,,,,,33.33,3.33,,33.33,3.33,,33.33,3.33,,,,,,,,,,,,,,,,1.0,1.0,1.0,1.0,,,1.0,
2,Amore,24,225,2-Jan-23,10-Mar-23,2-Feb-23,India Ke Incredible Entrepreneurs,Rahul Dua,Food and Beverage,Gelato Ice Cream Online,https://www.amoregelato.com/,,2,2.0,,,0.0,Middle,"Hyderabad,Mumbai","Telangana,Maharashtra",,,,,,,,,,,75.0,4.0,1875.0,1,1.0,75.0,7.5,,,1000.0,1.0,yes,,,,,,,,,,75.0,7.5,,,,,,,,,,,,,,,,,,,1.0,1.0,1.0,1.0,,,1.0,
2,LeafyAffair,24,226,2-Jan-23,10-Mar-23,2-Feb-23,India Ke Incredible Entrepreneurs,Rahul Dua,Beauty/Fashion,Botanical Jewellery,https://leafyaffair.com/,,1,1.0,,,0.0,Middle,Bangalore,Karnataka,110.0,21.0,80.0,,,,,,,,50.0,2.5,2000.0,0,,,,,,,,,,,,,,,,,,,,,,,,,,,,,,,,,,,,,,1.0,1.0,1.0,1.0,,,1.0,
2,ScrapUncle,25,227,2-Jan-23,10-Mar-23,3-Feb-23,Badhta India,Rahul Dua,Green/CleanTech,Sell scrap recyclables online,https://scrapuncle.com/,2020.0,1,1.0,,,0.0,Young,Delhi,Delhi,600.0,,25.0,,,,,,,,60.0,3.0,2000.0,1,1.0,60.0,5.0,,,1200.0,1.0,,,,,,,,,,,,,,,,,,,,,,,60.0,5.0,,,,,,,1.0,1.0,1.0,1.0,,,1.0,
2,SharmaJiKiAata,25,228,2-Jan-23,10-Mar-23,3-Feb-23,Badhta India,Rahul Dua,Food and Beverage,Freshly milled atta,https://sharmajikaaata.com/,2019.0,2,1.0,1.0,,0.0,Middle,Pune,Maharashtra,,,63.0,38.0,,,,,,,40.0,10.0,400.0,1,1.0,40.0,20.0,,,200.0,1.0,,,,,,,,,,,40.0,20.0,,,,,,,,,,,,,,,,,,,1.0,1.0,1.0,1.0,,,1.0,
2,Manetain,25,229,2-Jan-23,10-Mar-23,3-Feb-23,Badhta India,Rahul Dua,Beauty/Fashion,Curly Hair Care Products,https://manetain.in/,,2,,2.0,,0.0,Young,"Kochi,Mumbai","Kerala,Maharashtra",100.0,12.0,60.0,,,,,,,,75.0,2.5,3000.0,1,1.0,75.0,10.0,,,750.0,1.0,,,,,,,,,,,,,,75.0,10.0,,,,,,,,,,,,,,,,1.0,1.0,1.0,1.0,,,1.0,
2,GavinParis,26,230,2-Jan-23,10-Mar-23,6-Feb-23,Bharat Badal Raha Hai,Rahul Dua,Beauty/Fashion,Gender-Neutral Fashion,https://www.gavinparis.com/,2022.0,2,2.0,,,0.0,Young,Kolkata,West Bengal,114.0,,60.0,,,,,,,,50.0,5.0,1000.0,1,0.0,,,,,,,,,,,,,,,,,,,,,,,,,,,,,,,,,,,,,1.0,1.0,1.0,1.0,,,1.0,
2,UnStop,26,231,2-Jan-23,10-Mar-23,6-Feb-23,Bharat Badal Raha Hai,Rahul Dua,Technology/Software,Connecting talent colleges recruiters,https://unstop.com/,2022.0,1,1.0,,,0.0,Middle,Delhi,Delhi,1600.0,,90.0,,,,,,,,100.0,1.0,10000.0,1,1.0,200.0,4.0,,,5000.0,4.0,,,,,50.0,1.0,,,,,50.0,1.0,,50.0,1.0,,,,,,,,50.0,1.0,,,,,,,1.0,1.0,1.0,1.0,,,1.0,
2,BlueTea,26,232,2-Jan-23,10-Mar-23,6-Feb-23,Bharat Badal Raha Hai,Rahul Dua,Food and Beverage,Ayurvedic Herbal Tea,https://bluetea.co.in/,2018.0,2,2.0,,,0.0,Middle,"Faridabad,Kolkata","Haryana,West Bengal",1000.0,,,19.0,,,,,,,75.0,1.0,7500.0,1,1.0,50.0,3.0,25.0,12.0,1666.666667,1.0,,,,,,,,,,,,,,50.0,3.0,25.0,,,,,,,,,,,,,,,1.0,1.0,1.0,1.0,,,1.0,
2,TheGreenSnack,27,233,2-Jan-23,10-Mar-23,7-Feb-23,Nayi Soch Naye Vichaar,Rahul Dua,Food and Beverage,Healthy Snacks Online,https://thegreensnackco.com/,2017.0,2,1.0,1.0,,1.0,Middle,Mumbai,Maharashtra,,25.0,,,,,,,,,100.0,2.0,5000.0,1,1.0,100.0,8.0,,,1250.0,1.0,,,,,,,,100.0,8.0,,,,,,,,,,,,,,,,,,,,,,1.0,1.0,1.0,1.0,,,1.0,
2,HobbyIndia,27,234,2-Jan-23,10-Mar-23,7-Feb-23,Nayi Soch Naye Vichaar,Rahul Dua,Lifestyle/Home,Online Art & Craft Store,https://hobbyindia.store/,,3,1.0,2.0,,1.0,Young,Surat,Gujarat,117.0,,,,,,,,,,50.0,3.0,1666.666667,1,0.0,,,,,,,,,,,,,,,,,,,,,,,,,,,,,,,,,,,,,1.0,1.0,1.0,1.0,,,1.0,
2,Flhexible,27,235,2-Jan-23,10-Mar-23,7-Feb-23,Nayi Soch Naye Vichaar,Rahul Dua,Lifestyle/Home,Composite paper honeycomb panels,https://www.flhexible.com/,2019.0,2,1.0,1.0,,1.0,Middle,Jaipur,Rajasthan,16.0,3.5,40.0,25.0,,,,,,,50.0,7.5,666.6666667,0,,,,,,,,,,,,,,,,,,,,,,,,,,,,,,,,,,,,,,1.0,1.0,1.0,1.0,,,1.0,
2,UpThrust,27,236,2-Jan-23,10-Mar-23,7-Feb-23,Nayi Soch Naye Vichaar,Rahul Dua,Fitness/Sports/Outdoors,ESPORTS AND GAMING ORGANISATION,https://www.upthrustesports.com/,2020.0,2,2.0,,,0.0,Young,Mumbai,Maharashtra,300.0,33.0,,30.0,,,,,,,75.0,3.0,2500.0,0,,,,,,,,,,,,,,,,,,,,,,,,,,,,,,,,,,,,,,1.0,1.0,1.0,1.0,,,1.0,
2,Zoff,28,237,2-Jan-23,10-Mar-23,8-Feb-23,Game Changers,Rahul Dua,Food and Beverage,Cool Grind Technology Indian Spices,https://zofffoods.com/,2018.0,2,2.0,,,0.0,Middle,Raipur,Chhattisgarh,,700.0,,,,,,,,,100.0,0.5,20000.0,1,1.0,100.0,1.25,,,8000.0,1.0,,,,,,,,,,,,,,100.0,1.25,,,,,,,,,,,,,,,,1.0,1.0,1.0,1.0,,,1.0,
2,DesiToys,28,238,2-Jan-23,10-Mar-23,8-Feb-23,Game Changers,Rahul Dua,Manufacturing,Indian Traditional Toys and Indoor Games,https://www.desitoys.in/,2017.0,1,,1.0,,0.0,Middle,Mumbai,Maharashtra,115.0,20.0,50.0,18.0,,,,,,,50.0,3.0,1666.666667,1,0.0,,,,,,,,,,,,,,,,,,,,,,,,,,,,,,,,,,,,,1.0,1.0,1.0,1.0,,,1.0,
2,CloudWorx,28,239,2-Jan-23,10-Mar-23,8-Feb-23,Game Changers,Rahul Dua,Technology/Software,NoCode Enterprise Metaverse App Builder,http://www.cloudworx.ai/,2019.0,1,1.0,,,0.0,Middle,Bangalore,Karnataka,,14.0,,,,,,,,,40.0,2.0,2000.0,1,1.0,40.0,3.2,,,1250.0,2.0,yes,,,,20.0,1.6,,,,,20.0,1.6,,,,,,,,,,,,,,,,,,,1.0,1.0,1.0,1.0,,,1.0,
2,Mahantam,29,240,2-Jan-23,10-Mar-23,9-Feb-23,Pulse Of The Country,Rahul Dua,Manufacturing,Tea Glass Washing Machine,https://mahantam.co.in/,2018.0,2,2.0,,,0.0,Young,Banaskantha,Gujarat,,,,,,,,,,,30.0,10.0,300.0,1,1.0,30.0,20.0,,,150.0,5.0,,,,,6.0,4.0,,6.0,4.0,,6.0,4.0,,6.0,4.0,,6.0,4.0,,,,,,,,,,,,,1.0,1.0,1.0,1.0,1.0,,,
2,MindPeers,29,241,2-Jan-23,10-Mar-23,9-Feb-23,Pulse Of The Country,Rahul Dua,Medical/Health,For Mental Strength,https://www.mindpeers.co/,2020.0,2,1.0,1.0,,0.0,Middle,Delhi,Delhi,,,,,,,,,,,53.0,1.0,5300.0,1,1.0,106.0,2.0,,,5300.0,4.0,,,,,17.66,0.33,,17.66,0.33,,,,,17.66,0.33,,53.0,1.0,,,,,,,,,,,,,1.0,1.0,1.0,1.0,1.0,,,
2,Barosi,29,242,2-Jan-23,10-Mar-23,9-Feb-23,Pulse Of The Country,Rahul Dua,Food and Beverage,Fresh & pure milk products,https://www.barosi.in/,2016.0,1,1.0,,,0.0,Middle,Pataudi,Haryana,,42.0,40.0,,,,,,,,50.0,2.0,2500.0,0,,,,,,,,,,,,,,,,,,,,,,,,,,,,,,,,,,,,,,1.0,1.0,1.0,1.0,1.0,,,
2,Daryaganj,30,243,2-Jan-23,10-Mar-23,10-Feb-23,Changing India,Rahul Dua,Food and Beverage,North Indian Cuisine restaurant,https://daryaganj.com/,2019.0,3,3.0,,,0.0,Middle,Delhi,Delhi,,300.0,,,,,,,,,90.0,0.5,18000.0,1,1.0,90.0,1.0,,,9000.0,1.0,yes,,,,,,,,,,,,,90.0,1.0,,,,,,,,,,,,,,,,1.0,1.0,1.0,1.0,1.0,,,
2,DhruvVidyut,30,244,2-Jan-23,10-Mar-23,10-Feb-23,Changing India,Rahul Dua,Vehicles/Electrical Vehicles,Invention converts cycle into an electric cycle,https://www.instagram.com/dhruvvidyutdv/?hl=en,2022.0,1,1.0,,,0.0,Middle,Delhi,Delhi,,,,,,,,,,,0.0,0.5,0.0,1,1.0,0.0,0.5,,,0.0,3.0,yes,,,,,,,,,,0.0,0.166,,0.0,0.166,,0.0,0.166,,,,,,,,,,,,,1.0,1.0,1.0,1.0,1.0,,,
2,CELLBELL,30,245,2-Jan-23,10-Mar-23,10-Feb-23,Changing India,Rahul Dua,Lifestyle/Home,Gaming Office Chairs,https://cellbell.in/,2019.0,3,3.0,,,0.0,Middle,Ulhasnagar,Maharashtra,,400.0,52.0,,,,,,,,90.0,1.5,6000.0,0,,,,,,,,,,,,,,,,,,,,,,,,,,,,,,,,,,,,,,1.0,1.0,1.0,1.0,1.0,,,
2,Tipayi,31,246,2-Jan-23,10-Mar-23,13-Feb-23,Innovations And Investments,Rahul Dua,Manufacturing,Balance Bike for Kids,https://www.vamshycle.com/,2019.0,1,1.0,,,0.0,Young,Pune,Maharashtra,21.0,0.5,35.0,26.0,,,,yes,,,50.0,10.0,500.0,1,0.0,,,,,,,,,,,,,,,,,,,,,,,,,,,,,,,,,,,,,1.0,1.0,1.0,1.0,1.0,,,
2,DigiQure,31,247,2-Jan-23,10-Mar-23,13-Feb-23,Innovations And Investments,Rahul Dua,Medical/Health,Book Doctors Appointments Video Consultation,https://digiqure.com/,2018.0,2,2.0,,,0.0,Middle,Bhopal,Madhya Pradesh,,,,,,,,,,,40.0,4.0,1000.0,1,1.0,40.0,10.0,,,400.0,1.0,,,,,40.0,10.0,,,,,,,,,,,,,,,,,,,,,,,,,1.0,1.0,1.0,1.0,1.0,,,
2,Nirmalaya,31,248,2-Jan-23,10-Mar-23,13-Feb-23,Innovations And Investments,Rahul Dua,Manufacturing,Incense products made from temple flowers,https://nirmalaya.com/,2020.0,3,2.0,1.0,,1.0,Middle,Delhi,Delhi,,80.0,,,,,,,,,60.0,1.5,4000.0,0,,,,,,,,,,,,,,,,,,,,,,,,,,,,,,,,,,,,,,1.0,1.0,1.0,1.0,1.0,,,
2,Pabiben,32,249,2-Jan-23,10-Mar-23,14-Feb-23,Pitch Perfect,Rahul Dua,Beauty/Fashion,Handcrafted products sold directly by artisans,https://www.pabiben.com/,,2,1.0,1.0,,0.0,Middle,Ahmedabad,Gujarat,,,50.0,35.0,,,,,,,50.0,5.0,1000.0,1,1.0,10.0,5.0,40.0,0.0,200.0,1.0,,,,,10.0,5.0,40.0,,,,,,,,,,,,,,,,,,,,,,,,1.0,1.0,1.0,1.0,1.0,,,
2,Homestrap,32,250,2-Jan-23,10-Mar-23,14-Feb-23,Pitch Perfect,Rahul Dua,Lifestyle/Home,Collection of organizer for home and travelling,https://www.homestrap.com/,,2,1.0,1.0,,1.0,Middle,Indore,Madhya Pradesh,,,55.0,,,,,,,,70.0,1.0,7000.0,1,1.0,50.0,7.0,20.0,10.0,714.2857143,1.0,,,,,,,,,,,50.0,7.0,20.0,,,,,,,,,,,,,,,,,,1.0,1.0,1.0,1.0,1.0,,,
2,uBreathe,32,251,2-Jan-23,10-Mar-23,14-Feb-23,Pitch Perfect,Rahul Dua,Manufacturing,Smart Natural Air Purifier,https://www.ubreathe.in/,,2,2.0,,,0.0,Middle,Gurgaon,Haryana,,,,,,,,,,,150.0,7.5,2000.0,1,1.0,50.0,5.0,100.0,10.0,1000.0,1.0,,,,,50.0,5.0,100.0,,,,,,,,,,,,,,,,,,,,,,,,1.0,1.0,1.0,1.0,1.0,,,
2,Deyor,32,252,2-Jan-23,10-Mar-23,14-Feb-23,Pitch Perfect,Rahul Dua,Technology/Software,Chatbot integrated experiential travel website,https://www.deyorcamps.com/,2016.0,2,2.0,,,0.0,Middle,Gurgaon,Haryana,,,25.0,5.0,,,,,,,100.0,1.0,10000.0,0,,,,,,,,,,,,,,,,,,,,,,,,,,,,,,,,,,,,,,1.0,1.0,1.0,1.0,1.0,,,
2,iMumz,33,253,2-Jan-23,10-Mar-23,15-Feb-23,Growing With India,Rahul Dua,Medical/Health,Transforming pregnancy and parenting with app,https://www.imumz.com/,2020.0,3,2.0,1.0,,0.0,Middle,Bangalore,Karnataka,,,,,,,,,,,70.0,1.0,7000.0,1,1.0,10.0,1.0,60.0,10.0,1000.0,1.0,,,,,,,,,,,,,,,,,10.0,1.0,60.0,,,,,,,,,,,,1.0,1.0,1.0,1.0,1.0,,,
2,TheHealthyBinge,33,254,2-Jan-23,10-Mar-23,15-Feb-23,Growing With India,Rahul Dua,Food and Beverage,Assorted Pack Baked Chips,https://www.healthybinge.co.in/,,2,2.0,,,0.0,Middle,Pune,Maharashtra,,11.0,,,,,,,,,50.0,5.0,1000.0,1,1.0,50.0,5.0,,,1000.0,2.0,,,,,,,,,,,,,,25.0,2.5,,25.0,2.5,,,,,,,,,,,,,1.0,1.0,1.0,1.0,1.0,,,
2,Freakins,33,255,2-Jan-23,10-Mar-23,15-Feb-23,Growing With India,Rahul Dua,Beauty/Fashion,Fashionable Denim Apparel,https://freakins.com/,2021.0,2,2.0,,,0.0,Middle,Mumbai,Maharashtra,,,63.0,,,,,,,,70.0,1.0,7000.0,1,1.0,50.0,2.5,20.0,12.0,2000.0,1.0,yes,,,,,,,50.0,2.5,20.0,,,,,,,,,,,,,,,,,,,,,1.0,1.0,1.0,1.0,1.0,,,
2,Perfora,34,256,2-Jan-23,10-Mar-23,16-Feb-23,Growing Ideas Into Successful Businesses,Rahul Dua,Lifestyle/Home,Toothpaste Electric Toothbrush,https://perforacare.com/,2021.0,2,2.0,,,0.0,Young,"Ballarpur,Karnal","Haryana,Maharashtra",,,57.0,,,,,,,,80.0,1.0,8000.0,1,1.0,80.0,2.5,,,3200.0,3.0,,,,,26.66,0.833,,26.66,0.833,,,,,,,,26.66,0.833,,,,,,,,,,,,,1.0,1.0,1.0,1.0,1.0,,,
2,MidNightAngelsByPC,34,257,2-Jan-23,10-Mar-23,16-Feb-23,Growing Ideas Into Successful Businesses,Rahul Dua,Beauty/Fashion,Lounge & Travel wear,https://midnightangelsbypc.com/,2017.0,2,,2.0,,0.0,Middle,Gurgaon,Haryana,180.0,,83.0,20.0,,,,,,,75.0,6.0,1250.0,1,0.0,,,,,,,,,,,,,,,,,,,,,,,,,,,,,,,,,,,,,1.0,1.0,1.0,1.0,1.0,,,
2,CureSee,34,258,2-Jan-23,10-Mar-23,16-Feb-23,Growing Ideas Into Successful Businesses,Rahul Dua,Medical/Health,Artificial Intelligence (AI) based vision therapy,https://curesee.com/,2019.0,3,3.0,,,0.0,Middle,Gurgaon,Haryana,0.0,264.0,,,,,,,,,40.0,5.0,800.0,1,1.0,50.0,10.0,,,500.0,1.0,,,,,,,,,,,,,,,,,50.0,10.0,,,,,,,,,,,,,1.0,1.0,1.0,1.0,1.0,,,
2,MeduLance,35,259,2-Jan-23,10-Mar-23,17-Feb-23,Business Ideas Ka Pitara,Rahul Dua,Medical/Health,One-stop solution for all healthcare needs,https://medulance.com/,2017.0,2,2.0,,,0.0,Middle,Delhi,Delhi,240.0,,,24.0,,,,,,,200.0,1.0,20000.0,1,1.0,200.0,2.0,,,10000.0,3.0,,,,,66.66,0.666,,,,,,,,66.66,0.666,,66.66,0.666,,,,,,,,,,,,,1.0,,1.0,1.0,1.0,,1.0,
2,Cakelicious,35,260,2-Jan-23,10-Mar-23,17-Feb-23,Business Ideas Ka Pitara,Rahul Dua,Food and Beverage,Cakes Online,,2020.0,2,,2.0,,0.0,Middle,Kolkata,West Bengal,,3.0,60.0,40.0,,,,,,,25.0,5.0,500.0,1,1.0,25.0,20.0,,,125.0,1.0,,,,,,,,,,,,,,,,,,,,,,,25.0,20.0,,,,,,,1.0,,1.0,1.0,1.0,,1.0,
2,Bowled.io,35,261,2-Jan-23,10-Mar-23,17-Feb-23,Business Ideas Ka Pitara,Rahul Dua,Fitness/Sports/Outdoors,Play-to-Earn Social Gaming Platform,https://www.bowled.io/,2021.0,2,2.0,,,0.0,Middle,Mumbai,Maharashtra,,,,,,,,,,,80.0,1.0,8000.0,0,,,,,,,,,,,,,,,,,,,,,,,,,,,,,,,,,,,,,,1.0,,1.0,1.0,1.0,,1.0,
2,Toyshine,35,262,2-Jan-23,10-Mar-23,17-Feb-23,Business Ideas Ka Pitara,Rahul Dua,Manufacturing,Collection of Toys,https://toyshine.in/,2015.0,1,1.0,,,0.0,Middle,Jalandhar,Punjab,4500.0,450.0,,15.0,,,,,,,125.0,0.5,25000.0,0,,,,,,,,,,,,,,,,,,,,,,,,,,,,,,,,,,,,,,1.0,,1.0,1.0,1.0,,1.0,
2,neuphony,36,263,2-Jan-23,10-Mar-23,20-Feb-23,Anokhe Pitchers Ke Anokhe Ideas,Rahul Dua,Medical/Health,Wearable EEG Headband,https://neuphony.com/,2022.0,2,1.0,1.0,,1.0,Young,Noida,Uttar Pradesh,,,,,,,,,,,100.0,2.0,5000.0,1,1.0,100.0,5.4,,,1851.851852,2.0,,,,,,,,,,,,,,50.0,2.7,,50.0,2.7,,,,,,,,,,,,,1.0,1.0,1.0,1.0,1.0,,,
2,Amrutam,36,264,2-Jan-23,10-Mar-23,20-Feb-23,Anokhe Pitchers Ke Anokhe Ideas,Rahul Dua,Food and Beverage,Ayurvedic Lifestyle products,https://amrutam.co.in/,2017.0,3,2.0,1.0,,0.0,Middle,Gwalior,Madhya Pradesh,110.0,,,,,,,,,,50.0,2.0,2500.0,0,,,,,,,,,,,,,,,,,,,,,,,,,,,,,,,,,,,,,,1.0,1.0,1.0,1.0,1.0,,,
2,HoloKitab,36,265,2-Jan-23,10-Mar-23,20-Feb-23,Anokhe Pitchers Ke Anokhe Ideas,Rahul Dua,Technology/Software,Augmented Reality content for books,https://www.holokitab.in/,2020.0,2,2.0,,,0.0,Middle,Jalandhar,Punjab,0.0,,,,,,,,,,45.0,10.0,450.0,1,1.0,45.0,25.0,,,180.0,1.0,yes,,,,45.0,25.0,,,,,,,,,,,,,,,,,,,,,,,,,1.0,1.0,1.0,1.0,1.0,,,
2,Zoe,37,266,2-Jan-23,10-Mar-23,21-Feb-23,Bharat Ka Kal,Rahul Dua,Food and Beverage,Nutrition For Life. Shop health & wellness products,https://www.zoe.menu/,2015.0,2,1.0,1.0,,1.0,Middle,Gurgaon,Haryana,120.0,,,,,,,,,,75.0,5.0,1500.0,0,,,,,,,,,,,,,,,,,,,,,,,,,,,,,,,,,,,,,,1.0,,1.0,1.0,1.0,,1.0,
2,Hornback,37,267,2-Jan-23,10-Mar-23,21-Feb-23,Bharat Ka Kal,Rahul Dua,Vehicles/Electrical Vehicles,Diamond frame folding bicycles,https://hornback.bike/,2022.0,2,2.0,,,0.0,Middle,Hyderabad,Telangana,,,,,,,,yes,,,50.0,1.0,5000.0,1,1.0,50.0,2.5,,,2000.0,1.0,yes,,,,,,,,,,,,,,,,,,,,,,50.0,2.5,,,,,,,1.0,,1.0,1.0,1.0,,1.0,
2,Malaki,37,268,2-Jan-23,10-Mar-23,21-Feb-23,Bharat Ka Kal,Rahul Dua,Food and Beverage,Non-Alcoholic Beverages,https://malaki.in/,2018.0,2,2.0,,,0.0,Middle,Mumbai,Maharashtra,270.0,42.0,56.0,13.0,,,,,,,50.0,1.0,5000.0,1,1.0,50.0,3.0,,,1666.666667,2.0,,,,,,,,,,,,,,25.0,1.5,,25.0,1.5,,,,,,,,,,,,,1.0,,1.0,1.0,1.0,,1.0,
2,nanoclean,37,269,2-Jan-23,10-Mar-23,21-Feb-23,Bharat Ka Kal,Rahul Dua,Manufacturing,Contamination Control Solutions,https://nanoclean.store/,2017.0,1,1.0,,,0.0,Middle,Bikaner,Rajasthan,110.0,5.0,,,,,,yes,,,80.0,2.0,4000.0,0,,,,,,,,,,,,,,,,,,,,,,,,,,,,,,,,,,,,,,1.0,,1.0,1.0,1.0,,1.0,
2,DesmondJi,38,270,2-Jan-23,10-Mar-23,22-Feb-23,Innovation And Imagination,Rahul Dua,Liquor/Alcohol,"Spirits, Liqueurs & Cocktail Blends",http://www.desmondji.com,2007.0,2,2.0,,,0.0,Middle,Goa,Goa,1200.0,125.0,,,,,,,,,100.0,1.0,10000.0,0,,,,,,,,,,,,,,,,,,,,,,,,,,,,,,,,,,,,,,1.0,,1.0,1.0,1.0,,1.0,
2,Cremeitalia,38,271,2-Jan-23,10-Mar-23,22-Feb-23,Innovation And Imagination,Rahul Dua,Food and Beverage,Fresh Italian Cheese Products,https://cremeitalia.com/,2018.0,1,1.0,,,0.0,Middle,Mumbai,Maharashtra,,62.0,,,,,,,,,90.0,1.5,6000.0,0,,,,,,,,,,,,,,,,,,,,,,,,,,,,,,,,,,,,,,1.0,,1.0,1.0,1.0,,1.0,
2,nawgati,38,272,2-Jan-23,10-Mar-23,22-Feb-23,Innovation And Imagination,Rahul Dua,Business Services,Congestion Management for Fuel Stations,https://www.nawgati.com/,2019.0,3,3.0,,,0.0,Young,Noida,Uttar Pradesh,,,,,,,,,,,67.0,2.0,3350.0,1,1.0,67.0,3.0,,,2233.333333,2.0,,,,,,,,,,,,,,33.5,1.5,,,,,,,,33.5,1.5,,,,,,,1.0,,1.0,1.0,1.0,,1.0,
2,Swytchd,38,273,2-Jan-23,10-Mar-23,22-Feb-23,Innovation And Imagination,Rahul Dua,Vehicles/Electrical Vehicles,All-inclusive Electric Vehicle Subscription,https://swytchd.com/,2021.0,1,1.0,,,0.0,Middle,Bangalore,Karnataka,,,,,,,,,,,50.0,3.0,1666.666667,0,,,,,,,,,,,,,,,,,,,,,,,,,,,,,,,,,,,,,,1.0,,1.0,1.0,1.0,,1.0,
2,GladFul,39,274,2-Jan-23,10-Mar-23,23-Feb-23,Revolutionary Ideas And Successful Businesses,Rahul Dua,Food and Beverage,Natural High Protein Rich & Healthy Foods,https://gladful.in/,2022.0,2,1.0,1.0,,0.0,Middle,Jaipur,Rajasthan,,24.0,,,,,,,,,50.0,2.0,2500.0,1,1.0,50.0,3.5,,,1428.571429,3.0,,,,,16.66,1.1666,,,,,,,,16.66,1.1666,,,,,,,,16.66,1.1666,,,,,,,1.0,,1.0,1.0,1.0,,1.0,
2,Pharmallama,39,275,2-Jan-23,10-Mar-23,23-Feb-23,Revolutionary Ideas And Successful Businesses,Rahul Dua,Medical/Health,Simplified pharmacy,https://pharmallama.com/,2022.0,3,3.0,,,0.0,Middle,Bangalore,Karnataka,,24.0,,,,,,,,,100.0,1.5,6666.666667,1,1.0,200.0,5.0,,,4000.0,5.0,,,,,40.0,1.0,,,,,40.0,1.0,,40.0,1.0,,40.0,1.0,,,,,40.0,1.0,,,,,,,1.0,,1.0,1.0,1.0,,1.0,
2,CraveRajaFoods,39,276,2-Jan-23,10-Mar-23,23-Feb-23,Revolutionary Ideas And Successful Businesses,Rahul Dua,Food and Beverage,Cloud-kitchen service,https://craverajafoods.com/,2020.0,2,2.0,,,0.0,Middle,Kolkata,West Bengal,256.0,20.0,70.0,3.0,,,,,,,65.0,3.0,2166.666667,0,,,,,,,,,,,,,,,,,,,,,,,,,,,,,,,,,,,,,,1.0,,1.0,1.0,1.0,,1.0,
2,VAPerfume,39,277,2-Jan-23,10-Mar-23,23-Feb-23,Revolutionary Ideas And Successful Businesses,Rahul Dua,Lifestyle/Home,"Devotional, meditational, and romantic incense",http://www.vaperfume.com/,2022.0,1,1.0,,,0.0,Middle,Mumbai,Maharashtra,,,56.0,35.0,,,,,,,100.0,10.0,1000.0,0,,,,,,,,,,,,,,,,,,,,,,,,,,,,,,,,,,,,,,1.0,,1.0,1.0,1.0,,1.0,
2,Hood,40,278,2-Jan-23,10-Mar-23,24-Feb-23,Creating Valuable Businesses,Rahul Dua,Technology/Software,Pseudonymous social network,https://www.hood.live/,2022.0,3,3.0,,,0.0,Middle,Gurgaon,Haryana,0.0,,,,,,,,,,120.0,0.2,60000.0,1,1.0,60.0,0.54,60.0,12.0,11111.11111,2.0,,,,,,,,,,,,,,30.0,0.27,30.0,30.0,0.27,30.0,,,,,,,,,,,,1.0,,1.0,1.0,1.0,,1.0,
2,TwistingScoops,40,279,2-Jan-23,10-Mar-23,24-Feb-23,Creating Valuable Businesses,Rahul Dua,Food and Beverage,Authentic turkish ice cream,https://twistingscoops.com/,2015.0,2,2.0,,,0.0,Young,Delhi,Delhi,,,,40.0,,,,,,,100.0,2.5,4000.0,1,0.0,,,,,,,,,,,,,,,,,,,,,,,,,,,,,,,,,,,,,1.0,,1.0,1.0,1.0,,1.0,
2,GROWiT,40,280,2-Jan-23,10-Mar-23,24-Feb-23,Creating Valuable Businesses,Rahul Dua,Agriculture,Protective farming products,https://thegrowit.com/,2020.0,2,2.0,,,0.0,Middle,Surat,Gujarat,,,22.0,,,,,,,,100.0,1.0,10000.0,1,1.0,50.0,1.0,50.0,10.0,5000.0,2.0,,,,,25.0,0.5,25.0,,,,,,,,,,25.0,0.5,25.0,,,,,,,,,,,,1.0,,1.0,1.0,1.0,,1.0,
2,Makino,41,281,2-Jan-23,10-Mar-23,27-Feb-23,Out Of The Box Business Ideas,Rahul Dua,Food and Beverage,Nachos & Nuts,https://makino-new.myshopify.com/,2018.0,4,4.0,,,0.0,Young,Himmatnagar,Gujarat,,2.5,40.0,,,,,,,,200.0,2.0,10000.0,0,,,,,,,,,,,,,,,,,,,,,,,,,,,,,,,,,,,,,,1.0,1.0,1.0,1.0,1.0,,,
2,Trunome,41,282,2-Jan-23,10-Mar-23,27-Feb-23,Out Of The Box Business Ideas,Rahul Dua,Medical/Health,Post Transplant Care,https://acrannolife.com/,,2,2.0,,,0.0,Middle,Chennai,Tamil Nadu,,,,,,,,yes,,,150.0,1.0,15000.0,1,1.0,150.0,2.0,,,7500.0,4.0,,,,,,,,37.5,0.5,,37.5,0.5,,37.5,0.5,,37.5,0.5,,,,,,,,,,,,,1.0,1.0,1.0,1.0,1.0,,,
2,Wol3D,41,283,2-Jan-23,10-Mar-23,27-Feb-23,Out Of The Box Business Ideas,Rahul Dua,Manufacturing,3D printing technology,https://worldoflilliputs.com/,2016.0,4,2.0,2.0,,1.0,Middle,Mumbai,Maharashtra,,,30.0,,,,,,,,150.0,1.0,15000.0,1,1.0,80.0,2.0,70.0,,4000.0,1.0,,,,,,,,,,,,,,80.0,2.0,70.0,,,,,,,,,,,,,,,1.0,1.0,1.0,1.0,1.0,,,
2,What'sUpWellness,41,284,2-Jan-23,10-Mar-23,27-Feb-23,Out Of The Box Business Ideas,Rahul Dua,Food and Beverage,Wellness in the form of quick bites,https://whatsupwellness.in/,2020.0,2,1.0,1.0,,0.0,Middle,Kolkata,West Bengal,,30.0,,,,,,,,,50.0,3.0,1666.666667,1,1.0,60.0,4.76,,,1260.504202,3.0,,,,,,,,20.0,1.586,,20.0,1.586,,20.0,1.586,,,,,,,,,,,,,,,,1.0,1.0,1.0,1.0,1.0,,,
2,ProostBeer,42,285,2-Jan-23,10-Mar-23,28-Feb-23,Building Businesses From Scratch,Rahul Dua,Food and Beverage,Freshly brewed beer,https://www.proost69.com/,2018.0,2,2.0,,,0.0,Middle,Delhi,Delhi,,,,,,,,,,,100.0,0.75,13333.33333,0,,,,,,,,,,,,,,,,,,,,,,,,,,,,,,,,,,,,,,1.0,,1.0,1.0,1.0,,1.0,
2,DrCubes,42,286,2-Jan-23,10-Mar-23,28-Feb-23,Building Businesses From Scratch,Rahul Dua,Food and Beverage,Frozen Fresh cubes,https://drcubes.in/,2017.0,2,2.0,,,0.0,Middle,Bangalore,Karnataka,75.0,,45.0,35.0,,,,,,,80.0,15.0,533.3333333,0,,,,,,,,,,,,,,,,,,,,,,,,,,,,,,,,,,,,,,1.0,,1.0,1.0,1.0,,1.0,
2,MetroRide,42,287,2-Jan-23,10-Mar-23,28-Feb-23,Building Businesses From Scratch,Rahul Dua,Vehicles/Electrical Vehicles,Metro Shuttle Service Access Transportation,https://metroride.in/,2020.0,2,2.0,,,0.0,Middle,Bangalore,Karnataka,54.0,25.0,,,,,,,,,75.0,1.0,7500.0,0,,,,,,,,,,,,,,,,,,,,,,,,,,,,,,,,,,,,,,1.0,,1.0,1.0,1.0,,1.0,
2,Conker,42,288,2-Jan-23,10-Mar-23,28-Feb-23,Building Businesses From Scratch,Rahul Dua,Technology/Software,Skill Based Learning Online Courses,https://learn.conkerworld.com/,2022.0,1,1.0,,,0.0,Middle,Bangalore,Karnataka,120.0,22.0,50.0,8.0,,,,,,,40.0,1.0,4000.0,0,,,,,,,,,,,,,,,,,,,,,,,,,,,,,,,,,,,,,,1.0,,1.0,1.0,1.0,,1.0,
2,WTF,43,289,2-Jan-23,10-Mar-23,1-Mar-23,Creating Value Through Ideas,Rahul Dua,Food and Beverage,Where's The Food,,,1,1.0,,,0.0,Middle,Kolkata,West Bengal,,,,,,,,,,,75.0,5.0,1500.0,0,,,,,,,,,,,,,,,,,,,,,,,,,,,,,,,,,,,,,,1.0,,1.0,1.0,1.0,,1.0,
2,funngro,43,290,2-Jan-23,10-Mar-23,1-Mar-23,Creating Value Through Ideas,Rahul Dua,Technology/Software,Smart Teens work with Smart companies,https://www.funngro.com/,2021.0,3,1.0,2.0,,1.0,Middle,Mumbai,Maharashtra,,,,,,,,,,,50.0,1.25,4000.0,1,1.0,50.0,4.16,,,1201.923077,2.0,,,,,25.0,2.08,,,,,,,,,,,,,,,,,25.0,2.08,,,,,,,1.0,,1.0,1.0,1.0,,1.0,
2,Aadvik,43,291,2-Jan-23,10-Mar-23,1-Mar-23,Creating Value Through Ideas,Rahul Dua,Food and Beverage,Buy Camel & Goat Milk,https://aadvikfoods.com/,2015.0,2,2.0,,,0.0,Middle,Delhi,Delhi,720.0,50.0,,,,,,,,,60.0,1.5,4000.0,1,1.0,15.0,1.5,45.0,12.0,1000.0,1.0,,,,,,,,,,,,,,,,,,,,,,,15.0,1.5,45.0,,,,,,1.0,,1.0,1.0,1.0,,1.0,
2,oyehappy,43,292,2-Jan-23,10-Mar-23,1-Mar-23,Creating Value Through Ideas,Rahul Dua,Business Services,"Unique Gifts, Customized Gifts, Romantic Gifts, Thoughtful Gifts",https://www.oyehappy.com/,2015.0,2,2.0,,,0.0,Middle,Hyderabad,Telangana,1005.0,80.0,80.0,,,,,,,,50.0,1.0,5000.0,0,,,,,,,,,,,,,,,,,,,,,,,,,,,,,,,,,,,,,,1.0,,1.0,1.0,1.0,,1.0,
2,HealthyMaster,44,293,2-Jan-23,10-Mar-23,2-Mar-23,Entrepreneurship Ka Junoon,Rahul Dua,Food and Beverage,"Online Dry Fruits, Snacks, Berries, Chips",https://healthymaster.in/,2019.0,3,1.0,2.0,,1.0,Middle,Bangalore,Karnataka,,20.0,45.0,,,,,,,,50.0,2.0,2500.0,1,1.0,50.0,6.5,,,769.2307692,1.0,,,,,,,,50.0,6.5,,,,,,,,,,,,,,,,,,,,,,1.0,1.0,1.0,1.0,1.0,,,
2,Kitsons,44,294,2-Jan-23,10-Mar-23,2-Mar-23,Entrepreneurship Ka Junoon,Rahul Dua,Lifestyle/Home,"Stationery, Art & Craft, Books & Toy Retail Space",https://kitsons.in/,2010.0,3,3.0,,,0.0,Middle,Hyderabad,Telangana,,,,,,,,,,,1000.0,10.0,10000.0,0,,,,,,,,,,,,,,,,,,,,,,,,,,,,,,,,,,,,,,1.0,1.0,1.0,1.0,1.0,,,
2,LondonBubble,44,295,2-Jan-23,10-Mar-23,2-Mar-23,Entrepreneurship Ka Junoon,Rahul Dua,Food and Beverage,Waffle Chips Online,https://londonbubbleco.com/,2017.0,2,2.0,,,0.0,Middle,Mumbai,Maharashtra,,,,,,,,,,,75.0,5.0,1500.0,1,1.0,75.0,15.0,,,500.0,1.0,,,,,75.0,15.0,,,,,,,,,,,,,,,,,,,,,,,,,1.0,1.0,1.0,1.0,1.0,,,
2,WaggyZone,44,296,2-Jan-23,10-Mar-23,2-Mar-23,Entrepreneurship Ka Junoon,Rahul Dua,Animal/Pets,"Ice Cream Treat for Dogs, Puppies and Cats",https://waggyzone.com/,2019.0,1,,1.0,,0.0,Middle,Mumbai,Maharashtra,0.0,1.0,60.0,,,,,,,,50.0,5.0,1000.0,0,,,,,,,,,,,,,,,,,,,,,,,,,,,,,,,,,,,,,,1.0,1.0,1.0,1.0,1.0,,,
2,NutriCook,45,297,2-Jan-23,10-Mar-23,3-Mar-23,True Meaning Of Entrepreneurship,Rahul Dua,Food and Beverage,"Smart Pots, Air Fryers, Air Fryer Oven",https://www.nutricookindia.com/,2019.0,2,1.0,1.0,,0.0,Middle,"Bangalore,Punganur","Karnataka,Andhra Pradesh",13.0,,,,,,,,,,100.0,2.0,5000.0,1,1.0,50.0,10.0,50.0,12.0,500.0,1.0,,,,,,,,50.0,10.0,50.0,,,,,,,,,,,,,,,,,,,,,1.0,1.0,1.0,1.0,1.0,,,
2,Subhag,45,298,2-Jan-23,10-Mar-23,3-Mar-23,True Meaning Of Entrepreneurship,Rahul Dua,Medical/Health,Health-tech IUI Treatment Procedure for Infertility,https://subhag.in/,2018.0,3,3.0,,,0.0,Middle,"Jhumri Telaiya,Raipur","Jharkhand,Chhattisgarh",,0.0,,,,,,yes,,,50.0,1.0,5000.0,1,1.0,20.0,1.0,30.0,10.0,2000.0,1.0,,,,,20.0,1.0,30.0,,,,,,,,,,,,,,,,,,,,,,,,1.0,1.0,1.0,1.0,1.0,,,
2,SinghStyled,45,299,2-Jan-23,10-Mar-23,3-Mar-23,True Meaning Of Entrepreneurship,Rahul Dua,Beauty/Fashion,Sikh Gentleman to maintain their Guru-gifted identity,https://www.singhstyled.com/,2019.0,2,2.0,,,0.0,Middle,Mumbai,Maharashtra,,7.5,,,,,,,,,50.0,5.0,1000.0,1,1.0,50.0,10.0,,,500.0,1.0,yes,,,,,,,,,,,,,,,,50.0,10.0,,,,,,,,,,,,,1.0,1.0,1.0,1.0,1.0,,,
2,ZSportsTech,46,300,2-Jan-23,10-Mar-23,6-Mar-23,Different Colours Of Entrepreneurship,Rahul Dua,Fitness/Sports/Outdoors,Cricket Sport Shop,https://www.zsportstech.com/,2019.0,2,2.0,,,0.0,Middle,Mumbai,Maharashtra,31.0,,,,,,,,,,60.0,2.0,3000.0,0,,,,,,,,,,,,,,,,,,,,,,,,,,,,,,,,,,,,,,1.0,1.0,1.0,1.0,1.0,,,
2,ThePlatedProject,46,301,2-Jan-23,10-Mar-23,6-Mar-23,Different Colours Of Entrepreneurship,Rahul Dua,Business Services,Decor Plates & Dinnerware,https://www.theplatedproject.com/,2019.0,1,1.0,,,0.0,Middle,Mumbai,Maharashtra,,,,,,,,,,,75.0,2.0,3750.0,1,1.0,75.0,3.75,,,2000.0,3.0,,,,,25.0,1.25,,25.0,1.25,,,,,25.0,1.25,,,,,,,,,,,,,,,,1.0,1.0,1.0,1.0,1.0,,,
2,VsnapU,46,302,2-Jan-23,10-Mar-23,6-Mar-23,Different Colours Of Entrepreneurship,Rahul Dua,Business Services,Professional Photography service,https://www.vsnapu.com/,2017.0,4,4.0,,,0.0,Middle,Goa,Goa,,15.0,,,,,,,,,50.0,1.5,3333.333333,0,,,,,,,,,,,,,,,,,,,,,,,,,,,,,,,,,,,,,,1.0,1.0,1.0,1.0,1.0,,,
2,TheHealthyFactory,46,303,2-Jan-23,10-Mar-23,6-Mar-23,Different Colours Of Entrepreneurship,Rahul Dua,Food and Beverage,Protein bread,https://www.thehealthfactory.in/,2018.0,2,2.0,,,0.0,Young,Mumbai,Maharashtra,,,56.0,,,,,,,,75.0,2.1,3571.428571,0,,,,,,,,,,,,,,,,,,,,,,,,,,,,,,,,,,,,,,1.0,1.0,1.0,1.0,1.0,,,
2,Brevistay,47,304,2-Jan-23,10-Mar-23,7-Mar-23,Tunnel Se Tank Tak Ka Safar,Rahul Dua,Business Services,Booking hotels for hours,https://www.brevistay.com/,2016.0,5,5.0,,,0.0,Young,"Dehradun,Nainital,Lucknow","Uttarakhand,Uttar Pradesh",,42.0,,,,,,,,,100.0,1.66,6024.096386,0,,,,,,,,,,,,,,,,,,,,,,,,,,,,,,,,,,,,,,1.0,1.0,1.0,1.0,,,1.0,
2,SoulUp,47,305,2-Jan-23,10-Mar-23,7-Mar-23,Tunnel Se Tank Tak Ka Safar,Rahul Dua,Business Services,Real Conversations Real People,https://www.soulup.in/,2022.0,2,,2.0,,0.0,Middle,Bangalore,Karnataka,,,,,,,,,,,50.0,3.0,1666.666667,1,1.0,50.0,5.0,,,1000.0,1.0,,,,,50.0,5.0,,,,,,,,,,,,,,,,,,,,,,,,,1.0,1.0,1.0,1.0,,,1.0,
2,TheBigBookBoxChapterOneBooks,47,306,2-Jan-23,10-Mar-23,7-Mar-23,Tunnel Se Tank Tak Ka Safar,Rahul Dua,Lifestyle/Home,New paperback and hardcover books,https://www.thebigbookbox.com/,2017.0,2,1.0,1.0,,0.0,Middle,Gopalganj,Bihar,140.0,,,,,,,,,,50.0,8.0,625.0,0,,,,,,,,,,,,,,,,,,,,,,,,,,,,,,,,,,,,,,1.0,1.0,1.0,1.0,,,1.0,
2,Rubans,48,307,2-Jan-23,10-Mar-23,8-Mar-23,"Pitchers, Investments And Businesses",Rahul Dua,Beauty/Fashion,Artificial Jewellery Set Online,https://www.rubans.in/,2014.0,2,1.0,1.0,,1.0,Middle,Bangalore,Karnataka,5100.0,,,,,,,,,,150.0,0.5,30000.0,1,1.0,100.0,1.0,50.0,12.0,10000.0,3.0,,,,,33.33,0.333,16.66,33.33,0.333,16.66,,,,33.33,0.333,16.66,,,,,,,,,,,,,,,1.0,1.0,1.0,1.0,1.0,,1.0,
2,SameNotification,48,308,2-Jan-23,10-Mar-23,8-Mar-23,"Pitchers, Investments And Businesses",Rahul Dua,Technology/Software,parental monitoring app,https://samenotification.com/,2022.0,1,1.0,,,0.0,Middle,"Ahmedabad,Mirzapur","Gujarat,Uttar Pradesh",,,,,,,,,,,25.0,15.0,166.6666667,0,,,,,,,,,,,,,,,,,,,,,,,,,,,,,,,,,,,,,,1.0,1.0,1.0,1.0,1.0,,1.0,
2,BottomLineSprays,48,309,2-Jan-23,10-Mar-23,8-Mar-23,"Pitchers, Investments And Businesses",Rahul Dua,Lifestyle/Home,portable jet spray,https://bottomlinesprays.com/,2019.0,2,1.0,1.0,,1.0,Middle,Ahmedabad,Gujarat,,2.0,,,,,,,,,35.0,5.0,700.0,0,,,,,,,,,,,,,,,,,,,,,,,,,,,,,,,,,,,,,,1.0,1.0,1.0,1.0,1.0,,1.0,
2,LilGoodness,48,310,2-Jan-23,10-Mar-23,8-Mar-23,"Pitchers, Investments And Businesses",Rahul Dua,Food and Beverage,Healthy Snacks,https://lilgoodness.com/,2020.0,2,2.0,,,0.0,Middle,Bangalore,Karnataka,,145.0,65.0,,,,,,,,100.0,1.0,10000.0,1,1.0,50.0,1.0,50.0,10.0,5000.0,1.0,,,,,,,,,,,,,,,,,50.0,1.0,50.0,,,,,,,,,,,,1.0,1.0,1.0,1.0,1.0,,1.0,
2,ForeverModest,49,311,2-Jan-23,10-Mar-23,9-Mar-23,Businesses Adding Value To Society,Rahul Dua,Beauty/Fashion,premium Muslim women's clothing,https://forevermodest.shop/,2021.0,1,,1.0,,0.0,Young,Aurangabad,Maharashtra,,4.2,,,,,,,,,20.0,10.0,200.0,1,1.0,20.0,20.0,,,100.0,4.0,,,,,5.0,5.0,,5.0,5.0,,5.0,5.0,,,,,,,,,,,5.0,5.0,,,,,,,1.0,1.0,1.0,1.0,1.0,,1.0,
2,Sahayatha,49,312,2-Jan-23,10-Mar-23,9-Mar-23,Businesses Adding Value To Society,Rahul Dua,Medical/Health,smart wheelchair with an assistive cleansing device,https://dhanvantribiomedical.com/,2022.0,1,,1.0,,0.0,Young,Coimbatore,Tamil Nadu,,,,,,,,yes,,,100.0,10.0,1000.0,1,1.0,100.0,10.0,,,1000.0,5.0,,,,,20.0,2.0,,,,,20.0,2.0,,20.0,2.0,,20.0,2.0,,,,,20.0,2.0,,,,,,,1.0,1.0,1.0,1.0,1.0,,1.0,
2,WickedGud,49,313,2-Jan-23,10-Mar-23,9-Mar-23,Businesses Adding Value To Society,Rahul Dua,Food and Beverage,High Protein & Fiber Gluten Free Vegan food,https://wickedgud.com/,2021.0,3,3.0,,,0.0,Middle,Mumbai,Maharashtra,,,,,,,,,,,50.0,1.0,5000.0,0,,,,,,,,,,,,,,,,,,,,,,,,,,,,,,,,,,,,,,1.0,1.0,1.0,1.0,1.0,,1.0,
2,maisha,49,314,2-Jan-23,10-Mar-23,9-Mar-23,Businesses Adding Value To Society,Rahul Dua,Beauty/Fashion,Handmade Cotton & Jacquard Bags,https://maishalifestyle.com/,2018.0,3,2.0,1.0,,0.0,Middle,Ahmedabad,Gujarat,,,,,,,,,,,75.0,3.0,2500.0,1,1.0,10.0,1.0,65.0,18.0,1000.0,1.0,,,,,,,,,,,,,,,,,,,,,,,10.0,1.0,65.0,,,,,,1.0,1.0,1.0,1.0,1.0,,1.0,
2,NishHair,50,315,2-Jan-23,10-Mar-23,10-Mar-23,Season Finale With The Sharks,Rahul Dua,Beauty/Fashion,100% Human Hair Extensions,https://nishhair.com/,2017.0,1,,1.0,,0.0,Middle,Mumbai,Maharashtra,670.0,80.0,,30.0,,,,,,,100.0,2.0,5000.0,1,1.0,100.0,2.0,,,5000.0,1.0,,,,,,,,,,,,,,,,,,,,,,,100.0,2.0,,,,,,,1.0,1.0,1.0,1.0,1.0,,1.0,
2,MYBYK,50,316,2-Jan-23,10-Mar-23,10-Mar-23,Season Finale With The Sharks,Rahul Dua,Vehicles/Electrical Vehicles,IoT-enabled bikes,https://mybyk.in/,2014.0,1,1.0,,,0.0,Middle,Ahmedabad,Gujarat,,,,,,,,,,,200.0,1.0,20000.0,0,,,,,,,,,,,,,,,,,,,,,,,,,,,,,,,,,,,,,,1.0,1.0,1.0,1.0,1.0,,1.0,
2,GODESi,51,317,2-Jan-23,10-Mar-23,10-Mar-23,Gateway To Shark Tank India,Rahul Dua,Food and Beverage,Handmade lollipops,https://godesi.in/,2016.0,2,1.0,1.0,,0.0,Middle,Bangalore,Karnataka,,270.0,,,,,,,,,90.0,0.5,18000.0,1,0.0,,,,,,,,,,,,,,,,,,,,,,,,,,,,,,,,,,,,Vikas D Nahar,1.0,1.0,,1.0,,,1.0,1.0
2,TAC,51,318,2-Jan-23,10-Mar-23,10-Mar-23,Gateway To Shark Tank India,Rahul Dua,Beauty/Fashion,"ayurveda co for glowing skin, makeup & open pores",https://theayurvedaco.com/,2013.0,2,1.0,1.0,,1.0,Middle,Mumbai,Maharashtra,,,,,,,,,,,150.0,0.5,30000.0,1,1.0,81.0,1.0,69.0,12.0,8100.0,2.0,,,,,,,,,,,,,,40.5,0.5,34.5,,,,,,,,,,40.5,0.5,34.5,Vikas D Nahar,Vikas D Nahar,1.0,1.0,,1.0,,,1.0,1.0
2,Naara-Aaba,51,319,2-Jan-23,10-Mar-23,10-Mar-23,Gateway To Shark Tank India,Rahul Dua,Liquor/Alcohol,pears and plum wine,https://www.naaraaaba.com/,2017.0,2,1.0,1.0,,1.0,Middle,Ziro,Arunachal Pradesh,,,50.0,18.0,,,,,,,75.0,2.5,3000.0,1,1.0,50.0,5.0,25.0,10.0,1000.0,2.0,,,,,,,,25.0,2.5,12.5,,,,,,,,,,,,,,,,25.0,2.5,12.5,Vikas D Nahar,Vikas D Nahar,1.0,1.0,,1.0,,,1.0,1.0
2,StyloBug,51,320,2-Jan-23,10-Mar-23,10-Mar-23,Gateway To Shark Tank India,Rahul Dua,Beauty/Fashion,Girls Dresses Online,https://stylobug.com/,2017.0,2,1.0,1.0,,0.0,Middle,Delhi,Delhi,1400.0,46.0,,18.0,,,,,,,80.0,2.0,4000.0,1,1.0,80.0,10.0,,,800.0,1.0,,,,,,,,,,,,,,,,,,,,,,,80.0,10.0,,,,,,Vikas D Nahar,1.0,1.0,,1.0,,,1.0,1.0
2,ZenOnco,0,321,2-Jan-23,10-Mar-23,,Unseen,Rahul Dua,Medical/Health,saving lives from cancer,https://zenonco.io/,2019.0,2,1.0,1.0,,0.0,Middle,Jodhpur,Rajasthan,,21.0,,,,,,,,,100.0,1.0,10000.0,1,0.0,,,,,,,,,,,,,,,,,,,,,,,,,,,,,,,,,,,,Vikas D Nahar,1.0,1.0,,1.0,,,1.0,1.0
3,HonestHome,1,322,22-Jan-24,31-Mar-24,22-Jan-24,Bigger Better and Smarter,Rahul Dua,Green/CleanTech,Eco friendly products,https://honesthome.in/,2019.0,1,1.0,,,0.0,Middle,Dhampur,Uttar Pradesh,1400.0,142.0,,5.0,,,,,,,100.0,2.0,5000.0,1,1.0,100.0,3.0,,,3333.333333,1.0,,1.0,150.0,,,,,,,,,,,,,,,,,,,,100.0,3.0,,,,,,,1.0,1.0,1.0,1.0,,,1.0,
3,AdilQadri,1,323,22-Jan-24,31-Mar-24,22-Jan-24,Bigger Better and Smarter,Rahul Dua,Beauty/Fashion,Perfumes and Attar,https://www.adilqadri.com/,2020.0,1,1.0,,,0.0,Young,Bilimora,Gujarat,2070.0,600.0,70.0,,,,,,,,100.0,0.5,20000.0,1,1.0,100.0,1.0,,,10000.0,1.0,,1.0,100.0,,,,,100.0,1.0,,,,,,,,,,,,,,,,,,,,,,1.0,1.0,1.0,1.0,,,1.0,
3,ConsciousChemist,1,324,22-Jan-24,31-Mar-24,22-Jan-24,Bigger Better and Smarter,Rahul Dua,Beauty/Fashion,Skincare Products,https://consciouschemist.com/,2020.0,2,2.0,,,0.0,Middle,Jaipur,Rajasthan,450.0,85.0,,,,,,,,,60.0,2.0,3000.0,0,,,,,,,,,,,,,,,,,,,,,,,,,,,,,,,,,,,,,,1.0,1.0,1.0,1.0,,,1.0,
3,TheCinnamonKitchen,2,325,22-Jan-24,31-Mar-24,23-Jan-24,An Entrepreneurial Showcase,Rahul Dua,Food and Beverage,Plant-based healthy snacks,https://cinnamon.kitchen/,2019.0,1,,1.0,,0.0,Middle,Chandigarh,Punjab,82.0,,,,,,,,,,60.0,2.0,3000.0,1,1.0,60.0,5.0,,,1200.0,1.0,,,,,,,,,,,,,,60.0,5.0,,,,,,,,,,,,,,,Deepinder Goyal,1.0,1.0,1.0,1.0,,,,1.0
3,WtfGyms,2,326,22-Jan-24,31-Mar-24,23-Jan-24,An Entrepreneurial Showcase,Rahul Dua,Business Services,Gyms service,https://wtfup.me/,2021.0,2,1.0,1.0,,1.0,Middle,Noida,Uttar Pradesh,,65.0,,,,,,,,,100.0,2.0,5000.0,0,,,,,,,,,,,,,,,,,,,,,,,,,,,,,,,,,,,,,Deepinder Goyal,1.0,1.0,1.0,1.0,,,,1.0
3,Intervue,2,327,22-Jan-24,31-Mar-24,23-Jan-24,An Entrepreneurial Showcase,Rahul Dua,Technology/Software,Conducts technical interviews online,https://www.intervue.io/,2020.0,2,2.0,,,0.0,Young,"Ludhiana,Ghaziabad","Punjab,Uttar Pradesh",870.0,,,,,,,,,,150.0,1.0,15000.0,1,1.0,150.0,2.0,,,7500.0,1.0,,,,,,,,,,,,,,150.0,2.0,,,,,,,,,,,,,,,Deepinder Goyal,1.0,1.0,1.0,1.0,,,,1.0
3,RodBez,3,328,22-Jan-24,31-Mar-24,24-Jan-24,Quest For Investment,Rahul Dua,Vehicles/Electrical Vehicles,Taxi-service for Bihar,https://rodbez.in/,2022.0,2,2.0,,,0.0,Middle,Saharsa,Bihar,,6.0,,,,,,,,,50.0,5.0,1000.0,1,1.0,20.0,5.0,30.0,12.0,400.0,2.0,,,,,,,,10.0,2.5,15.0,,,,,,,,,,10.0,2.5,15.0,,,,,,,,,,1.0,1.0,1.0,1.0,1.0,,
3,Blix,3,329,22-Jan-24,31-Mar-24,24-Jan-24,Quest For Investment,Rahul Dua,Technology/Software,Robotics toys,https://blix.in/,2021.0,1,1.0,,,0.0,Middle,Mumbai,Maharashtra,400.0,36.0,50.0,,,,,,,,80.0,2.0,4000.0,1,1.0,80.0,4.0,,,2000.0,2.0,,,,,,,,,,,,,,40.0,2.0,,,,,40.0,2.0,,,,,,,,,,,1.0,1.0,1.0,1.0,1.0,,
3,Homversity,3,330,22-Jan-24,31-Mar-24,24-Jan-24,Quest For Investment,Rahul Dua,Technology/Software,Digital student housing app,https://www.homversity.com/,2022.0,1,1.0,,,0.0,Young,Ahmedabad,Gujarat,,100.0,,,,,,,,,65.0,2.0,3250.0,0,,,,,,,,,,,,,,,,,,,,,,,,,,,,,,,,,,,,,,,1.0,1.0,1.0,1.0,1.0,,
3,TURMS,4,331,22-Jan-24,31-Mar-24,25-Jan-24,Smart Solutions For A Smarter India,Rahul Dua,Beauty/Fashion,Intelligent Clothing,https://urturms.com/,2022.0,1,1.0,,,0.0,Old,Bangalore,Karnataka,70.0,86.0,,,,,,,,,120.0,2.0,6000.0,1,1.0,120.0,4.0,,,3000.0,1.0,,,,,,,,,,,,,,,,,,,,,,,,,,120.0,4.0,,Azhar Iqubal,Azhar Iqubal,,1.0,1.0,1.0,1.0,,,1.0
3,mintree,4,332,22-Jan-24,31-Mar-24,25-Jan-24,Smart Solutions For A Smarter India,Rahul Dua,Beauty/Fashion,Skincare products,https://mintree.us/,2018.0,1,,1.0,,0.0,Middle,Nagpur,Maharashtra,900.0,,,,,,,,,,90.0,1.0,9000.0,1,1.0,90.0,1.5,,,6000.0,2.0,,,,,,,,,,,,,,,,,45.0,0.75,,,,,,,,45.0,0.75,,Azhar Iqubal,Azhar Iqubal,,1.0,1.0,1.0,1.0,,,1.0
3,80Wash,4,333,22-Jan-24,31-Mar-24,25-Jan-24,Smart Solutions For A Smarter India,Rahul Dua,Manufacturing,Waterless washing machine,https://80wash.com/,2021.0,3,3.0,,,0.0,Middle,Chandigarh,Punjab,,,,,,,,yes,,,100.0,2.5,4000.0,0,,,,,,,,,,,,,,,,,,,,,,,,,,,,,,,,,,,,,Azhar Iqubal,,1.0,1.0,1.0,1.0,,,1.0
3,DilFoods,5,334,22-Jan-24,31-Mar-24,26-Jan-24,Innovative Ventures Vie For Sharks' Favour,Rahul Dua,Food and Beverage,Virtual restaurant service,https://dilfoods.in/,2022.0,1,,1.0,,0.0,Middle,Ranchi,Jharkhand,700.0,,,,,,,,,,50.0,0.5,10000.0,1,1.0,200.0,2.67,,,7490.636704,4.0,,,,,,,,50.0,0.667,,,,,,,,50.0,0.667,,50.0,0.6675,,,,,50.0,0.6675,,Radhika Gupta,Radhika Gupta,,1.0,,1.0,1.0,1.0,,1.0
3,AIKavach/Panoplia,5,335,22-Jan-24,31-Mar-24,26-Jan-24,Innovative Ventures Vie For Sharks' Favour,Rahul Dua,Technology/Software,Online security app,https://kavach.co.in/,2023.0,1,,1.0,,0.0,Middle,Hyderabad,Telangana,,,,,,,,yes,,,50.0,1.25,4000.0,1,1.0,100.0,2.5,,,4000.0,2.0,yes,,,2.5,,,,,,,,,,50.0,1.25,,50.0,1.25,,,,,,,,,,,,Radhika Gupta,,1.0,,1.0,1.0,1.0,,1.0
3,Bartisans,5,336,22-Jan-24,31-Mar-24,26-Jan-24,Innovative Ventures Vie For Sharks' Favour,Rahul Dua,Liquor/Alcohol,Cocktail Mocktail mixers,https://www.bartisans.in/,2021.0,2,1.0,1.0,,0.0,Middle,Mumbai,Maharashtra,143.0,35.0,70.0,,,,,,,,100.0,2.5,4000.0,1,0.0,,,,,,,,,,,,,,,,,,,,,,,,,,,,,,,,,,,,Radhika Gupta,,1.0,,1.0,1.0,1.0,,1.0
3,Aretto,6,337,22-Jan-24,31-Mar-24,29-Jan-24,Nurturing The Spirit Of Entrepreneurship,Rahul Dua,Manufacturing,Expandable Shoes For Kids,https://wearetto.com/,2020.0,1,1.0,,,0.0,Middle,Pune,Maharashtra,700.0,60.0,57.0,,,,5.0,yes,,,80.0,1.0,8000.0,0,,,,,,,,,,,,,,,,,,,,,,,,,,,,,,,,,,,,,,1.0,1.0,1.0,1.0,1.0,,,
3,Kalakaram,6,338,22-Jan-24,31-Mar-24,29-Jan-24,Nurturing The Spirit Of Entrepreneurship,Rahul Dua,Manufacturing,"Unique, creative and exciting DIY kits for all ages",https://kalakaram.com/,2022.0,1,1.0,,,0.0,Middle,Gurgaon,Haryana,500.0,50.0,,23.0,,,,,,,50.0,2.5,2000.0,1,1.0,60.0,6.0,,,,3.0,,,,,20.0,2.0,,,,,20.0,2.0,,,,,20.0,2.0,,,,,,,,,,,,,1.0,1.0,1.0,1.0,1.0,,,
3,NabhiSutra,6,339,22-Jan-24,31-Mar-24,29-Jan-24,Nurturing The Spirit Of Entrepreneurship,Rahul Dua,Beauty/Fashion,Navel Ayurvedic Oils Online,https://nabhisutra.com/,2019.0,2,1.0,1.0,,0.0,Middle,Vadodara,Gujarat,450.0,50.0,,8.0,,,,,,,60.0,3.0,2000.0,0,,,,,,,,,,,,,,,,,,,,,,,,,,,,,,,,,,,,,,1.0,1.0,1.0,1.0,1.0,,,
3,Zorko,7,340,22-Jan-24,31-Mar-24,30-Jan-24,Diverse Ventures Compete For Sharks' Attention,Rahul Dua,Food and Beverage,Quick service restaurant,https://zorko.in/,2021.0,2,2.0,,,0.0,Young,Surat,Gujarat,3000.0,240.0,40.0,20.0,,,,,,,150.0,1.0,15000.0,1,0.0,,,,,,,,,,,,,,,,,,,,,,,,,,,,,,,,,,,,,,1.0,1.0,1.0,1.0,1.0,,
3,Tramboo,7,341,22-Jan-24,31-Mar-24,30-Jan-24,Diverse Ventures Compete For Sharks' Attention,Rahul Dua,Fitness/Sports/Outdoors,Kashmir willow bats,https://tramboosports.com/,2021.0,2,2.0,,,0.0,Young,Srinagar,Jammu & Kashmir,600.0,18.0,,25.0,,,,,,,30.0,3.0,1000.0,1,1.0,30.0,4.0,,,750.0,2.0,,,,,,,,,,,,,,15.0,2.0,,15.0,2.0,,,,,,,,,,,,,,1.0,1.0,1.0,1.0,1.0,,
3,WeHear,7,342,22-Jan-24,31-Mar-24,30-Jan-24,Diverse Ventures Compete For Sharks' Attention,Rahul Dua,Medical/Health,Hearing Solutions,https://wehear.in/,2017.0,2,2.0,,,0.0,Middle,Ahmedabad,Gujarat,282.0,93.0,,,,,,yes,,,250.0,1.0,25000.0,1,1.0,250.0,1.0,,,25000.0,1.0,yes,,,1.5,,,,,,,,,,,,,250.0,1.0,,,,,,,,,,,,,,1.0,1.0,1.0,1.0,1.0,,
3,Tiggle,8,343,22-Jan-24,31-Mar-24,31-Jan-24,Entrepreneurial Innovation,Rahul Dua,Food and Beverage,Chocolate mixes,https://thetiggle.com/,2020.0,1,,1.0,,0.0,Young,Agra,Uttar Pradesh,150.0,12.0,,,,,,,,,50.0,5.0,1000.0,1,1.0,50.0,20.0,,,250.0,2.0,,2.0,100.0,,,,,,,,,,,,,,25.0,10.0,,,,,25.0,10.0,,,,,,Azhar Iqubal,1.0,,1.0,,1.0,,1.0,1.0
3,WYLDCard,8,344,22-Jan-24,31-Mar-24,31-Jan-24,Entrepreneurial Innovation,Rahul Dua,Technology/Software,Customer as Infulencer,https://www.getwyld.in/,2023.0,3,3.0,,,0.0,Middle,Mumbai,Maharashtra,,,,,,,,,,,50.0,0.5,10000.0,1,1.0,75.0,1.5,,,5000.0,1.0,,,,,,,,,,,75.0,1.5,,,,,,,,,,,,,,,,,,Azhar Iqubal,1.0,,1.0,,1.0,,1.0,1.0
3,upliance.ai,8,345,22-Jan-24,31-Mar-24,31-Jan-24,Entrepreneurial Innovation,Rahul Dua,Lifestyle/Home,Smart Cooker,upliance.ai,2021.0,2,2.0,,,0.0,Middle,Bangalore,Karnataka,,,,,,,,yes,,,100.0,1.0,10000.0,1,0.0,,,,,,,,,,,,,,,,,,,,,,,,,,,,,,,,,,,,Azhar Iqubal,1.0,,1.0,,1.0,,1.0,1.0
3,PizzaGalleria,9,346,22-Jan-24,31-Mar-24,1-Feb-24,Entrepreneurial Brilliance,Rahul Dua,Food and Beverage,100% Veg Pizza,https://pizzagalleria.in/,2015.0,2,2.0,,,0.0,Middle,Gohana,Haryana,115.0,,,15.0,,,,,,,100.0,2.0,5000.0,0,,,,,,,,,,,,,,,,,,,,,,,,,,,,,,,,,,,,,Deepinder Goyal,1.0,1.0,1.0,1.0,,,,1.0
3,AiCars,9,347,22-Jan-24,31-Mar-24,1-Feb-24,Entrepreneurial Brilliance,Rahul Dua,Vehicles/Electrical Vehicles,Hydrogen powered AI Car,https://aicars.in/,2021.0,1,1.0,,,0.0,Young,Yavatmal,Maharashtra,,,,,,,,,,,200.0,4.0,5000.0,0,,,,,,,,,,,,,,,,,,,,,,,,,,,,,,,,,,,,,Deepinder Goyal,1.0,1.0,1.0,1.0,,,,1.0
3,RooftopApp,9,348,22-Jan-24,31-Mar-24,1-Feb-24,Entrepreneurial Brilliance,Rahul Dua,Technology/Software,Art Learning platform,https://rooftopapp.com/,2019.0,1,1.0,,,0.0,Middle,Mumbai,Maharashtra,,,,,,,,,,,200.0,4.0,5000.0,0,,,,,,,,,,,,,,,,,,,,,,,,,,,,,,,,,,,,,Deepinder Goyal,1.0,1.0,1.0,1.0,,,,1.0
3,GoenchiFeni,10,349,22-Jan-24,31-Mar-24,2-Feb-24,Pitching Innovation,Rahul Dua,Liquor/Alcohol,Alcohol brand,https://www.goenchi.com/homepage/,2023.0,2,1.0,1.0,,0.0,Middle,Goa,Goa,,,42.0,,,,,,,,100.0,5.0,2000.0,1,1.0,200.0,15.0,,,1333.333333,1.0,,,,,,,,,,,,,,,,,,,,,,,,,,200.0,15.0,,Deepinder Goyal,Deepinder Goyal,1.0,1.0,1.0,1.0,,,,1.0
3,Arata,10,350,22-Jan-24,31-Mar-24,2-Feb-24,Pitching Innovation,Rahul Dua,Beauty/Fashion,Hair care,https://www.arata.in/,2018.0,2,2.0,,,0.0,Middle,Delhi,Delhi,170.0,200.0,,5.0,,,,,,,100.0,1.25,8000.0,1,1.0,100.0,1.33,,,7518.796992,2.0,yes,,,0.6,50.0,0.665,,50.0,0.665,,,,,,,,,,,,,,,,,,,,,Deepinder Goyal,1.0,1.0,1.0,1.0,,,,1.0
3,Vecros,10,351,22-Jan-24,31-Mar-24,2-Feb-24,Pitching Innovation,Rahul Dua,Technology/Software,Spatial AI drone,https://vecros.com/,2018.0,2,1.0,1.0,,0.0,Young,Delhi,Delhi,0.0,9.0,,,,,,,,,100.0,2.5,4000.0,1,1.0,20.0,1.0,80.0,10.0,2000.0,1.0,,,,,,,,,,,,,,20.0,1.0,80.0,,,,,,,,,,,,,,Deepinder Goyal,1.0,1.0,1.0,1.0,,,,1.0
3,GudGum,11,352,22-Jan-24,31-Mar-24,5-Feb-24,Disrupting The Status Quo,Rahul Dua,Food and Beverage,Healthy Chewing Gum brand,https://gudgum.in/,2022.0,2,2.0,,,0.0,Young,Bangalore,Karnataka,,,,,,,9.0,,,,50.0,5.0,1000.0,1,1.0,80.0,10.0,,,800.0,4.0,,4.0,80.0,,,,,20.0,2.5,,20.0,2.5,,20.0,2.5,,,,,20.0,2.5,,,,,,,,,,1.0,1.0,1.0,1.0,,1.0,,
3,EvaScalp,11,353,22-Jan-24,31-Mar-24,5-Feb-24,Disrupting The Status Quo,Rahul Dua,Medical/Health,Post Chemo Scalp Cooling brand,https://evascalpcooling.co.in/,2020.0,1,1.0,,,0.0,Middle,Mumbai,Maharashtra,59.0,10.0,85.0,,,,,yes,,,30.0,1.2,2500.0,1,1.0,30.0,1.8,,,1666.666667,3.0,,,,,10.0,0.6,,,,,,,,10.0,0.6,,,,,10.0,0.6,,,,,,,,,,1.0,1.0,1.0,1.0,,1.0,,
3,Elitty,11,354,22-Jan-24,31-Mar-24,5-Feb-24,Disrupting The Status Quo,Rahul Dua,Beauty/Fashion,Teenage Make-up,https://elittybeauty.com/,2021.0,2,,2.0,,0.0,Middle,Gurgaon,Haryana,113.0,11.0,36.0,,,,,,,,100.0,4.0,2500.0,1,0.0,,,,,,,,,,,,,,,,,,,,,,,,,,,,,,,,,,,,,1.0,1.0,1.0,1.0,,1.0,,
3,HoneyTwigs,12,355,22-Jan-24,31-Mar-24,6-Feb-24,Showcase Of Innovation,Rahul Dua,Food and Beverage,Honey products,https://honeytwigs.co/,2015.0,3,3.0,,,0.0,Middle,Delhi,Delhi,400.0,35.0,,,,,,,,,75.0,3.0,2500.0,1,1.0,75.0,3.0,,,2500.0,3.0,,,,,,,,,,,25.0,1.0,,,,,25.0,1.0,,25.0,1.0,,,,,,,,,,,1.0,1.0,1.0,1.0,1.0,,
3,Koparo,12,356,22-Jan-24,31-Mar-24,6-Feb-24,Showcase Of Innovation,Rahul Dua,Food and Beverage,Coconut based Cleaning Products,https://koparoclean.com/,2020.0,1,,1.0,,0.0,Middle,Delhi,Delhi,450.0,80.0,,,,,,,,,70.0,1.0,7000.0,1,1.0,70.0,1.0,,,7000.0,2.0,,,,,,,,35.0,0.5,,,,,35.0,0.5,,,,,,,,,,,,,,,,,1.0,1.0,1.0,1.0,1.0,,
3,2Ballz,12,357,22-Jan-24,31-Mar-24,6-Feb-24,Showcase Of Innovation,Rahul Dua,Beauty/Fashion,Mens Innerwear,https://2ballz.com/,2023.0,3,3.0,,,0.0,Middle,Indore,Madhya Pradesh,,164.0,,,,,,,,,30.0,5.0,600.0,0,,,,,,,,,,,,,,,,,,,,,,,,,,,,,,,,,,,,,,,1.0,1.0,1.0,1.0,1.0,,
3,JewelBox,13,358,22-Jan-24,31-Mar-24,7-Feb-24,Innovation Unleashed,Rahul Dua,Beauty/Fashion,Lab Grown Diamond Jewellery Brand,https://jewelbox.co.in/,2022.0,2,1.0,1.0,,0.0,Middle,Kolkata,West Bengal,520.0,,,,,,,,,,100.0,2.0,5000.0,1,1.0,200.0,6.0,,,3333.333333,5.0,,,,,,,,40.0,1.2,,,,,40.0,1.2,,40.0,1.2,,40.0,1.2,,,,,40.0,1.2,,Radhika Gupta,Radhika Gupta,,1.0,,1.0,1.0,1.0,,1.0
3,DaakRoom,13,359,22-Jan-24,31-Mar-24,7-Feb-24,Innovation Unleashed,Rahul Dua,Business Services,Letter Writing Services,https://daakroom.com/,2013.0,2,,2.0,,0.0,Middle,Delhi,Delhi,90.0,,,,,,,,,,36.0,4.0,900.0,1,1.0,36.0,6.0,,,600.0,1.0,yes,,,,,,,,,,,,,,,,,,,36.0,6.0,,,,,,,,,Radhika Gupta,,1.0,,1.0,1.0,1.0,,1.0
3,Nuvedo,13,360,22-Jan-24,31-Mar-24,7-Feb-24,Innovation Unleashed,Rahul Dua,Food and Beverage,Mushroom Growing Service,https://nuvedo.com/,2021.0,2,1.0,1.0,,1.0,Middle,Bangalore,Karnataka,25.0,,,,,,6.0,,,,50.0,3.0,1666.666667,0,,,,,,,,,,,,,,,,,,,,,,,,,,,,,,,,,,,,,Radhika Gupta,,1.0,,1.0,1.0,1.0,,1.0
3,WALK,14,361,22-Jan-24,31-Mar-24,8-Feb-24,Pitch Perfect,Rahul Dua,Medical/Health,Wearable Mobility Aid,https://www.lifesparktech.com/,2018.0,1,1.0,,,0.0,Young,Mumbai,Maharashtra,,,,,,,,yes,,,50.0,1.5,3333.333333,1,1.0,50.0,2.3,,,2173.913043,2.0,,,,,,,,,,,25.0,1.15,,25.0,1.15,,,,,,,,,,,,,,,,1.0,1.0,1.0,1.0,,,1.0,
3,RajaRaniCoaching,14,362,22-Jan-24,31-Mar-24,8-Feb-24,Pitch Perfect,Rahul Dua,Beauty/Fashion,Clothes Tailoring Academy,https://www.rajaranicoaching.com/,2021.0,2,1.0,1.0,,1.0,Young,Surat,Gujarat,200.0,,,,,,,,,,130.0,5.0,2600.0,1,0.0,,,,,,,,,,,,,,,,,,,,,,,,,,,,,,,,,,,,,1.0,1.0,1.0,1.0,,,1.0,
3,DecodeAge,14,363,22-Jan-24,31-Mar-24,8-Feb-24,Pitch Perfect,Rahul Dua,Medical/Health,Age Longetivity Supplements,https://decodeage.com/,2021.0,3,3.0,,,0.0,Middle,Bangalore,Karnataka,1100.0,,70.0,,,,10.0,,,,100.0,1.25,8000.0,1,1.0,100.0,2.25,,,4444.444444,1.0,,1.0,150.0,,,,,,,,100.0,2.25,,,,,,,,,,,,,,,,,,,1.0,1.0,1.0,1.0,,,1.0,
3,ALittleExtra,15,364,22-Jan-24,31-Mar-24,9-Feb-24,Shark Tank Showdown,Rahul Dua,Beauty/Fashion,Hand Made Fabric Jewellery,https://alittleextra.co.in,,1,,1.0,,0.0,Middle,Guwahati,Assam,122.0,,,11.0,,,,,,,48.0,6.0,800.0,1,1.0,60.0,7.5,,,800.0,2.0,,,,,,,,30.0,3.75,,30.0,3.75,,,,,,,,,,,,,,,,,,,1.0,1.0,1.0,1.0,,1.0,,
3,Assembly,15,365,22-Jan-24,31-Mar-24,9-Feb-24,Shark Tank Showdown,Rahul Dua,Beauty/Fashion,Travel Bags,https://assemblytravel.com/,2018.0,2,2.0,,,0.0,Middle,Gurugram,Haryana,1150.0,,,,,,,yes,,yes,85.0,1.0,8500.0,1,0.0,,,,,,,,,,,,,,,,,,,,,,,,,,,,,,,,,,,,,1.0,1.0,1.0,1.0,,1.0,,
3,NasherMiles,15,366,22-Jan-24,31-Mar-24,9-Feb-24,Shark Tank Showdown,Rahul Dua,Beauty/Fashion,Travel Bags,https://nashermiles.com/,2017.0,3,2.0,1.0,,1.0,Middle,Mumbai,Maharashtra,5700.0,,,,,,,,,yes,300.0,0.75,40000.0,1,1.0,300.0,1.5,,,20000.0,5.0,,1.0,300.0,,60.0,0.3,,60.0,0.3,,60.0,0.3,,60.0,0.3,,,,,60.0,0.3,,,,,,,,,,1.0,1.0,1.0,1.0,,1.0,,
3,AltCo,16,367,22-Jan-24,31-Mar-24,12-Feb-24,Innovation At Every Step,Rahul Dua,Food and Beverage,Plant based dairy products,https://alt.company/,2020.0,2,2.0,,,0.0,Middle,Bangalore,Karnataka,1000.0,110.0,,,,,,,,,150.0,2.0,7500.0,0,,,,,,,,,,,,,,,,,,,,,,,,,,,,,,,,,,,,,"Ronnie Screwvala,Radhika Gupta",,,1.0,1.0,1.0,,,2.0
3,Without,16,368,22-Jan-24,31-Mar-24,12-Feb-24,Innovation At Every Step,Rahul Dua,Beauty/Fashion,Products made from Waste Plastic,https://without.live,2020.0,1,1.0,,,0.0,Middle,Pune,Maharashtra,,,,,,,,yes,,,75.0,1.0,7500.0,1,1.0,75.0,3.0,,,2500.0,2.0,,,,,,,,,,,,,,,,,37.5,1.5,,,,,,,,37.5,1.5,,Ronnie Screwvala,"Ronnie Screwvala,Radhika Gupta",,,1.0,1.0,1.0,,,2.0
3,Kibo,16,369,22-Jan-24,31-Mar-24,12-Feb-24,Innovation At Every Step,Rahul Dua,Technology/Software,TrestleLabs Optical Character Recognition,https://www.trestlelabs.com/,2019.0,2,1.0,1.0,,1.0,Middle,"Faridabad,Ahmedabad","Haryana,Gujarat",135.0,,,30.0,,,,yes,,,60.0,1.0,6000.0,1,1.0,60.0,6.0,,,1000.0,2.0,,,,,,,,,,,,,,,,,30.0,3.0,,,,,,,,30.0,3.0,,Ronnie Screwvala,"Ronnie Screwvala,Radhika Gupta",,,1.0,1.0,1.0,,,2.0
3,VOLD,17,370,22-Jan-24,31-Mar-24,13-Feb-24,Innovation On Display,Rahul Dua,Food and Beverage,Energy Drink,https://www.voldenergy.in/,2022.0,1,1.0,,,0.0,Young,Ahmednagar,Maharashtra,,3.0,38.0,25.0,,,,,,,50.0,2.0,2500.0,1,1.0,10.0,10.0,40.0,3.0,100.0,1.0,,3.0,40.0,,,,,,,,,,,10.0,10.0,40.0,,,,,,,,,,,,,,,1.0,1.0,1.0,1.0,,,1.0,
3,Quirksmith,17,371,22-Jan-24,31-Mar-24,13-Feb-24,Innovation On Display,Rahul Dua,Beauty/Fashion,Jewellery,https://quirksmith.com/,2016.0,2,,2.0,,0.0,Middle,Agra,Uttar Pradesh,600.0,75.0,,4.0,,,,,,,80.0,1.0,8000.0,1,0.0,,,,,,,,,,,,,,,,,,,,,,,,,,,,,,,,,,,,,1.0,1.0,1.0,1.0,,,1.0,
3,UrbanSpace,17,372,22-Jan-24,31-Mar-24,13-Feb-24,Innovation On Display,Rahul Dua,Lifestyle/Home,Home Interiors,https://www.urbanspacestore.in/,,2,1.0,1.0,,1.0,Middle,Ahmedabad,Gujarat,2050.0,800.0,,,,,1200.0,,,,180.0,1.0,18000.0,1,0.0,,,,,,,,,,,,,,,,,,,,,,,,,,,,,,,,,,,,,1.0,1.0,1.0,1.0,,,1.0,
3,HyperLab,18,373,22-Jan-24,31-Mar-24,14-Feb-24,Building India Through Innovation,Rahul Dua,Fitness/Sports/Outdoors,"Sports analytics for agility, strength, reflexes, and stamina",https://www.hyperlab.life/,2023.0,3,3.0,,,0.0,Young,Ahmedabad,Gujarat,,,,,,,,yes,,,10.0,1.0,1000.0,1,1.0,25.0,1.0,,,2500.0,1.0,,,,,,,,,,,,,,25.0,1.0,,,,,,,,,,,,,,,,1.0,1.0,1.0,1.0,,,1.0,
3,EcoBiotraps,18,374,22-Jan-24,31-Mar-24,14-Feb-24,Building India Through Innovation,Rahul Dua,Green/CleanTech,Mosquito Breeding Prevention,https://ecobiotraps.com/,2022.0,3,2.0,1.0,,0.0,Middle,"Ahmedabad,Pune","Gujarat,Maharashtra",84.0,8.0,25.0,4.0,,,,yes,,,50.0,2.0,2500.0,1,0.0,,,,,,,,,,,,,,,,,,,,,,,,,,,,,,,,,,,,,1.0,1.0,1.0,1.0,,,1.0,
3,Hoora,18,375,22-Jan-24,31-Mar-24,14-Feb-24,Building India Through Innovation,Rahul Dua,Technology/Software,Auto Care App,https://hoora.in/,2019.0,2,2.0,,,0.0,Middle,Nagpur,Maharashtra,,31.0,60.0,,,,,yes,,,80.0,2.0,4000.0,0,,,,,,,,,,,,,,,,,,,,,,,,,,,,,,,,,,,,,,1.0,1.0,1.0,1.0,,,1.0,
3,YesMadam,19,376,22-Jan-24,31-Mar-24,15-Feb-24,The Next Big Investment,Rahul Dua,Beauty/Fashion,Saloon service app,https://www.yesmadam.com/,2016.0,4,3.0,1.0,,0.0,Middle,Delhi,Delhi,5000.0,,,,,,,,,,150.0,0.5,30000.0,1,1.0,150.0,2.0,,,7500.0,4.0,,2.0,150.0,,,,,37.5,0.5,,,,,37.5,0.5,,37.5,0.5,,37.5,0.5,,,,,,,,,Radhika Gupta,,1.0,,1.0,1.0,1.0,,1.0
3,Zerodor,19,377,22-Jan-24,31-Mar-24,15-Feb-24,The Next Big Investment,Rahul Dua,Lifestyle/Home,Waterless Urinal Technology,https://www.zerodor.in/,2014.0,2,2.0,,,0.0,Middle,"Ahmedabad,Mumbai","Gujarat,Maharashtra",280.0,,,7.0,,,,yes,,,100.0,3.0,3333.333333,1,0.0,,,,,,,,,,,,,,,,,,,,,,,,,,,,,,,,,,,,Radhika Gupta,,1.0,,1.0,1.0,1.0,,1.0
3,ToffeeCoffeeRoasters,19,378,22-Jan-24,31-Mar-24,15-Feb-24,The Next Big Investment,Rahul Dua,Food and Beverage,Coffee brand,https://toffeecoffeeroasters.com/,2019.0,2,1.0,1.0,,1.0,Middle,Bangalore,Karnataka,230.0,33.0,62.0,,,,,,,,60.0,2.0,3000.0,1,1.0,35.0,2.33,25.0,10.0,1502.145923,1.0,,,,,,,,,,,,,,,,,,,,35.0,2.33,25.0,,,,,,,,Radhika Gupta,,1.0,,1.0,1.0,1.0,,1.0
3,PushSports,20,379,22-Jan-24,31-Mar-24,16-Feb-24,Pioneering Change,Rahul Dua,Fitness/Sports/Outdoors,Kids & young adults for recreation & professional sport,https://pushsports.in/,2017.0,2,2.0,,,0.0,Middle,Delhi,Delhi,900.0,50.0,,,,,,,,,80.0,1.0,8000.0,1,1.0,80.0,4.0,,,2000.0,2.0,,2.0,160.0,,,,,40.0,2.0,,,,,,,,40.0,2.0,,,,,,,,,,,,Azhar Iqubal,,1.0,1.0,1.0,1.0,,,1.0
3,ORBO,20,380,22-Jan-24,31-Mar-24,16-Feb-24,Pioneering Change,Rahul Dua,Technology/Software,AI-powered tools for beauty brands,https://www.orbo.ai/,2019.0,3,3.0,,,0.0,Middle,Mumbai,Maharashtra,,18.0,,,,,,,,,100.0,0.75,13333.33333,1,1.0,100.0,1.0,,,10000.0,1.0,yes,,,,,,,100.0,1.0,,,,,,,,,,,,,,,,,,,,,Azhar Iqubal,,1.0,1.0,1.0,1.0,,,1.0
3,CannazoIndia,20,381,22-Jan-24,31-Mar-24,16-Feb-24,Pioneering Change,Rahul Dua,Beauty/Fashion,"Medical cannabis, alternative medications",https://cannazoindia.com/,2022.0,3,2.0,1.0,,0.0,Middle,Mumbai,Maharashtra,50.0,18.0,,,,,,,,,150.0,5.0,3000.0,1,0.0,,,,,,,,,,,,,,,,,,,,,,,,,,,,,,,,,,,,Azhar Iqubal,,1.0,1.0,1.0,1.0,,,1.0
3,Chefling,21,382,22-Jan-24,31-Mar-24,19-Feb-24,Entrepreneurs Battle for Investment,Rahul Dua,Food and Beverage,DIY Food Products,https://chefling.in/,2020.0,1,1.0,,,0.0,Young,Mumbai,Maharashtra,20.0,2.0,70.0,45.0,,,,,,,40.0,10.0,400.0,1,1.0,40.0,16.0,,,250.0,4.0,,,,,10.0,4.0,,,,,,,,,,,10.0,4.0,,,,,10.0,4.0,,10.0,4.0,,Azhar Iqubal,Azhar Iqubal,1.0,,1.0,,1.0,,1.0,1.0
3,IntenseFocus,21,383,22-Jan-24,31-Mar-24,19-Feb-24,Entrepreneurs Battle for Investment,Rahul Dua,Beauty/Fashion,Designer Eye Wear,https://intensefocus.com/,2021.0,1,1.0,,,0.0,Middle,,,825.0,100.0,60.0,,,,,,,,500.0,5.0,10000.0,0,,,,,,,,,,,,,,,,,,,,,,,,,,,,,,,,,,,,,Azhar Iqubal,1.0,,1.0,,1.0,,1.0,1.0
3,MilletAmma,21,384,22-Jan-24,31-Mar-24,19-Feb-24,Entrepreneurs Battle for Investment,Rahul Dua,Food and Beverage,Millet based Products,https://milletamma.com/,2017.0,2,1.0,1.0,,1.0,Middle,Bangalore,Karnataka,220.0,33.0,,,,,,,,,100.0,3.0,3333.333333,0,,,,,,,,,,,,,,,,,,,,,,,,,,,,,,,,,,,,,Azhar Iqubal,1.0,,1.0,,1.0,,1.0,1.0
3,D'chica,22,385,22-Jan-24,31-Mar-24,20-Feb-24,Impressive Numbers and High Stakes,Rahul Dua,Beauty/Fashion,Innerwears for Teenage Girls,https://www.dchica.in/,2020.0,2,,2.0,,0.0,Middle,Delhi,Delhi,1030.0,120.0,,,,,,,,,80.0,1.0,8000.0,1,1.0,80.0,2.0,,,4000.0,2.0,,,,,40.0,1.0,,40.0,1.0,,,,,,,,,,,,,,,,,,,,,,1.0,1.0,1.0,1.0,,,1.0,
3,Refit,22,386,22-Jan-24,31-Mar-24,20-Feb-24,Impressive Numbers and High Stakes,Rahul Dua,Electronics,Refurbished Phones,https://refitglobal.com/,2017.0,2,2.0,,,0.0,Middle,Delhi,Delhi,18700.0,3500.0,14.0,,,,,,yes,,200.0,0.5,40000.0,1,1.0,200.0,1.0,,,20000.0,3.0,,1.0,300.0,,,,,66.66,0.33,,66.66,0.33,,,,,,,,,,,66.66,0.33,,,,,,,1.0,1.0,1.0,1.0,,,1.0,
3,HouseOfBeautyIndia,22,387,22-Jan-24,31-Mar-24,20-Feb-24,Impressive Numbers and High Stakes,Rahul Dua,Beauty/Fashion,Skin care Products,https://houseofbeautyindia.com/,2021.0,1,,1.0,,0.0,Middle,Delhi,Delhi,,40.0,,,,,,,yes,,150.0,5.0,3000.0,0,,,,,,,,,,,,,,,,,,,,,,,,,,,,,,,,,,,,,,1.0,1.0,1.0,1.0,,,1.0,
3,Artinci,23,388,22-Jan-24,31-Mar-24,21-Feb-24,Celebrating Entrepreneurial Breakthroughs,Rahul Dua,Food and Beverage,Zero Sugar Desserts,https://www.artinci.com/,2017.0,2,1.0,1.0,,1.0,Middle,Bangalore,Karnataka,440.0,33.0,62.0,,,,,yes,,,50.0,1.75,2857.142857,1,1.0,50.0,5.0,,,1000.0,1.0,yes,1.0,75.0,,,,,50.0,5.0,,,,,,,,,,,,,,,,,,,,,,1.0,1.0,1.0,1.0,1.0,,,
3,TheRageRoom,23,389,22-Jan-24,31-Mar-24,21-Feb-24,Celebrating Entrepreneurial Breakthroughs,Rahul Dua,Business Services,Anger Management activities,https://rageroom.in/,2022.0,1,1.0,,,0.0,Middle,Hyderabad,Telangana,,,,,,,,,,,20.0,30.0,66.66666667,0,,,,,,,,,,,,,,,,,,,,,,,,,,,,,,,,,,,,,,1.0,1.0,1.0,1.0,1.0,,,
3,Aastey,23,390,22-Jan-24,31-Mar-24,21-Feb-24,Celebrating Entrepreneurial Breakthroughs,Rahul Dua,Beauty/Fashion,Athleisure Wear Company,https://aastey.com/,2021.0,2,,2.0,,0.0,Middle,"Delhi,Mumbai","Delhi,Maharashtra",,150.0,,,,,,,,,80.0,2.0,4000.0,0,,,,,,,,,,,,,,,,,,,,,,,,,,,,,,,,,,,,,,1.0,1.0,1.0,1.0,1.0,,,
3,Matri,24,391,22-Jan-24,31-Mar-24,22-Feb-24,Winning Over The Sharks,Rahul Dua,Medical/Health,Period Pain Relieving Devices,https://getmatri.com/,,2,2.0,,,0.0,Middle,Kolkata,West Bengal,,,,,,,,yes,,,60.0,4.0,1500.0,1,1.0,60.0,4.0,,,1500.0,2.0,,,,,30.0,2.0,,,,,,,,30.0,2.0,,,,,,,,,,,,,,,,1.0,1.0,1.0,1.0,,1.0,,
3,Rubbabu,24,392,22-Jan-24,31-Mar-24,22-Feb-24,Winning Over The Sharks,Rahul Dua,Manufacturing,Rubber Foam Toys for kids,https://rubbabu.com/,2020.0,3,1.0,2.0,,1.0,Old,Delhi,Delhi,400.0,52.0,,,,,,,,,200.0,5.0,4000.0,0,,,,,,,,,,,,,,,,,,,,,,,,,,,,,,,,,,,,,,1.0,1.0,1.0,1.0,,1.0,,
3,GulaboJaipur,24,393,22-Jan-24,31-Mar-24,22-Feb-24,Winning Over The Sharks,Rahul Dua,Beauty/Fashion,Traditional Jaipur Clothing,https://www.gulabojaipur.com/,2014.0,2,1.0,1.0,,1.0,Middle,Jaipur,Rajasthan,450.0,72.0,,,15.0,,,,,,90.0,1.0,9000.0,0,,,,,,,,,,,,,,,,,,,,,,,,,,,,,,,,,,,,,,1.0,1.0,1.0,1.0,,1.0,,
3,AristaVault,25,394,22-Jan-24,31-Mar-24,23-Feb-24,Battle Of The Innovators,Rahul Dua,Manufacturing,Follow me suitcases,https://www.aristavault.com/,2018.0,2,1.0,1.0,,0.0,Middle,Delhi,Delhi,360.0,65.0,,,,,,,,,45.0,1.5,3000.0,1,1.0,20.0,1.0,25.0,18.0,2000.0,1.0,yes,,,,,,,,,,20.0,1.0,25.0,,,,,,,,,,,,,,,,,"Varun Dua,Radhika Gupta",,1.0,1.0,1.0,,,,2.0
3,ToHands,25,395,22-Jan-24,31-Mar-24,23-Feb-24,Battle Of The Innovators,Rahul Dua,Technology/Software,App to sync transactions with calculator,https://smart.tohands.in/,2023.0,3,3.0,,,0.0,Young,"Erode,Kanpur","Tamil Nadu,Uttar Pradesh",,,,,,,,,,,55.0,1.0,5500.0,1,1.0,60.0,2.0,,,3000.0,2.0,,,,,,,,,,,,,,,,,,,,,,,,,,60.0,2.0,,"Varun Dua,Radhika Gupta","Varun Dua,Radhika Gupta",,1.0,1.0,1.0,,,,2.0
3,PlusGold,25,396,22-Jan-24,31-Mar-24,23-Feb-24,Battle Of The Innovators,Rahul Dua,Technology/Software,Jewellery savings app that integrates digital gold investment,https://plusgold.in/,2022.0,2,2.0,,,0.0,Middle,Bangalore,Karnataka,,,,,,,,,,,60.0,1.0,6000.0,1,1.0,60.0,1.5,,,4000.0,1.0,,,,,,,,,,,,,,,,,,,,,,,,,,60.0,1.5,,Varun Dua,"Varun Dua,Radhika Gupta",,1.0,1.0,1.0,,,,2.0
3,Aroleap,26,397,22-Jan-24,31-Mar-24,26-Feb-24,Entrepreneurship On The Rise,Rahul Dua,Medical/Health,Smart Home Gym,https://www.aroleap.com/,2020.0,3,3.0,,,0.0,Middle,Bangalore,Karnataka,100.0,,,,,,,yes,funded,,100.0,2.5,4000.0,1,1.0,100.0,5.0,,,2000.0,4.0,,,,,,,,,,,25.0,1.25,,,,,25.0,1.25,,,,,25.0,1.25,,25.0,1.25,,Azhar Iqubal,Azhar Iqubal,1.0,,1.0,,1.0,,1.0,1.0
3,Cosmix,26,398,22-Jan-24,31-Mar-24,26-Feb-24,Entrepreneurship On The Rise,Rahul Dua,Medical/Health,Herbal Super Supplements,https://cosmix.in/,2019.0,2,1.0,1.0,,1.0,Middle,,,750.0,,70.0,,11.0,,25.0,,yes,,100.0,1.0,10000.0,1,1.0,100.0,1.0,,,10000.0,1.0,,1.0,100.0,,100.0,1.0,,,,,,,,,,,,,,,,,,,,,,,,Azhar Iqubal,1.0,,1.0,,1.0,,1.0,1.0
3,Fabriclore,26,399,22-Jan-24,31-Mar-24,26-Feb-24,Entrepreneurship On The Rise,Rahul Dua,Beauty/Fashion,Custom Fabric Sourcing,https://fabriclore.com/,2016.0,3,3.0,,,0.0,Middle,Jaipur,Rajasthan,1000.0,,,,,,,,funded,,68.7,1.0,6870.0,0,,,,,,,,,,,,,,,,,,,,,,,,,,,,,,,,,,,,,Azhar Iqubal,1.0,,1.0,,1.0,,1.0,1.0
3,PolishMePretty,27,400,22-Jan-24,31-Mar-24,27-Feb-24,Entrepreneur's Path To Success,Rahul Dua,Beauty/Fashion,Nail Art Brand,https://www.polishmepretty.in/,2022.0,1,,1.0,,0.0,Young,Pune,Maharashtra,,,,,,,,,,,25.0,25.0,100.0,1,1.0,25.0,25.0,,,100.0,1.0,,,,,,,,,,,,,,,,,25.0,25.0,,,,,,,,,,,,,1.0,1.0,1.0,1.0,1.0,,,
3,GridMats,27,401,22-Jan-24,31-Mar-24,27-Feb-24,Entrepreneur's Path To Success,Rahul Dua,Manufacturing,PotHoleRaja Mats for Concrete Road making,https://www.gridmats.com/,2017.0,2,2.0,,,0.0,Middle,,,450.0,,,,,,,yes,,,500.0,2.0,25000.0,0,,,,,,,,,,,,,,,,,,,,,,,,,,,,,,,,,,,,,,1.0,1.0,1.0,1.0,1.0,,,
3,UnclePetersPanCakes,27,402,22-Jan-24,31-Mar-24,27-Feb-24,Entrepreneur's Path To Success,Rahul Dua,Food and Beverage,Pancake focused QSR,https://www.unclepeterspancakes.com/,2019.0,2,2.0,,,0.0,Middle,"Kolkata,Varanasi","West Bengal,Uttar Pradesh",1400.0,210.0,,,20.0,,,,yes,,60.0,2.0,3000.0,1,1.0,60.0,3.0,,,2000.0,3.0,,3.0,120.0,,20.0,1.0,,20.0,1.0,,20.0,1.0,,,,,,,,,,,,,,,,,,,1.0,1.0,1.0,1.0,1.0,,,
3,CreativeHatti,28,403,22-Jan-24,31-Mar-24,28-Feb-24,Navigating The Tank With New Ideas,Rahul Dua,Business Services,Graphic Sticker Designing Brand,https://www.creativehatti.com/,2020.0,5,3.0,2.0,,1.0,Middle,Panchkula,Haryana,400.0,55.0,,,,,,yes,,,60.0,2.0,3000.0,0,,,,,,,,,,,,,,,,,,,,,,,,,,,,,,,,,,,,,,1.0,1.0,1.0,1.0,,,1.0,
3,CandidMen,28,404,22-Jan-24,31-Mar-24,28-Feb-24,Navigating The Tank With New Ideas,Rahul Dua,Beauty/Fashion,Fashion Rental Platform for Men,https://candidmen.in/,2017.0,2,1.0,1.0,,0.0,Middle,Bangalore,Karnataka,210.0,,,,33.0,,,,yes,yes,60.0,2.0,3000.0,1,1.0,60.0,5.0,,,1200.0,2.0,yes,,,,,,,30.0,2.5,,,,,,,,,,,,,,30.0,2.5,,,,,,,1.0,1.0,1.0,1.0,,,1.0,
3,Flyrobe,28,405,22-Jan-24,31-Mar-24,28-Feb-24,Navigating The Tank With New Ideas,Rahul Dua,Beauty/Fashion,Fashion Rental Platform for Men and Women,https://flyrobe.com/home/,2020.0,1,,1.0,,0.0,Middle,Delhi,Delhi,290.0,63.0,,16.0,,,,,funded,yes,50.0,1.0,5000.0,1,1.0,50.0,4.0,,,1250.0,1.0,,,,,,,,,,,,,,50.0,4.0,,,,,,,,,,,,,,,,1.0,1.0,1.0,1.0,,,1.0,
3,WiseLife,29,406,22-Jan-24,31-Mar-24,29-Feb-24,Entrepreneurial Aspirations,Rahul Dua,Medical/Health,Yoga and wellness Accessories,https://wiselife.in/,2020.0,2,1.0,1.0,,1.0,Middle,Gurugram,Haryana,400.0,100.0,,3.0,5.0,,,,,,60.0,2.0,3000.0,1,1.0,120.0,4.0,,,3000.0,4.0,,,,,30.0,1.0,,,,,30.0,1.0,,30.0,1.0,,,,,30.0,1.0,,,,,,,,,,1.0,,1.0,1.0,,1.0,1.0,
3,Cervicheck,29,407,22-Jan-24,31-Mar-24,29-Feb-24,Entrepreneurial Aspirations,Rahul Dua,Medical/Health,Pragmatech Cervical Cancer Screening Test Kits,https://pragmatech.co.in/cervicheck/,2019.0,2,1.0,1.0,,1.0,Middle,Vadodara,Gujarat,,,,,,,,yes,funded,,75.0,1.5,5000.0,1,1.0,75.0,5.0,,,1500.0,1.0,,,,,75.0,5.0,,,,,,,,,,,,,,,,,,,,,,,,,1.0,,1.0,1.0,,1.0,1.0,
3,Eatverse,29,408,22-Jan-24,31-Mar-24,29-Feb-24,Entrepreneurial Aspirations,Rahul Dua,Food and Beverage,Multi brand Cloud Kitchen,https://eatverse.in/,2014.0,3,3.0,,,0.0,Middle,Kolkata,West Bengal,107.0,172.0,,,6.0,,8.0,,,,100.0,1.0,10000.0,0,,,,,,,,,,,,,,,,,,,,,,,,,,,,,,,,,,,,,,1.0,,1.0,1.0,,1.0,1.0,
3,AvataarSkincare,30,409,22-Jan-24,31-Mar-24,1-Mar-24,Startups Pursuing Investment,Rahul Dua,Beauty/Fashion,Skincare Services,https://avataarskin.com/,2022.0,1,,1.0,,0.0,Middle,Bhopal,Madhya Pradesh,,60.0,87.0,,,,,,funded,,70.0,1.0,7000.0,1,1.0,35.0,0.5,35.0,14.0,7000.0,2.0,,,,,,,,,,,17.5,0.25,17.5,17.5,0.25,17.5,,,,,,,,,,,,,,,1.0,1.0,1.0,1.0,1.0,,,
3,ChalteFirteMangalkaryalay,30,410,22-Jan-24,31-Mar-24,1-Mar-24,Startups Pursuing Investment,Rahul Dua,Business Services,Portable Wedding Hall,,2023.0,3,2.0,1.0,,1.0,Middle,Latur,Maharashtra,,,,,,,,,,,200.0,10.0,2000.0,0,,,,,,,,,,,,,,,,,,,,,,,,,,,,,,,,,,,,,,1.0,1.0,1.0,1.0,1.0,,,
3,KryzenBiotech,30,411,22-Jan-24,31-Mar-24,1-Mar-24,Startups Pursuing Investment,Rahul Dua,Agriculture,Hydrophonic Farming,https://www.kryzen.com/,2019.0,2,1.0,1.0,,1.0,Middle,Pune,Maharashtra,225.0,,,,,,,,,,75.0,3.0,2500.0,1,1.0,75.0,15.0,,,500.0,1.0,,2.0,150.0,,,,,,,,,,,,,,75.0,15.0,,,,,,,,,,,,,1.0,1.0,1.0,1.0,1.0,,,
3,FOMO,31,412,22-Jan-24,31-Mar-24,4-Mar-24,Naye Bharat Ki Neev,Rahul Dua,Food and Beverage,Brew Ice Tea,https://fomobrews.com/,2022.0,2,2.0,,,0.0,Young,Bangalore,Karnataka,,3.4,50.0,,1.5,,,,funded,,35.0,4.0,875.0,1,1.0,35.0,6.0,,,583.3333333,2.0,,,,,,,,,,,17.5,3.0,,17.5,3.0,,,,,,,,,,,,,,,,1.0,,1.0,1.0,,1.0,1.0,
3,ModelVerse,31,413,22-Jan-24,31-Mar-24,4-Mar-24,Naye Bharat Ki Neev,Rahul Dua,Technology/Software,Advance AI based Image Model Wrapper,https://www.modelverse.in/,2023.0,1,1.0,,,0.0,Young,Kozhikode,Kerala,,,,,,,,,,,25.0,10.0,250.0,1,1.0,25.0,10.0,,,250.0,3.0,,,,,,,,,,,8.33,3.33,,,,,,,,8.33,3.33,,8.33,3.33,,,,,,,1.0,,1.0,1.0,,1.0,1.0,
3,VikrantBikes,31,414,22-Jan-24,31-Mar-24,4-Mar-24,Naye Bharat Ki Neev,Rahul Dua,Vehicles/Electrical Vehicles,Hydrogen Ethanol fuel based bike,https://vikrantsubhashpawar.website3.me/,,1,1.0,,,0.0,Young,Satara,Maharashtra,,,,,,,,,,,30.0,5.0,600.0,0,,,,,,,,,,,,,,,,,,,,,,,,,,,,,,,,,,,,,,1.0,,1.0,1.0,,1.0,1.0,
3,TheShellHair,32,415,22-Jan-24,31-Mar-24,5-Mar-24,Young Entrepreneurs Make Their Mark,Rahul Dua,Beauty/Fashion,Hair Extensions,https://theshellhair.com/,2020.0,1,,1.0,,0.0,Young,Ajmer,Rajasthan,120.0,9.73,,35.0,,,,,yes,,30.0,3.0,1000.0,1,1.0,30.0,3.0,,,1000.0,1.0,,,,,,,,,,,,,,30.0,3.0,,,,,,,,,,,,,,,,1.0,,1.0,1.0,,1.0,1.0,
3,Rize,32,416,22-Jan-24,31-Mar-24,5-Mar-24,Young Entrepreneurs Make Their Mark,Rahul Dua,Food and Beverage,Energy Bars,https://rizebar.in/,2023.0,2,2.0,,,0.0,Young,Gurgaon,Haryana,0.0,,,,,,,,funded,,45.0,6.0,750.0,0,,,,,,,,,,,,,,,,,,,,,,,,,,,,,,,,,,,,,,1.0,,1.0,1.0,,1.0,1.0,
3,MEPACK,32,417,22-Jan-24,31-Mar-24,5-Mar-24,Young Entrepreneurs Make Their Mark,Rahul Dua,Business Services,Custom Gym Subscription,https://www.mepackfitness.com/,2023.0,2,2.0,,,0.0,Young,Delhi,Delhi,,,,,,,,,,,7.0,10.0,70.0,1,1.0,7.0,10.0,,,70.0,2.0,yes,,,,,,,,,,,,,,,,,,,3.5,5.0,,3.5,5.0,,,,,,,1.0,,1.0,1.0,,1.0,1.0,
3,BaccaBucci,33,418,22-Jan-24,31-Mar-24,6-Mar-24,Brand Brilliance,Rahul Dua,Beauty/Fashion,Footwear,https://baccabucci.com/,2014.0,2,2.0,,,0.0,Young,Delhi,Delhi,4700.0,,55.0,,7.0,,,,yes,,250.0,1.0,25000.0,0,,,,,,,,,,,,,,,,,,,,,,,,,,,,,,,,,,,,,Deepinder Goyal,1.0,1.0,1.0,1.0,,,,1.0
3,Vobble,33,419,22-Jan-24,31-Mar-24,6-Mar-24,Brand Brilliance,Rahul Dua,Children/Education,Kids Audio Platform,https://www.vobble.fun/,2023.0,2,,2.0,,0.0,Middle,Bangalore,Karnataka,,,,,,,,yes,funded,,25.0,1.5,1666.666667,1,1.0,25.0,2.0,,,1250.0,1.0,,,,,25.0,2.0,,,,,,,,,,,,,,,,,,,,,,,,Deepinder Goyal,1.0,1.0,1.0,1.0,,,,1.0
3,BeUNatural,33,420,22-Jan-24,31-Mar-24,6-Mar-24,Brand Brilliance,Rahul Dua,Beauty/Fashion,Unisex Salon,https://beunatural.in/,2015.0,1,1.0,,,0.0,Middle,Delhi,Delhi,400.0,28.0,,25.0,,,,,yes,,60.0,2.5,2400.0,0,,,,,,,,,,,,,,,,,,,,,,,,,,,,,,,,,,,,,Deepinder Goyal,1.0,1.0,1.0,1.0,,,,1.0
3,Erotissch,34,421,22-Jan-24,31-Mar-24,7-Mar-24,Visionary Brands Shine Bright,Rahul Dua,Beauty/Fashion,Lingerie and Swimwear,https://erotissch.com/,2019.0,2,,2.0,,0.0,Middle,Agra,Uttar Pradesh,380.0,,63.0,1.0,10.0,,,,,,75.0,3.0,2500.0,0,,,,,,,,,,,,,,,,,,,,,,,,,,,,,,,,,,,,,Azhar Iqubal,,1.0,1.0,1.0,1.0,,,1.0
3,Niblerzz,34,422,22-Jan-24,31-Mar-24,7-Mar-24,Visionary Brands Shine Bright,Rahul Dua,Food and Beverage,Sugar Free Candy,https://niblerzz.com/,2022.0,2,,2.0,,0.0,Middle,Mumbai,Maharashtra,16.0,5.5,,,-20.0,,,,yes,,50.0,3.0,1666.666667,1,1.0,10.0,5.0,40.0,10.0,200.0,1.0,,,,,,,,,,,,,,10.0,5.0,40.0,,,,,,,,,,,,,,Azhar Iqubal,,1.0,1.0,1.0,1.0,,,1.0
3,Sorich,34,423,22-Jan-24,31-Mar-24,7-Mar-24,Visionary Brands Shine Bright,Rahul Dua,Food and Beverage,Guilt free Snacks,https://sorichorganics.com/,2011.0,2,1.0,1.0,,1.0,Middle,Delhi,Delhi,706.0,55.0,48.0,,,,67.0,,yes,,90.0,2.5,3600.0,0,,,,,,,,,,,,,,,,,,,,,,,,,,,,,,,,,,,,,Azhar Iqubal,,1.0,1.0,1.0,1.0,,,1.0
3,LittleBox,35,424,22-Jan-24,31-Mar-24,8-Mar-24,Inspiring Women Entrepreneurs,Rahul Dua,Beauty/Fashion,Fast fashion D2C,https://littleboxindia.com/,2022.0,2,1.0,1.0,,1.0,Middle,Guwahati,Assam,3600.0,200.0,50.0,,15.0,,,,yes,,75.0,1.0,7500.0,1,1.0,75.0,2.5,,,3000.0,5.0,,,,,15.0,0.5,,15.0,0.5,,15.0,0.5,,15.0,0.5,,,,,,,,15.0,0.5,,,,,,,1.0,1.0,1.0,1.0,,,1.0,
3,CremeCastle,35,425,22-Jan-24,31-Mar-24,8-Mar-24,Inspiring Women Entrepreneurs,Rahul Dua,Food and Beverage,Customised Cakes and bakery products,https://cremecastle.in/,2015.0,2,1.0,1.0,,1.0,Middle,Noida,Uttar Pradesh,720.0,,65.0,,19.0,,,,,,60.0,1.5,4000.0,1,1.0,60.0,2.5,,,2400.0,1.0,,,,,,,,,,,,,,,,,,,,,,,60.0,2.5,,,,,,,1.0,1.0,1.0,1.0,,,1.0,
3,Namakwali,35,426,22-Jan-24,31-Mar-24,8-Mar-24,Inspiring Women Entrepreneurs,Rahul Dua,Food and Beverage,Organic Spices,https://www.namakwali.com/,2018.0,2,1.0,1.0,,0.0,Middle,,Uttarakhand,38.0,3.0,,17.0,,,,,,,50.0,5.0,1000.0,1,1.0,10.0,5.0,40.0,8.0,200.0,1.0,,,,,,,,,,,,,,,,,,,,,,,10.0,5.0,40.0,,,,,,1.0,1.0,1.0,1.0,,,1.0,
3,KariboCosmetics,36,427,22-Jan-24,31-Mar-24,11-Mar-24,Designing Dreams,Rahul Dua,Beauty/Fashion,Customised DIY Lipstick,https://karibocosmetics.com/,2019.0,2,,2.0,,0.0,Young,Mumbai,Maharashtra,80.0,,60.0,50.0,,,,,,,80.0,5.0,1600.0,0,,,,,,,,,,,,,,,,,,,,,,,,,,,,,,,,,,,,,Radhika Gupta,,1.0,,1.0,1.0,1.0,,1.0
3,Deeva,36,428,22-Jan-24,31-Mar-24,11-Mar-24,Designing Dreams,Rahul Dua,Beauty/Fashion,Online Saree Platform,https://thedeeva.com/,2021.0,1,1.0,,,0.0,Middle,Bangana,Himachal Pradesh,700.0,58.0,60.0,,35.0,,,,,,200.0,4.0,5000.0,1,1.0,75.0,6.0,125.0,10.0,1250.0,3.0,,,,,,,,,,,,,,25.0,2.0,41.66,,,,25.0,2.0,41.66,,,,25.0,2.0,41.66,Radhika Gupta,Radhika Gupta,,1.0,,1.0,1.0,1.0,,1.0
3,DesignTemplate,36,429,22-Jan-24,31-Mar-24,11-Mar-24,Designing Dreams,Rahul Dua,Technology/Software,Online Design Marketplace,https://designtemplate.io/,,1,1.0,,,0.0,Middle,Bid,Maharashtra,160.0,16.0,,,,,,,,,100.0,2.5,4000.0,1,1.0,100.0,10.0,,,1000.0,1.0,,,,,,,,,,,,,,100.0,10.0,,,,,,,,,,,,,,,Radhika Gupta,,1.0,,1.0,1.0,1.0,,1.0
3,Sama,37,430,22-Jan-24,31-Mar-24,12-Mar-24,Entrepreneurs Seek Sharks Support,Rahul Dua,Business Services,Online Despite Resolution,https://www.sama.live/,2015.0,3,2.0,1.0,,0.0,Middle,Delhi,"Delhi,Bihar,Kerala",640.0,100.0,,25.0,,,,,funded,,100.0,1.0,10000.0,1,1.0,100.0,1.5,,,6666.666667,3.0,,,,,33.33,0.5,,,,,,,,33.33,0.5,,,,,33.33,0.5,,,,,,,,,,1.0,,1.0,1.0,,1.0,1.0,
3,GoldenFeathers,37,431,22-Jan-24,31-Mar-24,12-Mar-24,Entrepreneurs Seek Sharks Support,Rahul Dua,Manufacturing,Fabrics made from Butchery Chicken Waste,https://goldenfeather.co.in/,2019.0,3,2.0,1.0,,0.0,Middle,Jaipur,Rajasthan,150.0,,,,,,386.0,yes,funded,,500.0,5.0,10000.0,0,,,,,,,,,,,,,,,,,,,,,,,,,,,,,,,,,,,,,,1.0,,1.0,1.0,,1.0,1.0,
3,Myracle.io,37,432,22-Jan-24,31-Mar-24,12-Mar-24,Entrepreneurs Seek Sharks Support,Rahul Dua,Technology/Software,4D Edutainment,https://www.myracle.io/,2021.0,1,1.0,,,0.0,Middle,Mumbai,Maharashtra,,,,,,,,,yes,,120.0,3.0,4000.0,0,,,,,,,,,,,,,,,,,,,,,,,,,,,,,,,,,,,,,,1.0,,1.0,1.0,,1.0,1.0,
3,Cup-ji,38,433,22-Jan-24,31-Mar-24,13-Mar-24,Thoughts And Innovations,Rahul Dua,Food and Beverage,Flavoured Instant Tea in Cups,https://cupji.com/,2022.0,2,2.0,,,0.0,Middle,Mumbai,Maharashtra,62.0,3.5,40.0,,,,,,,,50.0,5.0,1000.0,0,,,,,,,,,,,,,,,,,,,,,,,,,,,,,,,,,,,,,,1.0,1.0,1.0,1.0,,,1.0,
3,AToddlerThing,38,434,22-Jan-24,31-Mar-24,13-Mar-24,Thoughts And Innovations,Rahul Dua,Beauty/Fashion,Baby Clothing and Essentials,https://www.atoddlerthing.com/,2017.0,2,1.0,1.0,,0.0,Middle,Coimbatore,Tamil Nadu,478.0,73.0,52.0,,4.0,,28.0,,funded,,80.0,2.0,4000.0,1,1.0,40.0,2.0,40.0,,2000.0,1.0,,3.0,40.0,,,,,,,,,,,,,,,,,,,,40.0,2.0,40.0,,,,,,1.0,1.0,1.0,1.0,,,1.0,
3,FlexifyMe,38,435,22-Jan-24,31-Mar-24,13-Mar-24,Thoughts And Innovations,Rahul Dua,Medical/Health,Body Pain Management Platform,https://www.flexifyme.com/,2021.0,2,2.0,,,0.0,Middle,Pune,Maharashtra,,33.0,60.0,,,,,,funded,,100.0,2.0,5000.0,1,1.0,50.0,1.32,50.0,10.0,3787.878788,1.0,,,,,50.0,1.32,50.0,,,,,,,,,,,,,,,,,,,,,,,,1.0,1.0,1.0,1.0,,,1.0,
3,Dharaksha,39,436,22-Jan-24,31-Mar-24,14-Mar-24,Sustainability Careers And Spirits,Rahul Dua,Green/CleanTech,Ecosolution Sustainable Material Science,https://www.dharaksha.com/,2020.0,2,2.0,,,0.0,Middle,Faridabad,Haryana,,,,,,,,,funded,,0.0125,1.0,1.25,1,1.0,0.0125,1.0,,,1.25,5.0,,,,,,,,0.0025,0.2,,0.0025,0.2,,0.0025,0.2,,0.0025,0.2,,0.0025,0.2,,,,,,,,,,,1.0,1.0,1.0,1.0,1.0,,
3,iDreamCareer,39,437,22-Jan-24,31-Mar-24,14-Mar-24,Sustainability Careers And Spirits,Rahul Dua,Technology/Software,Career Counseling Platform,https://idreamcareer.com/,2012.0,2,2.0,,,0.0,Middle,"Delhi,Bangalore","Delhi,Karnataka",840.0,,,,,,,,funded,,110.0,1.28,8593.75,1,1.0,60.0,1.0,50.0,8.0,6000.0,2.0,yes,,,,,,,,,,,,,30.0,0.5,25.0,,,,30.0,0.5,25.0,,,,,,,,,,1.0,1.0,1.0,1.0,1.0,,
3,RockPaperRum,39,438,22-Jan-24,31-Mar-24,14-Mar-24,Sustainability Careers And Spirits,Rahul Dua,Liquor/Alcohol,Innovative Indian Rum,https://www.rockpaperrum.com/,2022.0,1,1.0,,,0.0,Middle,Mumbai,Maharashtra,,,,,,,,,funded,,50.0,2.0,2500.0,1,1.0,20.0,1.0,30.0,10.0,2000.0,1.0,,,,,,,,20.0,1.0,30.0,,,,,,,,,,,,,,,,,,,,,,1.0,1.0,1.0,1.0,1.0,,
3,Fit&Flex,40,439,22-Jan-24,31-Mar-24,15-Mar-24,Shaping A Healthier Future,Rahul Dua,Food and Beverage,"Variety of snacks, Muesli, Granola",https://fitandflex.in/,2019.0,1,1.0,,,0.0,Middle,Ahmedabad,Gujarat,460.0,,,8.0,5.0,,35.0,,yes,,100.0,3.0,3333.333333,1,0.0,,,,,,,,,,,,,,,,,,,,,,,,,,,,,,,,,,,,Deepinder Goyal,1.0,1.0,1.0,1.0,,,,1.0
3,Sukham,40,440,22-Jan-24,31-Mar-24,15-Mar-24,Shaping A Healthier Future,Rahul Dua,Medical/Health,Holistic sexual male wellness,https://www.sukham.life/,,4,3.0,1.0,,1.0,Middle,Delhi,Delhi,47.0,21.0,,,,,1.0,,funded,,100.0,3.33,3003.003003,0,,,,,,,,,,,,,,,,,,,,,,,,,,,,,,,,,,,,,Deepinder Goyal,1.0,1.0,1.0,1.0,,,,1.0
3,Smotect,40,441,22-Jan-24,31-Mar-24,15-Mar-24,Shaping A Healthier Future,Rahul Dua,Medical/Health,Quit Smoking by tablets,https://www.smotect.com/,2022.0,1,1.0,,,0.0,Middle,Mumbai,Maharashtra,281.0,100.0,80.0,,18.0,,,,yes,,100.0,1.0,10000.0,1,1.0,50.0,5.0,50.0,15.0,1000.0,1.0,yes,,,,,,,,,,50.0,5.0,50.0,,,,,,,,,,,,,,,,,Deepinder Goyal,1.0,1.0,1.0,1.0,,,,1.0
3,Katidhan,41,442,22-Jan-24,31-Mar-24,18-Mar-24,Cutting-Edge Solutions,Rahul Dua,Manufacturing,Autonomus Light Deterrence System,https://katidhan.com/,2020.0,1,1.0,,,0.0,Middle,Bangalore,Karnataka,60.0,,50.0,30.0,,,,,yes,,150.0,2.5,6000.0,1,1.0,75.0,5.0,75.0,10.0,1500.0,1.0,,,,,,,,,,,,,,,,,,,,75.0,5.0,75.0,,,,,,,,,1.0,1.0,1.0,1.0,,1.0,,
3,NEMAAI,41,443,22-Jan-24,31-Mar-24,18-Mar-24,Cutting-Edge Solutions,Rahul Dua,Technology/Software,AI and Neuroscience based EdTech Platform,https://nemaai.com/,2023.0,1,,1.0,,0.0,Middle,Delhi,Delhi,,0.3,,,,,,,funded,,80.0,5.0,1600.0,1,1.0,40.0,8.0,40.0,10.0,500.0,2.0,,,,,20.0,4.0,20.0,20.0,4.0,20.0,,,,,,,,,,,,,,,,,,,,,1.0,1.0,1.0,1.0,,1.0,,
3,MaplePods,41,444,22-Jan-24,31-Mar-24,18-Mar-24,Cutting-Edge Solutions,Rahul Dua,Business Services,Tech Hospitality and Entertainment Company,https://www.maplepods.com/,2021.0,1,1.0,,,0.0,Middle,Delhi,Delhi,,,,,,,,,,,150.0,5.0,3000.0,0,,,,,,,,,,,,,,,,,,,,,,,,,,,,,,,,,,,,,,1.0,1.0,1.0,1.0,,1.0,,
3,SpecOps,42,445,22-Jan-24,31-Mar-24,19-Mar-24,From Tactics To Wellness,Rahul Dua,Others,Tactical clothing for Military,https://specops.in/,,1,1.0,,,0.0,Middle,,,626.0,70.0,20.0,8.0,,,,,yes,,80.0,2.0,4000.0,1,1.0,40.0,2.0,40.0,12.0,2000.0,2.0,,,,,,,,,,,,,,20.0,1.0,20.0,,,,,,,20.0,1.0,20.0,,,,,,1.0,1.0,1.0,1.0,,,1.0,
3,KaabilKids,42,446,22-Jan-24,31-Mar-24,19-Mar-24,From Tactics To Wellness,Rahul Dua,Technology/Software,Online Chess Training Academy,https://kaabilkids.com/,2019.0,3,2.0,1.0,,0.0,Middle,Noida,Uttar Pradesh,,29.0,,,,,,,funded,,70.0,2.0,3500.0,1,1.0,50.0,2.5,20.0,12.0,2000.0,2.0,,,,,25.0,1.25,10.0,,,,,,,25.0,1.25,10.0,,,,,,,,,,,,,,,1.0,1.0,1.0,1.0,,,1.0,
3,OddGiraffe,42,447,22-Jan-24,31-Mar-24,19-Mar-24,From Tactics To Wellness,Rahul Dua,Lifestyle/Home,Journals and Planners for Mental Wellness,https://www.oddgiraffe.com/,2019.0,2,2.0,,,0.0,Middle,Mumbai,Maharashtra,410.0,27.0,80.0,,,,,,funded,,75.0,7.5,1000.0,0,,,,,,,,,,,,,,,,,,,,,,,,,,,,,,,,,,,,,,1.0,1.0,1.0,1.0,,,1.0,
3,Nemocare,43,448,22-Jan-24,31-Mar-24,20-Mar-24,Groundbreaking Ventures,Rahul Dua,Medical/Health,NeoNatel Wearable Vital Monitor,https://nemocare.in/,2016.0,2,1.0,1.0,,0.0,Middle,"Hyderabad,Bangalore","Telangana,Karnataka",90.0,,66.0,,,,,yes,,,100.0,2.5,4000.0,1,1.0,20.0,0.67,80.0,10.0,2985.074627,1.0,,,,,,,,,,,,,,20.0,0.67,80.0,,,,,,,,,,,,,,Radhika Gupta,,1.0,,1.0,1.0,1.0,,1.0
3,WhySoBlue,43,449,22-Jan-24,31-Mar-24,20-Mar-24,Groundbreaking Ventures,Rahul Dua,Beauty/Fashion,Clothing Brand,https://whysobluelove.com/,2015.0,2,,2.0,,0.0,Middle,Mumbai,Maharashtra,300.0,,,10.0,,,,,,,75.0,3.0,2500.0,1,1.0,40.0,3.0,35.0,10.0,1333.333333,1.0,,,,,,,,,,,,,,,,,,,,40.0,3.0,35.0,,,,,,,,Radhika Gupta,,1.0,,1.0,1.0,1.0,,1.0
3,CoratiaTechnologies,43,450,22-Jan-24,31-Mar-24,20-Mar-24,Groundbreaking Ventures,Rahul Dua,Technology/Software,Unmanned Underwater Robots,https://coratia.com/,2021.0,2,2.0,,,0.0,Middle,Rourkela,Odisha,128.0,,,,,,,,,,80.0,1.0,8000.0,1,1.0,80.0,1.0,,,8000.0,1.0,,,,,,,,,,,,,,,,,,,,80.0,1.0,,,,,,,,,Radhika Gupta,,1.0,,1.0,1.0,1.0,,1.0
3,Coolant,44,451,22-Jan-24,31-Mar-24,21-Mar-24,Venturing Into Tomorrow,Rahul Dua,Manufacturing,Nature-Based Cooling Technology,https://www.coolant.co/,2017.0,1,1.0,,,0.0,Middle,Noida,Uttar Pradesh,110.0,,,,,,,,,,90.0,1.0,9000.0,0,,,,,,,,,,,,,,,,,,,,,,,,,,,,,,,,,,,,,,1.0,1.0,1.0,1.0,,1.0,,
3,Xmachines,44,452,22-Jan-24,31-Mar-24,21-Mar-24,Venturing Into Tomorrow,Rahul Dua,Technology/Software,Robotics and AI for Agriculture,https://www.xmachines.ai/,2017.0,1,1.0,,,0.0,Middle,Hyderabad,Telangana,0.0,,,,,,,,funded,,72.0,4.0,1800.0,1,1.0,72.0,4.0,,,1800.0,2.0,,,,,36.0,2.0,,,,,,,,,,,,,,36.0,2.0,,,,,,,,,,1.0,1.0,1.0,1.0,,1.0,,
3,Luvottica,44,453,22-Jan-24,31-Mar-24,21-Mar-24,Venturing Into Tomorrow,Rahul Dua,Lifestyle/Home,Love-Making Yoga intimate Furniture,https://www.luvottica.in/,2019.0,1,1.0,,,0.0,Middle,Abohar,Punjab,100.0,,80.0,30.0,,,,,,,200.0,10.0,2000.0,0,,,,,,,,,,,,,,,,,,,,,,,,,,,,,,,,,,,,,,1.0,1.0,1.0,1.0,,1.0,,
3,FarmDidi,45,454,22-Jan-24,31-Mar-24,22-Mar-24,From Fields To Roads,Rahul Dua,Food and Beverage,Food Business training App,https://www.farmdidi.com/,2021.0,3,1.0,2.0,,0.0,Middle,"Amravati,Lucknow,Bahadurgarh","Maharashtra,Uttar Pradesh,Haryana",60.0,10.0,65.0,,,,,,funded,,50.0,2.0,2500.0,1,1.0,100.0,10.0,,,1000.0,2.0,,,,,,,,50.0,5.0,,,,,,,,50.0,5.0,,,,,,,,,,,,,1.0,1.0,1.0,1.0,1.0,,,
3,Popcorn,45,455,22-Jan-24,31-Mar-24,22-Mar-24,From Fields To Roads,Rahul Dua,Food and Beverage,Ready to Eat Popcorn,https://pncpopcorn.com/,2019.0,1,1.0,,,0.0,Middle,Delhi,Delhi,180.0,,65.0,15.0,-10.0,,,,,,75.0,7.5,1000.0,1,1.0,75.0,15.0,,,500.0,1.0,,3.0,75.0,,75.0,15.0,,,,,,,,,,,,,,,,,,,,,,,,,1.0,1.0,1.0,1.0,1.0,,,
3,Prorata,45,456,22-Jan-24,31-Mar-24,22-Mar-24,From Fields To Roads,Rahul Dua,Business Services,Fractional Car Ownership Platform,https://www.proratacar.com/,2022.0,1,1.0,,,0.0,Middle,Bangalore,Karnataka,0.0,,,,,,,,funded,,100.0,2.0,5000.0,1,1.0,50.0,10.0,50.0,14.0,500.0,2.0,,,,,,,,,,,25.0,5.0,25.0,,,,25.0,5.0,25.0,,,,,,,,,,,,1.0,1.0,1.0,1.0,1.0,,,
3,Indigifts,46,457,22-Jan-24,31-Mar-24,25-Mar-24,Brands On The Rise,Rahul Dua,Business Services,Personal Festive Corporate Gifting,https://indigifts.in/,2017.0,2,1.0,1.0,,1.0,Middle,Jaipur,Rajasthan,740.0,76.0,75.0,,7.5,,,,yes,,50.0,2.0,2500.0,1,1.0,50.0,4.0,,,1250.0,2.0,,,,,,,,25.0,2.0,,,,,,,,,,,25.0,2.0,,,,,,,,,,,1.0,1.0,1.0,1.0,1.0,,
3,AlienVersions,46,458,22-Jan-24,31-Mar-24,25-Mar-24,Brands On The Rise,Rahul Dua,Vehicles/Electrical Vehicles,FuelV Smart Fuel Caps,https://alienversions.com/,2023.0,2,2.0,,,0.0,Young,"Itanagar,Dehradun","Arunachal Pradesh,Uttarakhand",0.0,,,,,,,,,,50.0,5.0,1000.0,0,,,,,,,,,,,,,,,,,,,,,,,,,,,,,,,,,,,,,,,1.0,1.0,1.0,1.0,1.0,,
3,Rocca,46,459,22-Jan-24,31-Mar-24,25-Mar-24,Brands On The Rise,Rahul Dua,Food and Beverage,Premium Chocolates,https://myrocca.in/,2019.0,2,1.0,1.0,,0.0,Young,Nagpur,Maharashtra,250.0,9.5,60.0,,,,,,funded,,60.0,4.0,1500.0,1,1.0,30.0,2.5,30.0,9.0,1200.0,1.0,,,,,,,,,,,,,,,,,,,,30.0,2.5,30.0,,,,,,,,,,1.0,1.0,1.0,1.0,1.0,,
3,KikoLive,47,460,22-Jan-24,31-Mar-24,26-Mar-24,Entrepreneurs In Action,Rahul Dua,Technology/Software,Listing and Creating Websites for Kirana Sellers,https://kiko.live/,2020.0,3,2.0,1.0,,1.0,Middle,Mumbai,Maharashtra,25.0,3.0,,,,,,yes,funded,,100.0,1.0,10000.0,0,,,,,,,,,,,,,,,,,,,,,,,,,,,,,,,,,,,,,Deepinder Goyal,1.0,1.0,1.0,1.0,,,,1.0
3,Melooha,47,461,22-Jan-24,31-Mar-24,26-Mar-24,Entrepreneurs In Action,Rahul Dua,Others,AI Powered Astrology Platform,https://www.melooha.com/,2022.0,3,2.0,1.0,,0.0,Middle,Bangalore,Karnataka,0.0,,,,,,,yes,,,80.0,2.0,4000.0,0,,,,,,,,,,,,,,,,,,,,,,,,,,,,,,,,,,,,,Deepinder Goyal,1.0,1.0,1.0,1.0,,,,1.0
3,FUTRStudios,47,462,22-Jan-24,31-Mar-24,26-Mar-24,Entrepreneurs In Action,Rahul Dua,Technology/Software,Kyra Virtual Influencer for Businesses,https://www.futrstudios.in/,2022.0,2,2.0,,,0.0,Middle,"Chandigarh,Ahmedabad","Punjab,Gujarat",46.0,,,,,,,,yes,,100.0,2.5,4000.0,0,,,,,,,,,,,,,,,,,,,,,,,,,,,,,,,,,,,,,Deepinder Goyal,1.0,1.0,1.0,1.0,,,,1.0
3,Allter,48,463,22-Jan-24,31-Mar-24,27-Mar-24,Captivating The Sharks,Rahul Dua,Lifestyle/Home,Certified Organic Rash-Free Diapers,https://letsallter.com/,2020.0,1,,1.0,,0.0,Middle,Delhi,Delhi,1000.0,,,,-6.0,,,,yes,,100.0,2.5,4000.0,1,1.0,100.0,4.0,,,2500.0,3.0,,,,,,,,,,,33.33,1.33,,33.33,1.33,,,,,33.33,1.33,,,,,,,,,,1.0,,1.0,1.0,,1.0,1.0,
3,FirstBudOrganics,48,464,22-Jan-24,31-Mar-24,27-Mar-24,Captivating The Sharks,Rahul Dua,Food and Beverage,Organic Products,https://firstbud.in/,2017.0,2,1.0,1.0,,0.0,Middle,Deoghar,Jharkhand,150.0,22.0,,,15.0,,20.0,,yes,,50.0,7.0,714.2857143,1,1.0,50.0,10.0,,,500.0,1.0,,,,,,,,,,,,,,,,,,,,50.0,10.0,,,,,,,,,,1.0,,1.0,1.0,,1.0,1.0,
3,Shararat,48,465,22-Jan-24,31-Mar-24,27-Mar-24,Captivating The Sharks,Rahul Dua,Lifestyle/Home,Bedroom intimacy Fashion,https://shararat.in/,2020.0,2,1.0,1.0,,1.0,Middle,Noida,Uttar Pradesh,330.0,27.0,,,,,,,funded,,60.0,7.0,857.1428571,0,,,,,,,,,,,,,,,,,,,,,,,,,,,,,,,,,,,,,,1.0,,1.0,1.0,,1.0,1.0,
3,Competishun,49,466,22-Jan-24,31-Mar-24,28-Mar-24,"Thrift, Brews And Brains",Rahul Dua,Children/Education,Coaching classes for IIT/JEE,https://competishun.com/,2020.0,3,3.0,,,0.0,Middle,Jaipur,Rajasthan,1025.0,,,,,,,,,,200.0,1.0,20000.0,0,,,,,,,,,,,,,,,,,,,,,,,,,,,,,,,,,,,,,Azhar Iqubal,,1.0,1.0,1.0,1.0,,,1.0
3,BombayClosetCleanse,49,467,22-Jan-24,31-Mar-24,28-Mar-24,"Thrift, Brews And Brains",Rahul Dua,Beauty/Fashion,Thrift shop resale Platform,https://bombayclosetcleanse.in/,2020.0,2,,2.0,,0.0,Young,Mumbai,Maharashtra,190.0,20.0,,15.0,,,,,,,100.0,2.5,4000.0,0,,,,,,,,,,,,,,,,,,,,,,,,,,,,,,,,,,,,,Azhar Iqubal,,1.0,1.0,1.0,1.0,,,1.0
3,KioskKaffee,49,468,22-Jan-24,31-Mar-24,28-Mar-24,"Thrift, Brews And Brains",Rahul Dua,Food and Beverage,Premium Coffee,https://kiosk-kaffee.com/,2020.0,3,3.0,,,0.0,Middle,Pune,Maharashtra,840.0,,,9.0,,,,,,,90.0,3.0,3000.0,0,,,,,,,,,,,,,,,,,,,,,,,,,,,,,,,,,,,,,Azhar Iqubal,,1.0,1.0,1.0,1.0,,,1.0
3,NeonAttack,50,469,22-Jan-24,31-Mar-24,29-Mar-24,Entrepreneurs Present Unique Ventures,Rahul Dua,Lifestyle/Home,Premium Quality Neon Signs,https://www.neonattack.com/,2020.0,2,2.0,,,0.0,Young,Hyderabad,Telangana,1000.0,63.0,,15.0,,,,,,,75.0,3.0,2500.0,1,1.0,50.0,2.0,25.0,,2500.0,2.0,,2.0,50.0,,25.0,1.0,12.5,,,,,,,25.0,1.0,12.5,,,,,,,,,,,,,,,1.0,1.0,1.0,1.0,,,1.0,
3,PTal,50,470,22-Jan-24,31-Mar-24,29-Mar-24,Entrepreneurs Present Unique Ventures,Rahul Dua,Lifestyle/Home,"Copper, Brass, and Bronze Kitchenware",https://ptal.in/,2017.0,3,2.0,1.0,,0.0,Young,Amritsar,Punjab,398.0,,,,6.0,,,,funded,,50.0,1.0,5000.0,1,1.0,100.0,3.2,,,3125.0,5.0,,,,,20.0,0.64,,20.0,0.64,,20.0,0.64,,20.0,0.64,,,,,,,,20.0,0.64,,,,,,,1.0,1.0,1.0,1.0,,,1.0,
3,RoadPilot,50,471,22-Jan-24,31-Mar-24,29-Mar-24,Entrepreneurs Present Unique Ventures,Rahul Dua,Technology/Software,App for Truck Drivers and Fleet Owners,https://roadpilot.co.in/,2021.0,2,1.0,1.0,,0.0,Middle,Lucknow,Uttar Pradesh,,,,,,,,,,,80.0,5.0,1600.0,0,,,,,,,,,,,,,,,,,,,,,,,,,,,,,,,,,,,,,,1.0,1.0,1.0,1.0,,,1.0,
3,SmartMop,51,472,22-Jan-24,31-Mar-24,30-Mar-24,Brilliant Businesses,Snehil Dixit Mehra,Lifestyle/Home,Caspian smart household cleaning device,https://www.smartmop.in/,2022.0,2,2.0,,,0.0,Young,Mysuru,Karnataka,,,,,,,,yes,,,15.0,1.0,1500.0,0,,,,,,,,,,,,,,,,,,,,,,,,,,,,,,,,,,,,,Azhar Iqubal,1.0,1.0,1.0,1.0,,,,1.0
3,Lea,51,473,22-Jan-24,31-Mar-24,30-Mar-24,Brilliant Businesses,Snehil Dixit Mehra,Beauty/Fashion,"With real curves, to celebrate and accentuate the skin",https://www.leaclothingco.com/,2021.0,2,,2.0,,0.0,Middle,Noida,Uttar Pradesh,300.0,60.0,80.0,,20.0,,,,,,100.0,2.0,5000.0,1,1.0,100.0,4.0,,,2500.0,4.0,,2.0,150.0,,25.0,1.0,,25.0,1.0,,25.0,1.0,,,,,,,,,,,,,,25.0,1.0,,Azhar Iqubal,Azhar Iqubal,1.0,1.0,1.0,1.0,,,,1.0
3,$KrishnaRama,51,474,22-Jan-24,31-Mar-24,30-Mar-24,Brilliant Businesses,Snehil Dixit Mehra,Entertainment,Movie,,2023.0,2,2.0,,,0.0,Middle,Hyderabad,Telangana,,,,,,,,,,,200.0,30.0,666.6666667,0,,,,,,,,,,,,,,,,,,,,,,,,,,,,,,,,,,,,,Azhar Iqubal,1.0,1.0,1.0,1.0,,,,1.0
3,Rentit4me,51,475,22-Jan-24,31-Mar-24,30-Mar-24,Brilliant Businesses,Snehil Dixit Mehra,Business Services,Marketplace where people can “Give on Rent” & “Take on Rent,https://rentit4me.com/,2023.0,3,1.0,2.0,,1.0,Middle,Gurugram,Haryana,142.0,23.0,36.0,12.0,,,,,,,150.0,5.0,3000.0,0,,,,,,,,,,,,,,,,,,,,,,,,,,,,,,,,,,,,,Azhar Iqubal,1.0,1.0,1.0,1.0,,,,1.0
3,CoolTheGlobe,52,476,22-Jan-24,31-Mar-24,31-Mar-24,Ecopreneur Special,Snehil Dixit Mehra,Green/CleanTech,Movement to combat climate change,https://www.cooltheglobe.org/,2023.0,1,,1.0,,0.0,Middle,Pune,Maharashtra,0.0,,,,,,,,,,25.0,5.0,500.0,1,1.0,25.0,8.0,,,312.5,2.0,,,,,,,,,,,,,,12.5,4.0,,,,,,,,,,,12.5,4.0,,Radhika Gupta,"Azhar Iqubal,Radhika Gupta",1.0,,1.0,1.0,,,,2.0
3,Canvaloop,52,477,22-Jan-24,31-Mar-24,31-Mar-24,Ecopreneur Special,Snehil Dixit Mehra,Green/CleanTech,Sustainable fabrics manufacturer,http://www.canvaloop.com/,2020.0,2,1.0,1.0,,1.0,Middle,Surat,Gujarat,320.0,120.0,,,27.0,,,,funded,,100.0,1.33,7518.796992,1,1.0,200.0,4.0,,,5000.0,5.0,,,,,40.0,0.8,,,,,40.0,0.8,,40.0,0.8,,,,,,,,,,,80.0,1.6,,"Azhar Iqubal,Radhika Gupta","Azhar Iqubal,Radhika Gupta",1.0,,1.0,1.0,,,,2.0
3,DigitalPaani,52,478,22-Jan-24,31-Mar-24,31-Mar-24,Ecopreneur Special,Snehil Dixit Mehra,Green/CleanTech,"Manage plants, deliver safe, compliant operations",https://www.digitalpaani.com/,2020.0,2,1.0,1.0,,0.0,Middle,Jaipur,Rajasthan,220.0,,30.0,,,,,,funded,,70.0,1.0,7000.0,0,,,,,,,,,,,,,,,,,,,,,,,,,,,,,,,,,,,,,"Azhar Iqubal,Radhika Gupta",1.0,,1.0,1.0,,,,2.0
4,FAEBeauty,1,479,6-Jan-25,18-Mar-25,6-Jan-25,New Brands Same Spirit,Sahiba Bali/Aashish Solanki,Beauty/Fashion,Innovative beauty products,https://www.faebeauty.in/,2019.0,1,0.0,1.0,,0.0,Middle,Mumbai,Maharashtra,1000.0,,,,12.0,,50.0,,funded,,100.0,1.0,10000.0,1,1.0,100.0,1.5,,,6666.666667,2.0,,,,,50.0,0.75,,,,,,,,50.0,0.75,,,,,,,,,,,,,,,,1.0,1.0,1.0,1.0,1.0,,,
4,CONFECT,1,480,6-Jan-25,18-Mar-25,6-Jan-25,New Brands Same Spirit,Sahiba Bali/Aashish Solanki,Food and Beverage,Delectable premium confectionery,https://www.confect.in/,2018.0,1,0.0,1.0,,0.0,Middle,Delhi,Delhi,,125.0,,,,,800.0,,,,100.0,1.0,10000.0,1,1.0,100.0,2.0,,,5000.0,1.0,yes,2.0,100.0,,100.0,2.0,,,,,,,,,,,,,,,,,,,,,,,,,1.0,1.0,1.0,1.0,1.0,,,
4,Indulge,1,481,6-Jan-25,18-Mar-25,6-Jan-25,New Brands Same Spirit,Sahiba Bali/Aashish Solanki,Technology/Software,Global luxury app,https://indulge.global/,,2,1.0,1.0,,0.0,Middle,Goa,Goa,,30.0,,,80.0,,,,,,50.0,1.0,5000.0,0,,,,,,,,,,,,,,,,,,,,,,,,,,,,,,,,,,,,,,1.0,1.0,1.0,1.0,1.0,,,
4,BLFabric,2,482,6-Jan-25,18-Mar-25,7-Jan-25,"Threads, Kicks And Care",Sahiba Bali/Aashish Solanki,Beauty/Fashion,Fabric retail offerings,https://blfabric.com/,2021.0,1,1.0,0.0,,0.0,Middle,Surat,Gujarat,525.0,240.0,,10.0,,,250.0,,,,100.0,2.0,5000.0,1,1.0,100.0,5.0,,,2000.0,2.0,yes,,,,,,,,,,,,,,,,,,,50.0,2.5,,,,,50.0,2.5,,Kunal Bahl,Kunal Bahl,1.0,1.0,,1.0,,1.0,,1.0
4,CultureCircle,2,483,6-Jan-25,18-Mar-25,7-Jan-25,"Threads, Kicks And Care",Sahiba Bali/Aashish Solanki,Beauty/Fashion,Authentic and affordable sneaker collection,https://www.culture-circle.com/,2023.0,2,2.0,0.0,,0.0,Young,Gurugram,Haryana,,44.0,,,,,,,funded,,120.0,0.5,24000.0,1,1.0,300.0,3.0,,,10000.0,2.0,,,,,,,,,,,,,,,,,,,,150.0,1.5,,,,,150.0,1.5,,Kunal Bahl,Kunal Bahl,1.0,1.0,,1.0,,1.0,,1.0
4,NexeraHealth,2,484,6-Jan-25,18-Mar-25,7-Jan-25,"Threads, Kicks And Care",Sahiba Bali/Aashish Solanki,Medical/Health,Healthcare solution for employees,https://nexera.health/,2024.0,1,1.0,0.0,,0.0,Young,Jaipur,Rajasthan,,,,,,,,,,,75.0,1.0,7500.0,0,,,,,,,,,,,,,,,,,,,,,,,,,,,,,,,,,,,,,Kunal Bahl,1.0,1.0,,1.0,,1.0,,1.0
4,NOOE,3,485,6-Jan-25,18-Mar-25,8-Jan-25,From Style To Sustainability,Sahiba Bali/Aashish Solanki,Technology/Software,Premium lifestyle accessories,https://nooe.co/,2022.0,2,1.0,1.0,,0.0,Middle,"Delhi,Pune","Delhi,Maharashtra",,50.0,,40.0,,,,,funded,,50.0,1.0,5000.0,1,1.0,500.0,51.0,,,980.3921569,1.0,yes,,,,,,,,,,,,,,,,500.0,51.0,,,,,,,,,,,,Kunal Bahl,,1.0,1.0,1.0,1.0,,,1.0
4,GoZero,3,486,6-Jan-25,18-Mar-25,8-Jan-25,From Style To Sustainability,Sahiba Bali/Aashish Solanki,Food and Beverage,Indulgent guilt-free ice creams,https://letsgozero.in/,2022.0,1,1.0,0.0,,0.0,Middle,Mumbai,Maharashtra,,330.0,70.0,,,,,,funded,,100.0,1.0,10000.0,1,1.0,100.0,1.5,,,6666.666667,1.0,,,,,,,,,,,,,,100.0,1.5,,,,,,,,,,,,,,,Kunal Bahl,,1.0,1.0,1.0,1.0,,,1.0
4,CurveElectric,3,487,6-Jan-25,18-Mar-25,8-Jan-25,From Style To Sustainability,Sahiba Bali/Aashish Solanki,Technology/Software,e-bike sharing system,https://www.curveelectric.com/,2023.0,2,2.0,0.0,,0.0,Middle,Srinagar,Jammu & Kashmir,,,,,4.5,,150.0,,funded,,500.0,5.0,10000.0,0,,,,,,,,,,,,,,,,,,,,,,,,,,,,,,,,,,,,,Kunal Bahl,,1.0,1.0,1.0,1.0,,,1.0
4,Gudworld,4,488,6-Jan-25,18-Mar-25,9-Jan-25,Sweet Innovations And Smart Solutions,Sahiba Bali/Aashish Solanki,Food and Beverage,Organic jaggery delights,https://gudworld.in/,2021.0,2,0.0,2.0,,0.0,Young,Aurangabad,Maharashtra,600.0,69.0,,,14.2,,,,,,50.0,2.0,2500.0,1,1.0,50.0,5.0,,,1000.0,1.0,,,,,,,,,,,,,,50.0,5.0,,,,,,,,,,,,,,,Varun Dua,,1.0,1.0,1.0,1.0,,,1.0
4,airth,4,489,6-Jan-25,18-Mar-25,9-Jan-25,Sweet Innovations And Smart Solutions,Sahiba Bali/Aashish Solanki,Lifestyle/Home,Innovative air purifiers for ACs,https://airth.in/,2023.0,2,2.0,0.0,,0.0,Middle,Delhi,Delhi,600.0,40.0,,,,,,yes,funded,,60.0,1.0,6000.0,1,1.0,100.0,3.7,,,2702.702703,2.0,,,,,,,,50.0,1.85,,,,,50.0,1.85,,,,,,,,,,,,,,,Varun Dua,,1.0,1.0,1.0,1.0,,,1.0
4,OneDios,4,490,6-Jan-25,18-Mar-25,9-Jan-25,Sweet Innovations And Smart Solutions,Sahiba Bali/Aashish Solanki,Lifestyle/Home,Convenient service request platform,https://www.onedios.com/,2019.0,1,1.0,0.0,,0.0,Middle,Noida,Uttar Pradesh,357.0,,,,,,,,funded,,75.0,1.5,5000.0,0,,,,,,,,,,,,,,,,,,,,,,,,,,,,,,,,,,,,,Varun Dua,,1.0,1.0,1.0,1.0,,,1.0
4,InnerGize,5,491,6-Jan-25,18-Mar-25,10-Jan-25,Pitching Wellness And Luxury,Sahiba Bali/Aashish Solanki,Medical/Health,Mental wellness wearables,https://getinnergize.com/,2023.0,3,2.0,1.0,,0.0,Middle,Delhi,Delhi,,,,,,,,yes,,,54.0,1.5,3600.0,1,1.0,100.0,4.2,,,2380.952381,3.0,,,,,,,,,,,,,,33.333,1.4,,,,,33.333,1.4,,,,,33.333,1.4,,Azhar Iqubal,"Kunal Bahl,Azhar Iqubal",,1.0,,1.0,,1.0,,2.0
4,PersonalTouchSkincare,5,492,6-Jan-25,18-Mar-25,10-Jan-25,Pitching Wellness And Luxury,Sahiba Bali/Aashish Solanki,Beauty/Fashion,Premium skin body home care,https://www.skincarepersonaltouch.com/,2022.0,2,1.0,1.0,,0.0,Middle,Panipat,Haryana,1200.0,,,,14.0,,38.0,,,,120.0,1.0,12000.0,0,,,,,,,,,,,,,,,,,,,,,,,,,,,,,,,,,,,,,"Kunal Bahl,Azhar Iqubal",,1.0,,1.0,,1.0,,2.0
4,KIWIKisanWindow,5,493,6-Jan-25,18-Mar-25,10-Jan-25,Pitching Wellness And Luxury,Sahiba Bali/Aashish Solanki,Lifestyle/Home,Organic grocery solutions,https://kiwikisanwindow.com/,2017.0,2,1.0,1.0,,1.0,Middle,Dehradun,Uttarakhand,506.0,,,,5.3,,250.0,,funded,,50.0,1.0,5000.0,1,1.0,250.0,10.0,,,2500.0,1.0,,,,,,,,,,,,,,,,,,,,,,,,,,250.0,10.0,,Kunal Bahl,"Kunal Bahl,Azhar Iqubal",,1.0,,1.0,,1.0,,2.0
4,TripoleGear,6,494,6-Jan-25,18-Mar-25,13-Jan-25,"Tech, Travel And Cheesecake",Sahiba Bali,Fitness/Sports/Outdoors,Trekking gear essentials backpacks,https://tripole.in/,2017.0,1,1.0,0.0,,0.0,Middle,Delhi,Delhi,1420.0,160.0,47.0,,6.0,,250.0,,yes,,100.0,1.0,10000.0,1,1.0,75.0,1.15,25.0,9.0,6521.73913,1.0,,,,,,,,,,,,,,,,,,,,75.0,1.15,25.0,,,,,,,,Kunal Bahl,1.0,,1.0,1.0,,1.0,,1.0
4,Neosapien,6,495,6-Jan-25,18-Mar-25,13-Jan-25,"Tech, Travel And Cheesecake",Sahiba Bali,Technology/Software,AI-powered superhuman personal assistant,https://neosapien.xyz/,2024.0,2,2.0,0.0,,0.0,Young,"Gwalior,Indore",Madhya Pradesh,,,,,,,,,,,80.0,2.5,3200.0,1,1.0,80.0,4.0,,,2000.0,1.0,,,,,80.0,4.0,,,,,,,,,,,,,,,,,,,,,,,,Kunal Bahl,1.0,,1.0,1.0,,1.0,,1.0
4,MissCheesecake,6,496,6-Jan-25,18-Mar-25,13-Jan-25,"Tech, Travel And Cheesecake",Sahiba Bali,Food and Beverage,Delightful affordable cheesecakes,https://www.misscheesecake.store/,2024.0,2,1.0,1.0,,0.0,Young,Jodhpur,Rajasthan,,850.0,50.0,35.0,,,6.0,,,,30.0,5.0,600.0,1,0.0,,,,,,,,,,,,,,,,,,,,,,,,,,,,,,,,,,,,Kunal Bahl,1.0,,1.0,1.0,,1.0,,1.0
4,SpeedKitchen,7,497,6-Jan-25,18-Mar-25,14-Jan-25,From Culinary To Creativity,Sahiba Bali/Aashish Solanki,Food and Beverage,Ready-to-move kitchens,https://speedkitchen.in/,2021.0,2,2.0,0.0,,0.0,Middle,Delhi,Delhi,550.0,,,2.0,4.5,,,,yes,,200.0,3.0,6666.666667,1,1.0,200.0,6.0,,,3333.333333,3.0,,,,,,,,,,,,,,,,,,,,66.66,2.0,,,,,133.33,4.0,,"Kunal Bahl,Azhar Iqubal","Kunal Bahl,Azhar Iqubal",,1.0,,1.0,,1.0,,2.0
4,MudgarClub,7,498,6-Jan-25,18-Mar-25,14-Jan-25,From Culinary To Creativity,Sahiba Bali/Aashish Solanki,Fitness/Sports/Outdoors,Traditional fitness tools,https://www.mudgarclub.com/,2023.0,2,2.0,0.0,,0.0,Middle,,Haryana,,10.0,,,,,,,,,50.0,10.0,500.0,1,1.0,50.0,12.5,,,400.0,1.0,,,,,,,,,,,,,,,,,,,,50.0,12.5,,,,,,,,,"Kunal Bahl,Azhar Iqubal",,1.0,,1.0,,1.0,,2.0
4,ImagiMake,7,499,6-Jan-25,18-Mar-25,14-Jan-25,From Culinary To Creativity,Sahiba Bali/Aashish Solanki,Children/Education,Creative games and toys,https://imagimake.com/,2014.0,2,1.0,1.0,,1.0,Middle,Mumbai,Maharashtra,5600.0,,,,,,,yes,funded,,150.0,0.5,30000.0,1,0.0,,,,,,,,,,,,,,,,,,,,,,,,,,,,,,,,,,,,"Kunal Bahl,Azhar Iqubal",,1.0,,1.0,,1.0,,2.0
4,BeastLife,8,500,6-Jan-25,18-Mar-25,15-Jan-25,"Health, Style And Care",Aashish Solanki,Medical/Health,Affordable protein supplements,https://beastlife.in/,2024.0,2,2.0,0.0,,0.0,Middle,"Kanpur,Lucknow",Uttar Pradesh,,23.0,,,,,,,,,100.0,1.0,10000.0,0,,,,,,,,,,,,,,,,,,,,,,,,,,,,,,,,,,,,,Kunal Bahl,,1.0,1.0,1.0,1.0,,,1.0
4,GoDevil,8,501,6-Jan-25,18-Mar-25,15-Jan-25,"Health, Style And Care",Aashish Solanki,Beauty/Fashion,Trendy online fashion,https://godevil.in/,2022.0,2,1.0,1.0,,0.0,Young,Gurugram,Haryana,275.0,51.0,60.0,,,,,,,,80.0,2.0,4000.0,0,,,,,,,,,,,,,,,,,,,,,,,,,,,,,,,,,,,,,Kunal Bahl,,1.0,1.0,1.0,1.0,,,1.0
4,Havintha,8,502,6-Jan-25,18-Mar-25,15-Jan-25,"Health, Style And Care",Aashish Solanki,Beauty/Fashion,Premium hair care products,https://havintha.in/,,1,1.0,0.0,,0.0,Middle,Indore,Madhya Pradesh,500.0,62.0,,,,,,,,,50.0,2.0,2500.0,1,0.0,,,,,,,,,,,,,,,,,,,,,,,,,,,,,,,,,,,,Kunal Bahl,,1.0,1.0,1.0,1.0,,,1.0
4,NurturingGreen,9,503,6-Jan-25,18-Mar-25,16-Jan-25,Green Ventures Face Off,Sahiba Bali/Aashish Solanki,Lifestyle/Home,Online plant nursery,https://nurturinggreen.in/,2010.0,1,1.0,0.0,,0.0,Middle,Lucknow,Uttar Pradesh,2800.0,400.0,,,5.0,,,,,yes,100.0,1.0,10000.0,1,1.0,50.0,1.25,50.0,10.0,4000.0,1.0,,,,,,,,50.0,1.25,50.0,,,,,,,,,,,,,,,,,,,,Kunal Bahl,1.0,1.0,1.0,,1.0,,,1.0
4,kyari,9,504,6-Jan-25,18-Mar-25,16-Jan-25,Green Ventures Face Off,Sahiba Bali/Aashish Solanki,Lifestyle/Home,Online plant nursery,https://kyari.co/,2022.0,2,2.0,0.0,,0.0,Middle,Indore,Madhya Pradesh,1048.0,263.0,70.0,,,,,,funded,yes,80.0,0.8,10000.0,1,0.0,,,,,,,,,,,,,,,,,,,,,,,,,,,,,,,,,,,,Kunal Bahl,1.0,1.0,1.0,,1.0,,,1.0
4,ProjectClay,10,505,6-Jan-25,18-Mar-25,17-Jan-25,Young Entrepreneurs Take the Stage,Sahiba Bali/Aashish Solanki,Children/Education,One-on-one college application mentorship,https://www.projectclay.com/,2024.0,2,1.0,1.0,,0.0,Young,Goa,Goa,,,,,,,,,,,15.0,10.0,150.0,1,1.0,15.0,10.0,,,150.0,1.0,,,,,15.0,10.0,,,,,,,,,,,,,,,,,,,,,,,,,1.0,1.0,1.0,1.0,1.0,,,
4,DeniBikes,10,506,6-Jan-25,18-Mar-25,17-Jan-25,Young Entrepreneurs Take the Stage,Sahiba Bali/Aashish Solanki,Vehicles/Electrical Vehicles,Affordable and eco-friendly electric motorcycles,,,1,1.0,0.0,,0.0,Young,Pune,Maharashtra,,,,,,,,,,,30.0,10.0,300.0,0,,,,,,,,,,,,,,,,,,,,,,,,,,,,,,,,,,,,,,1.0,1.0,1.0,1.0,1.0,,,
4,PrettyLittleShop,10,507,6-Jan-25,18-Mar-25,17-Jan-25,Young Entrepreneurs Take the Stage,Sahiba Bali/Aashish Solanki,Lifestyle/Home,Personalized gift solutions,https://prettylittleshopp.in/,2021.0,1,0.0,1.0,,0.0,Young,Mumbai,Maharashtra,,86.0,77.0,62.0,,,,,,,30.0,10.0,300.0,0,,,,,,,,,,,,,,,,,,,,,,,,,,,,,,,,,,,,,,1.0,1.0,1.0,1.0,1.0,,,
4,Aquapeya,11,508,6-Jan-25,18-Mar-25,20-Jan-25,Smart Solutions And Creative Ideas,Aashish Solanki,Lifestyle/Home,Natural mineral water,https://www.aquapeya.com/,2018.0,2,2.0,0.0,,0.0,Middle,Sangli,Maharashtra,1200.0,,,,16.0,,,,,,70.0,2.0,3500.0,1,1.0,70.0,3.0,,,2333.333333,2.0,,1.0,70.0,,35.0,1.5,,,,,,,,,,,,,,35.0,1.5,,,,,,,,,,1.0,,1.0,1.0,1.0,1.0,,
4,Jarsh,11,509,6-Jan-25,18-Mar-25,20-Jan-25,Smart Solutions And Creative Ideas,Aashish Solanki,Manufacturing,Innovative safety wearables,https://jarshsafety.com/,2016.0,3,3.0,0.0,,0.0,Middle,Hyderabad,Telangana,,50.0,,,,,,yes,funded,,50.0,1.0,5000.0,1,1.0,50.0,1.5,,,3333.333333,1.0,,,,,,,,,,,,,,50.0,1.5,,,,,,,,,,,,,,,,1.0,,1.0,1.0,1.0,1.0,,
4,DACBY,11,510,6-Jan-25,18-Mar-25,20-Jan-25,Smart Solutions And Creative Ideas,Aashish Solanki,Beauty/Fashion,Platform for pre-owned gaming consoles,https://dacby.com/,2022.0,1,1.0,0.0,,0.0,Middle,Kanpur,Uttar Pradesh,,30.0,24.0,,,,,,funded,,75.0,2.2,3409.090909,0,,,,,,,,,,,,,,,,,,,,,,,,,,,,,,,,,,,,,,1.0,,1.0,1.0,1.0,1.0,,
4,Shyle,12,511,6-Jan-25,18-Mar-25,21-Jan-25,Heritage Meets Modernity,Sahiba Bali,Beauty/Fashion,Handcrafted jewellery silver,https://www.shyle.in/,2017.0,2,1.0,1.0,,1.0,Middle,Jaipur,Rajasthan,1500.0,120.0,,,,,,,yes,,70.0,1.0,7000.0,1,1.0,70.0,1.5,,,4666.666667,2.0,,0.5,70.0,,35.0,0.75,,,,,,,,,,,,,,35.0,0.75,,,,,,,,,Kunal Bahl,1.0,1.0,1.0,,,1.0,,1.0
4,SavaniHeritage,12,512,6-Jan-25,18-Mar-25,21-Jan-25,Heritage Meets Modernity,Sahiba Bali,Business Services,Innovative restoration techniques,https://www.savaniheritage.com/,1995.0,3,3.0,0.0,,0.0,Middle,Mumbai,Maharashtra,12400.0,,,9.0,,,,,,,300.0,1.0,30000.0,1,1.0,100.0,0.8,200.0,10.0,12500.0,1.0,,,,,,,,,,,,,,,,,,,,100.0,0.8,200.0,,,,,,,,Kunal Bahl,1.0,1.0,1.0,,,1.0,,1.0
4,SNEAKINN,12,513,6-Jan-25,18-Mar-25,21-Jan-25,Heritage Meets Modernity,Sahiba Bali,Beauty/Fashion,Premium sneaker care solutions,https://sneakinn.in/,2020.0,2,1.0,1.0,,1.0,Middle,Gurugram,Haryana,590.0,,43.0,,15.0,,,,,,90.0,3.0,3000.0,1,1.0,90.0,6.5,,,1384.615385,1.0,,,,,,,,,,,90.0,6.5,,,,,,,,,,,,,,,,,,Kunal Bahl,1.0,1.0,1.0,,,1.0,,1.0
4,fupro,13,514,6-Jan-25,18-Mar-25,22-Jan-25,Revolutionizing Lives And Businesses,Sahiba Bali/Aashish Solanki,Medical/Health,Affordable prosthetics Orthotics,https://fupro.in/,,2,2.0,0.0,,0.0,Young,Chandigarh,"Punjab,Kerala",250.0,,45.0,,19.0,,20.0,yes,yes,,60.0,1.0,6000.0,1,1.0,60.0,4.0,,,1500.0,3.0,,,,,20.0,1.333,,,,,,,,20.0,1.333,,,,,20.0,1.333,,,,,,,,,Kunal Bahl,1.0,,1.0,1.0,,1.0,,1.0
4,Kanvas,13,515,6-Jan-25,18-Mar-25,22-Jan-25,Revolutionizing Lives And Businesses,Sahiba Bali/Aashish Solanki,Beauty/Fashion,Heritage-inspired fashion footwear,https://kanvas.world/,,1,0.0,1.0,,0.0,Young,Mumbai,Maharashtra,77.0,,,15.0,,,,,,,60.0,6.0,1000.0,0,,,,,,,,,,,,,,,,,,,,,,,,,,,,,,,,,,,,,Kunal Bahl,1.0,,1.0,1.0,,1.0,,1.0
4,ezo,13,516,6-Jan-25,18-Mar-25,22-Jan-25,Revolutionizing Lives And Businesses,Sahiba Bali/Aashish Solanki,Manufacturing,Innovative billing machines,https://store.ezobooks.in/,,3,3.0,0.0,,0.0,Middle,Akola,Maharashtra,1200.0,,,,,,,,,,50.0,0.33,15151.51515,0,,,,,,,,,,,,,,,,,,,,,,,,,,,,,,,,,,,,,Kunal Bahl,1.0,,1.0,1.0,,1.0,,1.0
4,Seven,14,517,6-Jan-25,18-Mar-25,23-Jan-25,Tech Meets Creativity And Care,Aashish Solanki,Technology/Software,Innovative payment wearables developed,https://seven.ooo/,2018.0,3,3.0,0.0,,0.0,Middle,Mumbai,Maharashtra,61.0,,,,,,,yes,funded,,75.0,1.0,7500.0,1,1.0,75.0,1.5,,,5000.0,3.0,,,,1.5,,,,25.0,0.5,,,,,,,,25.0,0.5,,,,,,,,25.0,0.5,,Varun Dua,Varun Dua,,1.0,1.0,1.0,1.0,,,1.0
4,TheFutureAnimations,14,518,6-Jan-25,18-Mar-25,23-Jan-25,Tech Meets Creativity And Care,Aashish Solanki,Technology/Software,Captivating two-dimensional animations,https://thefutureanimations.com/,2019.0,2,2.0,0.0,,0.0,Young,Delhi,Delhi,160.0,8.0,,40.0,,,,,,,50.0,2.5,2000.0,1,1.0,50.0,10.0,,,500.0,1.0,,,,,,,,,,,,,,,,,50.0,10.0,,,,,,,,,,,,Varun Dua,,1.0,1.0,1.0,1.0,,,1.0
4,Aignosis,14,519,6-Jan-25,18-Mar-25,23-Jan-25,Tech Meets Creativity And Care,Aashish Solanki,Technology/Software,"Early screening, diagnosis, and detection of autism",https://aignosis.in/,2024.0,2,2.0,0.0,,0.0,Young,Jaipur,Rajasthan,,,,,,,,,,,50.0,4.0,1250.0,1,1.0,100.0,8.0,,,1250.0,3.0,,,,,,,,,,,,,,33.333,2.666,,33.333,2.666,,,,,,,,33.333,2.666,,Varun Dua,Varun Dua,,1.0,1.0,1.0,1.0,,,1.0
4,Rosha,15,520,6-Jan-25,18-Mar-25,24-Jan-25,The Age Of Portable Lighting And Vitamin Patches,Sahiba Bali/Aashish Solanki,Manufacturing,"Wireless, portable, and rechargeable lighting lamps",https://roshaindia.com/,2019.0,3,3.0,0.0,,0.0,Middle,Delhi,Delhi,800.0,,,15.0,,,,,yes,,60.0,1.0,6000.0,1,1.0,60.0,4.0,,,1500.0,2.0,,1.5,90.0,,,,,,,,,,,30.0,2.0,,,,,30.0,2.0,,,,,,,,,,1.0,,1.0,1.0,1.0,1.0,,
4,MakeMyPayment,15,521,6-Jan-25,18-Mar-25,24-Jan-25,The Age Of Portable Lighting And Vitamin Patches,Sahiba Bali/Aashish Solanki,Technology/Software,Automated online fees payment reminder system,https://www.makepayment.in/,2024.0,4,3.0,1.0,,1.0,Middle,Ujjain,Madhya Pradesh,,,,,,,,,,,30.0,3.0,1000.0,0,,,,,,,,,,,,,,,,,,,,,,,,,,,,,,,,,,,,,,1.0,,1.0,1.0,1.0,1.0,,
4,PatchUp,15,522,6-Jan-25,18-Mar-25,24-Jan-25,The Age Of Portable Lighting And Vitamin Patches,Sahiba Bali/Aashish Solanki,Medical/Health,Patches that provide vitamins through skin absorption,https://patchuphealth.com/,2024.0,1,0.0,1.0,,0.0,Middle,Delhi,Delhi,,,90.0,,10.0,,,,,,50.0,1.75,2857.142857,1,1.0,50.0,2.27,,,2202.643172,1.0,,,,,,,,,,,50.0,2.27,,,,,,,,,,,,,,,,,,,1.0,,1.0,1.0,1.0,1.0,,
4,tikitoro,16,523,6-Jan-25,18-Mar-25,27-Jan-25,"Big Ideas, Bigger Stakes",Sahiba Bali,Beauty/Fashion,Personal care products for kids and teens,https://tikitoro.com/,2021.0,1,0.0,1.0,,0.0,Middle,Chennai,Tamil Nadu,850.0,,68.0,,,,,,yes,,25.0,0.5,5000.0,1,1.0,25.0,1.0,,,2500.0,1.0,yes,0.5,25.0,,25.0,1.0,,,,,,,,,,,,,,,,,,,,,,,,Kunal Bahl,1.0,1.0,1.0,,1.0,,,1.0
4,Ashva,16,524,6-Jan-25,18-Mar-25,27-Jan-25,"Big Ideas, Bigger Stakes",Sahiba Bali,Medical/Health,Musculoskeletal healthcare wearables,https://ashvaweartech.com/,2024.0,1,0.0,1.0,,0.0,Young,Ghaziabad,Uttar Pradesh,70.0,,49.0,,,,,yes,funded,,50.0,1.25,4000.0,1,1.0,50.0,4.0,,,1250.0,1.0,yes,,,,,,,50.0,4.0,,,,,,,,,,,,,,,,,,,,,Kunal Bahl,1.0,1.0,1.0,,1.0,,,1.0
4,AseemShakti,16,525,6-Jan-25,18-Mar-25,27-Jan-25,"Big Ideas, Bigger Stakes",Sahiba Bali,Beauty/Fashion,Ready-to-wear pocket saree,https://www.aseemshakti.com/,2018.0,1,0.0,1.0,,0.0,Middle,Mumbai,Maharashtra,130.0,,,20.0,,,,,,,50.0,2.5,2000.0,1,1.0,50.0,10.0,,,500.0,1.0,,,,,,,,,,,50.0,10.0,,,,,,,,,,,,,,,,,,Kunal Bahl,1.0,1.0,1.0,,1.0,,,1.0
4,RBDMachineTools,17,526,6-Jan-25,18-Mar-25,28-Jan-25,Reaping Success And Painting The Future,Sahiba Bali/Aashish Solanki,Agriculture,India's first power reaper with a seat,https://www.rbdmachine.com/,2020.0,2,2.0,0.0,,0.0,Middle,Jaipur,Rajasthan,1437.0,267.0,,8.0,,,,,,,100.0,1.0,10000.0,1,1.0,50.0,1.0,50.0,9.0,5000.0,2.0,,,,,25.0,0.5,25.0,,,,,,,,,,,,,25.0,0.5,25.0,,,,,,,,Kunal Bahl,1.0,,1.0,1.0,,1.0,,1.0
4,MidasPaint,17,527,6-Jan-25,18-Mar-25,28-Jan-25,Reaping Success And Painting The Future,Sahiba Bali/Aashish Solanki,Green/CleanTech,Eco-friendly paints,https://www.midaspaint.com/,2021.0,4,4.0,0.0,,0.0,Middle,Pune,Maharashtra,,,,,,,,yes,,,300.0,5.0,6000.0,0,,,,,,,,,,,,,,,,,,,,,,,,,,,,,,,,,,,,,Kunal Bahl,1.0,,1.0,1.0,,1.0,,1.0
4,GoodlandPickleball,17,528,6-Jan-25,18-Mar-25,28-Jan-25,Reaping Success And Painting The Future,Sahiba Bali/Aashish Solanki,Fitness/Sports/Outdoors,"Pickleball premium paddles, and courts",https://goodlandpickleball.com/,2024.0,2,2.0,0.0,,0.0,Middle,Mumbai,Maharashtra,270.0,,,,50.0,,,,,,80.0,4.0,2000.0,1,1.0,80.0,6.0,,,1333.333333,1.0,yes,0.5,80.0,,,,,,,,,,,80.0,6.0,,,,,,,,,,,,,,,Kunal Bahl,1.0,,1.0,1.0,,1.0,,1.0
4,TheNaturikCo,18,529,6-Jan-25,18-Mar-25,29-Jan-25,From Health To Flavours,Sahiba Bali/Aashish Solanki,Food and Beverage,High protein breakfast options,https://thenaturikco.com/,2022.0,2,1.0,1.0,,0.0,Middle,Panchkula,Haryana,582.0,,69.0,,,,,,funded,,50.0,2.0,2500.0,1,1.0,400.0,22.22,,,1800.180018,5.0,,,,,,,,80.0,4.444,,80.0,4.444,,80.0,4.444,,80.0,4.444,,,,,,,,80.0,4.444,,Kunal Bahl,Kunal Bahl,,1.0,1.0,1.0,1.0,,,1.0
4,Metashot,18,530,6-Jan-25,18-Mar-25,29-Jan-25,From Health To Flavours,Sahiba Bali/Aashish Solanki,Fitness/Sports/Outdoors,Console-like cricket game,https://metashot.in/,2023.0,3,3.0,0.0,,0.0,Middle,Bangalore,Karnataka,819.0,,,,,,,yes,funded,,80.0,1.5,5333.333333,1,1.0,160.0,5.0,,,3200.0,2.0,,,,,,,,80.0,2.5,,80.0,2.5,,,,,,,,,,,,,,,,,,Kunal Bahl,,1.0,1.0,1.0,1.0,,,1.0
4,GabruDiChaap,18,531,6-Jan-25,18-Mar-25,29-Jan-25,From Health To Flavours,Sahiba Bali/Aashish Solanki,Food and Beverage,Flavourful soya chaap,https://gabrudichaap.com/,2019.0,2,2.0,0.0,,0.0,Middle,Hyderabad,Telangana,738.0,94.0,,,20.0,,,,yes,,70.0,1.0,7000.0,1,1.0,140.0,6.0,,,2333.333333,3.0,,1.0,140.0,,,,,46.666,2.0,,46.666,2.0,,,,,46.666,2.0,,,,,,,,,,,,Kunal Bahl,,1.0,1.0,1.0,1.0,,,1.0
4,YaanMan,19,532,6-Jan-25,18-Mar-25,30-Jan-25,Disrupting Industries,Aashish Solanki,Beauty/Fashion,Makeup for men,https://www.yaanman.in/,,1,1.0,0.0,,0.0,Young,Ahmedabad,Gujarat,35.0,,,,,,,,yes,,50.0,6.0,833.3333333,1,1.0,100.0,20.0,,,500.0,2.0,,,,,,,,,,,50.0,10.0,,50.0,10.0,,,,,,,,,,,,,,,,1.0,1.0,1.0,1.0,1.0,,,
4,SonicLamb,19,533,6-Jan-25,18-Mar-25,30-Jan-25,Disrupting Industries,Aashish Solanki,Lifestyle/Home,Premium headphones,https://in.soniclamb.com/,2018.0,2,2.0,0.0,,0.0,Middle,Mangalore,Karnataka,100.0,28.0,,,,,,,funded,,50.0,1.0,5000.0,1,1.0,50.0,1.0,,,5000.0,1.0,,,,1.0,,,,,,,,,,,,,50.0,1.0,,,,,,,,,,,,,1.0,1.0,1.0,1.0,1.0,,,
4,Woolah,19,534,6-Jan-25,18-Mar-25,30-Jan-25,Disrupting Industries,Aashish Solanki,Food and Beverage,World’s first bagless tea dip,https://woolahtea.com/,2021.0,1,1.0,0.0,,0.0,Middle,Sivasagar,Assam,200.0,19.0,,,2.0,,,,funded,,50.0,1.66,3012.048193,1,1.0,50.0,2.5,,,2000.0,1.0,,,,2.5,,,,,,,,,,50.0,2.5,,,,,,,,,,,,,,,,1.0,1.0,1.0,1.0,1.0,,,
4,EM5,20,535,6-Jan-25,18-Mar-25,31-Jan-25,"Style, Scent And Stories",Aashish Solanki,Beauty/Fashion,Pocket perfumes,https://www.houseofem5.com/,2022.0,1,1.0,0.0,,0.0,Middle,Indore,Madhya Pradesh,835.0,170.0,70.0,,,,,,,,70.0,2.0,3500.0,1,1.0,100.0,10.0,,,1000.0,1.0,,,,,,,,,,,,,,100.0,10.0,,,,,,,,,,,,,,,Varun Dua,,1.0,1.0,1.0,1.0,,,1.0
4,WomanLikeU,20,536,6-Jan-25,18-Mar-25,31-Jan-25,"Style, Scent And Stories",Aashish Solanki,Beauty/Fashion,Body-type-specific womenswear,https://www.womanlikeu.com/,2019.0,2,1.0,1.0,,0.0,Middle,Bangalore,Karnataka,470.0,72.0,,,10.0,,,,,,100.0,2.0,5000.0,1,1.0,100.0,3.0,,,3333.333333,1.0,,2.0,100.0,,,,,,,,,,,100.0,3.0,,,,,,,,,,,,,,,Varun Dua,,1.0,1.0,1.0,1.0,,,1.0
4,BookLeafPublishing,20,537,6-Jan-25,18-Mar-25,31-Jan-25,"Style, Scent And Stories",Aashish Solanki,Others,Self-publishing platform,https://www.bookleafpub.com/,2016.0,2,1.0,1.0,,0.0,Young,"Delhi,Srinagar","Delhi,Jammu & Kashmir",320.0,,,,17.0,,,,,,90.0,5.0,1800.0,0,,,,,,,,,,,,,,,,,,,,,,,,,,,,,,,,,,,,,Varun Dua,,1.0,1.0,1.0,1.0,,,1.0
4,Str8bat,21,538,6-Jan-25,18-Mar-25,3-Feb-25,"Game, Glam And Green",Aashish Solanki,Fitness/Sports/Outdoors,A batting sensor,https://www.str8bat.com/,2022.0,3,3.0,0.0,,0.0,Old,Bangalore,Karnataka,120.0,18.0,,,,,,yes,funded,,150.0,1.0,15000.0,1,1.0,150.0,3.5,,,4285.714286,2.0,,,,,75.0,1.75,,,,,,,,75.0,1.75,,,,,,,,,,,,,,,Kunal Bahl,1.0,1.0,,1.0,,1.0,,1.0
4,Ruby'sOrganics,21,539,6-Jan-25,18-Mar-25,3-Feb-25,"Game, Glam And Green",Aashish Solanki,Beauty/Fashion,"Natural and Vegan, Cruelty Free, Clean Cosmetics & Makeup Products",https://rubysorganics.in/,2017.0,1,0.0,1.0,,0.0,Middle,Mumbai,Maharashtra,450.0,,,,,,100.0,,funded,,100.0,2.5,4000.0,1,1.0,100.0,8.0,,,1250.0,1.0,,,,,,,,,,,,,,,,,,,,,,,,,,100.0,8.0,,Kunal Bahl,Kunal Bahl,1.0,1.0,,1.0,,1.0,,1.0
4,TheGoodDoll,21,540,6-Jan-25,18-Mar-25,3-Feb-25,"Game, Glam And Green",Aashish Solanki,Children/Education,Sustainable fabric dolls,https://thegooddoll.in/,2021.0,2,1.0,1.0,,1.0,Middle,Ooty,Tamil Nadu,70.0,,,,,,,,funded,,50.0,5.0,1000.0,0,,,,,,,,,,,,,,,,,,,,,,,,,,,,,,,,,,,,,Kunal Bahl,1.0,1.0,,1.0,,1.0,,1.0
4,Schickwheel,22,541,6-Jan-25,18-Mar-25,4-Feb-25,Big Ideas On The Move,Aashish Solanki,Manufacturing,Food trucks,https://www.schickwheel.com/,2016.0,2,2.0,0.0,,0.0,Middle,Delhi,Delhi,,,,,,,,,,,70.0,1.0,7000.0,1,0.0,,,,,,,,,,,,,,,,,,,,,,,,,,,,,,,,,,,,Kunal Bahl,,1.0,1.0,1.0,1.0,,,1.0
4,ClapStoreToys,22,542,6-Jan-25,18-Mar-25,4-Feb-25,Big Ideas On The Move,Aashish Solanki,Children/Education,kids' toys creativity and learning with Montessori Busy Boards,https://clapstoretoys.com/,2020.0,2,2.0,0.0,,0.0,Young,Pune,Maharashtra,254.0,62.0,,,18.0,,,,funded,,80.0,4.0,2000.0,1,1.0,100.0,10.0,,,1000.0,5.0,,,,,,,,20.0,2.0,,20.0,2.0,,20.0,2.0,,20.0,2.0,,,,,,,,20.0,2.0,,Kunal Bahl,Kunal Bahl,,1.0,1.0,1.0,1.0,,,1.0
4,RahejaSolarFoodProcessing,22,543,6-Jan-25,18-Mar-25,4-Feb-25,Big Ideas On The Move,Aashish Solanki,Manufacturing,"High-quality, durable solar dryers",https://www.rsfp.in/,2018.0,2,1.0,1.0,,0.0,Middle,Indore,Madhya Pradesh,700.0,,15.0,,,,,,funded,,50.0,1.0,5000.0,1,1.0,175.0,4.38,,,3995.43379,3.0,,,,2.63,,,,25.0,0.625,,,,,,,,25.0,0.625,,,,,,,,125.0,3.13,,Kunal Bahl,Kunal Bahl,,1.0,1.0,1.0,1.0,,,1.0
4,Wanderlooms,23,544,6-Jan-25,18-Mar-25,5-Feb-25,"Wear, Wash And Work",Aashish Solanki,Fitness/Sports/Outdoors,Adventure-inspired riding apparel,https://www.wanderlooms.com/,2019.0,2,2.0,0.0,,0.0,Middle,Bhopal,Madhya Pradesh,261.0,32.0,,,,,,,funded,,50.0,2.5,2000.0,1,1.0,50.0,4.0,,,1250.0,2.0,,,,,25.0,2.0,,,,,,,,,,,,,,25.0,2.0,,,,,,,,,,1.0,,1.0,1.0,1.0,1.0,,
4,Ugees,23,545,6-Jan-25,18-Mar-25,5-Feb-25,"Wear, Wash And Work",Aashish Solanki,Lifestyle/Home,India’s first undergarment wash,https://www.ugees.in/,2022.0,2,1.0,1.0,,1.0,Middle,Noida,Uttar Pradesh,175.0,29.0,,,,,,,,,50.0,2.5,2000.0,1,1.0,50.0,4.0,,,1250.0,1.0,,,,,,,,,,,50.0,4.0,,,,,,,,,,,,,,,,,,,1.0,,1.0,1.0,1.0,1.0,,
4,Alt.fCoworking,23,546,6-Jan-25,18-Mar-25,5-Feb-25,"Wear, Wash And Work",Aashish Solanki,Business Services,Innovative working spaces,https://www.altfcoworking.com/,2016.0,2,2.0,0.0,,0.0,Middle,Gurugram,Haryana,3000.0,,,,10.0,,,,,,100.0,0.75,13333.33333,1,0.0,,,,,,,,,,,,,,,,,,,,,,,,,,,,,,,,,,,,,1.0,,1.0,1.0,1.0,1.0,,
4,BurgerBae,24,547,6-Jan-25,18-Mar-25,6-Feb-25,"Trendy, Tasty And Unique",Sahiba Bali/Aashish Solanki,Beauty/Fashion,Sustainable streetwear clothing brand,https://www.burgerbaeclothing.com/,2019.0,3,1.0,2.0,,0.0,Young,"Ludhiana,Kolkata","Punjab,West Bengal",1180.0,92.0,,5.0,15.0,,,,,,100.0,2.5,4000.0,1,1.0,200.0,20.0,,,1000.0,3.0,,,,,,,,,,,66.666,6.666,,66.666,6.666,,,,,,,,,,,66.666,6.666,,Kunal Bahl,"Kunal Bahl,Viraj Bahl",1.0,,1.0,1.0,,,,2.0
4,BobaBhai,24,548,6-Jan-25,18-Mar-25,6-Feb-25,"Trendy, Tasty And Unique",Sahiba Bali/Aashish Solanki,Food and Beverage,Refreshing bubble teas,https://www.bobabhai.com/,2023.0,1,1.0,0.0,,0.0,Middle,Bangalore,Karnataka,,170.0,,,20.0,,42.0,,funded,,50.0,0.3,16666.66667,1,1.0,90.0,1.0,,,9000.0,2.0,,,,,45.0,0.5,,,,,,,,,,,,,,,,,,,,45.0,0.5,,Viraj Bahl,"Kunal Bahl,Viraj Bahl",1.0,,1.0,1.0,,,,2.0
4,Hexafun,24,549,6-Jan-25,18-Mar-25,6-Feb-25,"Trendy, Tasty And Unique",Sahiba Bali/Aashish Solanki,Beauty/Fashion,Quirky products with funky accessories,https://hexafunstyles.com/,2021.0,2,1.0,1.0,,0.0,Middle,"Mumbai,Delhi","Maharashtra,Delhi",320.0,57.0,,,,,,,funded,,100.0,4.0,2500.0,0,,,,,,,,,,,,,,,,,,,,,,,,,,,,,,,,,,,,,"Kunal Bahl,Viraj Bahl",1.0,,1.0,1.0,,,,2.0
4,RepeatGud,25,550,6-Jan-25,18-Mar-25,7-Feb-25,Bold Ideas On The Table,Sahiba Bali/Aashish Solanki,Food and Beverage,Chemical-free sauces,https://repeatgud.com/,2024.0,1,0.0,1.0,,0.0,Young,Raipur,Chhattisgarh,,1.0,,,,,,,,,50.0,5.0,1000.0,1,1.0,50.0,10.0,,,500.0,1.0,yes,,,,,,,,,,50.0,10.0,,,,,,,,,,,,,,,,,,"Kunal Bahl,Viraj Bahl",1.0,,1.0,1.0,,,,2.0
4,SkateSupplyIndia,25,551,6-Jan-25,18-Mar-25,7-Feb-25,Bold Ideas On The Table,Sahiba Bali/Aashish Solanki,Fitness/Sports/Outdoors,Skateboard distribution and retail,https://www.skatesupplyindia.com/,2023.0,2,1.0,1.0,,1.0,Middle,Chandigarh,Punjab,85.0,,,9.0,,,,,,,50.0,2.0,2500.0,1,0.0,,,,,,,,,,,,,,,,,,,,,,,,,,,,,,,,,,,,"Kunal Bahl,Viraj Bahl",1.0,,1.0,1.0,,,,2.0
4,UtopianDrinks,25,552,6-Jan-25,18-Mar-25,7-Feb-25,Bold Ideas On The Table,Sahiba Bali/Aashish Solanki,Food and Beverage,Fresh fruit juices and smoothies,https://utopian.fit/,2021.0,2,1.0,1.0,,1.0,Middle,Thane,Maharashtra,2915.0,7.0,,,,,,,funded,,40.0,1.8,2222.222222,0,,,,,,,,,,,,,,,,,,,,,,,,,,,,,,,,,,,,,"Kunal Bahl,Viraj Bahl",1.0,,1.0,1.0,,,,2.0
4,GOFIG,26,553,6-Jan-25,18-Mar-25,10-Feb-25,From Eco-friendly Tech To Edible Delights,Aashish Solanki,Green/CleanTech,Digital platform to minimize waste,https://gofig.in/,2023.0,2,1.0,1.0,,1.0,Middle,Pune,Maharashtra,,2.27,35.0,,,,,,,,50.0,2.0,2500.0,1,0.0,,,,,,,,,,,,,,,,,,,,,,,,,,,,,,,,,,,,,1.0,,1.0,1.0,1.0,1.0,,
4,Joyspoon,26,554,6-Jan-25,18-Mar-25,10-Feb-25,From Eco-friendly Tech To Edible Delights,Aashish Solanki,Food and Beverage,Premium mukhwas and mouth fresheners ,https://joyspoon.in/,2023.0,2,1.0,1.0,,1.0,Young,Ahmedabad,Gujarat,,13.0,,,,,,,funded,,40.0,1.5,2666.666667,1,1.0,40.0,2.0,,,2000.0,1.0,yes,,,,,,,,,,,,,,,,,,,40.0,2.0,,,,,,,,,,1.0,,1.0,1.0,1.0,1.0,,
4,bambinos,26,555,6-Jan-25,18-Mar-25,10-Feb-25,From Eco-friendly Tech To Edible Delights,Aashish Solanki,Children/Education,English communication school for kids,https://bambinos.live/,,2,2.0,0.0,,0.0,Middle,Bangalore,Karnataka,110.0,,,,,,,,,,100.0,1.0,10000.0,1,1.0,100.0,1.5,,,6666.666667,3.0,,1.0,100.0,,33.333,0.5,,,,,33.333,0.5,,,,,,,,33.333,0.5,,,,,,,,,,1.0,,1.0,1.0,1.0,1.0,,
4,FundooLabs,27,556,6-Jan-25,18-Mar-25,11-Feb-25,"Education, Culture And Craft",Sahiba Bali/Aashish Solanki,Children/Education,DIY scientific and sensory toys,https://fundoolabs.com/,2016.0,1,1.0,0.0,,0.0,Middle,Vadodara,Gujarat,150.0,32.0,,,18.0,,,,yes,,60.0,4.0,1500.0,1,1.0,66.0,7.0,,,942.8571429,2.0,,,,,,,,,,,33.0,3.5,,33.0,3.5,,,,,,,,,,,,,,,,1.0,1.0,1.0,1.0,1.0,,,
4,Gaon,27,557,6-Jan-25,18-Mar-25,11-Feb-25,"Education, Culture And Craft",Sahiba Bali/Aashish Solanki,Food and Beverage,Authentic Indian desi food cuisine,https://gaonrestaurant.com/,2017.0,1,1.0,0.0,,0.0,Middle,Champaran,Bihar,550.0,49.0,,7.0,,,,,,,80.0,4.0,2000.0,1,1.0,80.0,8.0,,,1000.0,2.0,,,,,,,,40.0,4.0,,40.0,4.0,,,,,,,,,,,,,,,,,,,1.0,1.0,1.0,1.0,1.0,,,
4,EriWeave,27,558,6-Jan-25,18-Mar-25,11-Feb-25,"Education, Culture And Craft",Sahiba Bali/Aashish Solanki,Beauty/Fashion,Handwoven silk crafted by women,https://eriweave.in/,2019.0,2,0.0,2.0,,0.0,Middle,Kdonghulu,Meghalaya,18.0,2.2,,,20.0,,,,,,20.0,12.0,166.6666667,1,1.0,20.0,12.0,,,166.6666667,2.0,,,,,10.0,6.0,,,,,10.0,6.0,,,,,,,,,,,,,,,,,,,1.0,1.0,1.0,1.0,1.0,,,
4,PaleooBakes,28,559,6-Jan-25,18-Mar-25,12-Feb-25,"Innovate, Impress, Invest",Sahiba Bali/Aashish Solanki,Food and Beverage,Healthy sweets,https://paleoobakes.com/,2020.0,2,0.0,2.0,,0.0,Middle,Mumbai,Maharashtra,150.0,,,39.0,,,,,,,100.0,6.5,1538.461538,1,1.0,100.0,9.0,,,1111.111111,2.0,,1.0,100.0,,,,,50.0,4.5,,50.0,4.5,,,,,,,,,,,,,,,,,,,1.0,1.0,1.0,1.0,1.0,,,
4,NeuraSim,28,560,6-Jan-25,18-Mar-25,12-Feb-25,"Innovate, Impress, Invest",Sahiba Bali/Aashish Solanki,Medical/Health,Innovative solutions for visual impairments,https://neurasim.health/,2023.0,3,3.0,0.0,,0.0,Middle,Bangalore,Karnataka,0.0,,,,,,,yes,,,100.0,8.0,1250.0,0,,,,,,,,,,,,,,,,,,,,,,,,,,,,,,,,,,,,,,1.0,1.0,1.0,1.0,1.0,,,
4,Offmint,28,561,6-Jan-25,18-Mar-25,12-Feb-25,"Innovate, Impress, Invest",Sahiba Bali/Aashish Solanki,Beauty/Fashion,Luxury-ready fashion,https://offmint.com/,2024.0,1,1.0,0.0,,0.0,Middle,Samastipur,Bihar,,40.0,,,13.0,,,,,,0.0001,1.0,0.01,1,1.0,10.0,4.0,,,250.0,5.0,,,,,2.0,0.8,,2.0,0.8,,2.0,0.8,,2.0,0.8,,2.0,0.8,,,,,,,,,,,,,1.0,1.0,1.0,1.0,1.0,,,
4,Chokhat,29,562,6-Jan-25,18-Mar-25,13-Feb-25,"Home, Coffee And Play",Aashish Solanki,Lifestyle/Home,Affordable designer home decor,https://www.chokhat.in/,2018.0,1,0.0,1.0,,0.0,Middle,Delhi,Delhi,55.0,,,8.0,18.0,,75.0,,,,50.0,7.0,714.2857143,1,1.0,30.0,10.0,20.0,10.0,300.0,2.0,,,,,,,,,,,15.0,5.0,10.0,,,,15.0,5.0,10.0,,,,,,,,,,,Kunal Bahl,,1.0,1.0,1.0,1.0,,,1.0
4,ZenmaCoffee,29,563,6-Jan-25,18-Mar-25,13-Feb-25,"Home, Coffee And Play",Aashish Solanki,Food and Beverage,Barista-level espresso at home,https://zenmacoffee.com/,2023.0,2,1.0,1.0,,0.0,Young,Gurugram,Haryana,,8.0,,,,,,,,,60.0,3.5,1714.285714,0,,,,,,,,,,,,,,,,,,,,,,,,,,,,,,,,,,,,,Kunal Bahl,,1.0,1.0,1.0,1.0,,,1.0
4,TheEleFant,29,564,6-Jan-25,18-Mar-25,13-Feb-25,"Home, Coffee And Play",Aashish Solanki,Children/Education,Toy subscription service,https://www.theelefant.ai/,2023.0,2,1.0,1.0,,1.0,Middle,Mumbai,Maharashtra,,,58.0,,11.0,,,,,,60.0,1.0,6000.0,0,,,,,,,,,,,,,,,,,,,,,,,,,,,,,,,,,,,,,Kunal Bahl,,1.0,1.0,1.0,1.0,,,1.0
4,BetterNutrition,30,565,6-Jan-25,18-Mar-25,14-Feb-25,"Health, Lifestyle And Innovation",Sahiba Bali/Aashish Solanki,Food and Beverage,Biofortified Nutrition Aata,https://betternutritionforall.in/,2020.0,2,1.0,1.0,,1.0,Middle,Lucknow,Uttar Pradesh,1000.0,,40.0,20.0,,,,,funded,,60.0,1.0,6000.0,1,1.0,60.0,1.0,,,6000.0,1.0,,0.5,60.0,,60.0,1.0,,,,,,,,,,,,,,,,,,,,,,,,Kunal Bahl,1.0,1.0,1.0,,1.0,,,1.0
4,PinqPolka,30,566,6-Jan-25,18-Mar-25,14-Feb-25,"Health, Lifestyle And Innovation",Sahiba Bali/Aashish Solanki,Beauty/Fashion,Lifestyle products for women,https://www.pinq.co/,2017.0,3,1.0,2.0,,0.0,Middle,Faridabad,Haryana,363.0,,74.0,,,,,,,,100.0,2.5,4000.0,0,,,,,,,,,,,,,,,,,,,,,,,,,,,,,,,,,,,,,Kunal Bahl,1.0,1.0,1.0,,1.0,,,1.0
4,Vibrasense,30,567,6-Jan-25,18-Mar-25,14-Feb-25,"Health, Lifestyle And Innovation",Sahiba Bali/Aashish Solanki,Medical/Health,Life-saving innovations,https://www.vibrasense.in/,,1,1.0,0.0,,0.0,Middle,Sonipat,Haryana,,,,,,,,yes,funded,,100.0,2.0,5000.0,1,1.0,100.0,4.76,,,2100.840336,2.0,,,,,50.0,2.38,,,,,,,,,,,50.0,2.38,,,,,,,,,,,,Kunal Bahl,1.0,1.0,1.0,,1.0,,,1.0
4,NearBook,31,568,6-Jan-25,18-Mar-25,17-Feb-25,Young Entrepreneurs With Big Ideas,Sahiba Bali/Aashish Solanki,Children/Education,A used books marketplace,https://www.nearbook.app/,2020.0,1,1.0,0.0,,0.0,Young,Sanchore,Rajasthan,,,,,,,,,,,40.0,20.0,200.0,1,1.0,40.0,20.0,,,200.0,1.0,,,,,,,,,,,40.0,20.0,,,,,,,,,,,,,,,,,,Kunal Bahl,1.0,1.0,1.0,,,1.0,,1.0
4,Memotag,31,569,6-Jan-25,18-Mar-25,17-Feb-25,Young Entrepreneurs With Big Ideas,Sahiba Bali/Aashish Solanki,Medical/Health,IoT wearable for monitoring cognitive and physical health,https://www.memotag.io/,2023.0,1,1.0,0.0,,0.0,Young,Delhi,Delhi,,,,,,,,,,,50.0,5.0,1000.0,0,,,,,,,,,,,,,,,,,,,,,,,,,,,,,,,,,,,,,Kunal Bahl,1.0,1.0,1.0,,,1.0,,1.0
4,Klimate,31,570,6-Jan-25,18-Mar-25,17-Feb-25,Young Entrepreneurs With Big Ideas,Sahiba Bali/Aashish Solanki,Beauty/Fashion,Climate impact solutions cooling vests,https://think-lifestyle.com/,2023.0,3,3.0,0.0,,0.0,Young,"Bangalore,Gular","Karnataka,Assam,Jharkhand",,,,,,,,,,,54.0,3.0,1800.0,0,,,,,,,,,,,,,,,,,,,,,,,,,,,,,,,,,,,,,Kunal Bahl,1.0,1.0,1.0,,,1.0,,1.0
4,HealthFab,32,571,6-Jan-25,18-Mar-25,18-Feb-25,Smart Solutions And Style,Sahiba Bali/Aashish Solanki,Medical/Health,Leakproof period panties,https://www.healthfab.in/,2020.0,3,3.0,0.0,,0.0,Middle,,Assam,834.0,,,,,,,,funded,,100.0,3.0,3333.333333,1,1.0,200.0,7.0,,,2857.142857,4.0,,,,,,,,50.0,1.75,,50.0,1.75,,50.0,1.75,,50.0,1.75,,,,,,,,,,,,,1.0,1.0,1.0,1.0,1.0,,,
4,PieMatrix,32,572,6-Jan-25,18-Mar-25,18-Feb-25,Smart Solutions And Style,Sahiba Bali/Aashish Solanki,Others,Premium telescopes and binoculars,https://thepiematrix.com/,2023.0,2,2.0,0.0,,0.0,Young,Delhi,Delhi,165.0,,,,22.0,,,,,,100.0,3.0,3333.333333,1,0.0,,,,,,,,,,,,,,,,,,,,,,,,,,,,,,,,,,,,,1.0,1.0,1.0,1.0,1.0,,,
4,Sudathi,32,573,6-Jan-25,18-Mar-25,18-Feb-25,Smart Solutions And Style,Sahiba Bali/Aashish Solanki,Beauty/Fashion,Elegant sarees kurtas,https://sudathi.com/,2023.0,3,3.0,0.0,,0.0,Middle,Surat,Gujarat,,2.66,,,10.0,,,,yes,,100.0,1.0,10000.0,1,1.0,100.0,4.0,,,2500.0,3.0,,,,,,,,,,,33.333,1.333,,33.333,1.333,,33.333,1.333,,,,,,,,,,,,,1.0,1.0,1.0,1.0,1.0,,,
4,Moderate,33,574,6-Jan-25,18-Mar-25,19-Feb-25,New-Age Entrepreneurs Pitch Their Ideas,Aashish Solanki,Medical/Health,Calorie-burning tablets,https://letsmoderate.com/,2024.0,3,2.0,1.0,,0.0,Middle,Hyderabad,Telangana,,,,,,,,,,,50.0,1.25,4000.0,1,1.0,100.0,5.0,,,2000.0,2.0,,,,,,,,,,,,,,50.0,2.5,,,,,,,,,,,50.0,2.5,,Kunal Bahl,Kunal Bahl,,1.0,1.0,1.0,1.0,,,1.0
4,HireForCare,33,575,6-Jan-25,18-Mar-25,19-Feb-25,New-Age Entrepreneurs Pitch Their Ideas,Aashish Solanki,Medical/Health,Digital nanny-hiring platform,https://hireforcare.com/,2021.0,2,2.0,0.0,,0.0,Middle,"Ghaziabad,Jaipur","Uttar Pradesh,Rajasthan",,,,,1.5,,,,,,36.0,3.0,1200.0,1,1.0,36.0,5.0,,,720.0,5.0,,,,,,,,7.2,1.0,,7.2,1.0,,7.2,1.0,,7.2,1.0,,,,,,,,7.2,1.0,,Kunal Bahl,Kunal Bahl,,1.0,1.0,1.0,1.0,,,1.0
4,DreamSmile,33,576,6-Jan-25,18-Mar-25,19-Feb-25,New-Age Entrepreneurs Pitch Their Ideas,Aashish Solanki,Medical/Health,Advanced affordable dental solutions veneers,https://dreamsmileveneers.com/,2023.0,2,2.0,0.0,,0.0,Middle,Mumbai,Maharashtra,,,67.0,,,,,,,,80.0,6.0,1333.333333,0,,,,,,,,,,,,,,,,,,,,,,,,,,,,,,,,,,,,,Kunal Bahl,,1.0,1.0,1.0,1.0,,,1.0
4,Madmix,34,577,6-Jan-25,18-Mar-25,20-Feb-25,"Snack, Sparkle And Speed",Sahiba Bali/Aashish Solanki,Food and Beverage,Healthy snacks,https://eatmadmix.com/,2023.0,1,1.0,0.0,,0.0,Middle,Mumbai,Maharashtra,,,,,,,20.0,,,,50.0,1.0,5000.0,1,1.0,50.0,5.0,,,1000.0,1.0,,,,,,,,,,,,,,,,,,,,50.0,5.0,,,,,,,,,Kunal Bahl,1.0,1.0,,1.0,,1.0,,1.0
4,Palmonas,34,578,6-Jan-25,18-Mar-25,20-Feb-25,"Snack, Sparkle And Speed",Sahiba Bali/Aashish Solanki,Beauty/Fashion,Demi-fine jewellery,https://www.palmonas.com/,2022.0,2,1.0,1.0,,1.0,Middle,Pune,Maharashtra,1350.0,,76.0,,12.0,,,,,,126.0,1.0,12600.0,1,1.0,126.0,1.0,,,12600.0,2.0,,0.5,126.0,,63.0,0.5,,,,,,,,,,,,,,63.0,0.5,,,,,,,,,Kunal Bahl,1.0,1.0,,1.0,,1.0,,1.0
4,MKPowerAndMobility,34,579,6-Jan-25,18-Mar-25,20-Feb-25,"Snack, Sparkle And Speed",Sahiba Bali/Aashish Solanki,Vehicles/Electrical Vehicles,e-mobility solutions Electric Vehicles for transport and passengers,https://mkpowerandemobility.com/,2022.0,2,2.0,0.0,,0.0,Old,Pune,Maharashtra,,,,,,,,,,,350.0,5.0,7000.0,0,,,,,,,,,,,,,,,,,,,,,,,,,,,,,,,,,,,,,Kunal Bahl,1.0,1.0,,1.0,,1.0,,1.0
4,Nidhi'sGrandmaaSecret,35,580,6-Jan-25,18-Mar-25,21-Feb-25,Green Business And Big Dreams,Aashish Solanki,Beauty/Fashion,Natural hair oil Ayurvedic,https://grandmaasecret.com/,2023.0,3,1.0,2.0,,1.0,Middle,Gurugram,Haryana,400.0,,,,5.0,,,,,,70.0,2.0,3500.0,1,1.0,70.0,5.0,,,1400.0,1.0,,1.0,70.0,,,,,,,,70.0,5.0,,,,,,,,,,,,,,,,,,Kunal Bahl,,1.0,1.0,1.0,1.0,,,1.0
4,Solnce,35,581,6-Jan-25,18-Mar-25,21-Feb-25,Green Business And Big Dreams,Aashish Solanki,Manufacturing,Solar equipment services,https://www.solnceenergy.com/,2021.0,2,2.0,0.0,,0.0,Middle,Surat,Gujarat,2193.0,,13.0,,8.9,,,,,,100.0,1.5,6666.666667,1,1.0,100.0,2.5,,,4000.0,1.0,,,,,,,,,,,,,,100.0,2.5,,,,,,,,,,,,,,,Kunal Bahl,,1.0,1.0,1.0,1.0,,,1.0
4,BornGood,35,582,6-Jan-25,18-Mar-25,21-Feb-25,Green Business And Big Dreams,Aashish Solanki,Lifestyle/Home,Plant-based home cleaners fabric Laundry Detergen,https://www.borngood.in/,2021.0,1,1.0,0.0,,0.0,Middle,Bangalore,Karnataka,526.0,70.0,,,-39.0,,,,,,70.0,1.0,7000.0,0,,,,,,,,,,,,,,,,,,,,,,,,,,,,,,,,,,,,,Kunal Bahl,,1.0,1.0,1.0,1.0,,,1.0
4,DorabiAndAmili,36,583,6-Jan-25,18-Mar-25,24-Feb-25,"Sustainability, Innovation And Artistry",Sahiba Bali/Aashish Solanki,Beauty/Fashion,Online sustainable clothing brand,https://shopdorabi.com/,2023.0,3,1.0,2.0,,1.0,Middle,Gurugram,Haryana,345.0,,,,13.0,,,,yes,,75.0,3.0,2500.0,1,1.0,100.0,4.0,,,2500.0,2.0,,,,,,,,,,,50.0,2.0,,50.0,2.0,,,,,,,,,,,,,,,Kunal Bahl,1.0,,1.0,1.0,,1.0,,1.0
4,ZebraLearn,36,584,6-Jan-25,18-Mar-25,24-Feb-25,"Sustainability, Innovation And Artistry",Sahiba Bali/Aashish Solanki,Children/Education,Modern book platform,https://zebralearn.com/,2021.0,2,1.0,1.0,,0.0,Middle,Surat,Gujarat,1070.0,164.0,,,,,,,funded,,100.0,0.8,12500.0,1,1.0,100.0,1.6,,,6250.0,1.0,,,,,,,,,,,,,,,,,,,,100.0,1.6,,,,,,,,,Kunal Bahl,1.0,,1.0,1.0,,1.0,,1.0
4,ExclusiveLane,36,585,6-Jan-25,18-Mar-25,24-Feb-25,"Sustainability, Innovation And Artistry",Sahiba Bali/Aashish Solanki,Lifestyle/Home,Unique hand-painted handloom products,https://exclusivelane.com/,2012.0,2,2.0,0.0,,0.0,Middle,Gurugram,Haryana,1400.0,,,,3.0,,,,,,50.0,1.0,5000.0,0,,,,,,,,,,,,,,,,,,,,,,,,,,,,,,,,,,,,,Kunal Bahl,1.0,,1.0,1.0,,1.0,,1.0
4,Medial,37,586,6-Jan-25,18-Mar-25,25-Feb-25,From Dairy To Digital,Sahiba Bali/Aashish Solanki,Technology/Software,Indian startup news and tech,https://medial.app/,2023.0,4,4.0,0.0,,0.0,Young,Bangalore,Karnataka,,,,,,,,,funded,,50.0,1.0,5000.0,1,1.0,50.0,2.5,,,2000.0,1.0,yes,,,,,,,,,,,,,,,,,,,50.0,2.5,,,,,,,,,Kunal Bahl,1.0,,1.0,1.0,,1.0,,1.0
4,PanchalDairy,37,587,6-Jan-25,18-Mar-25,25-Feb-25,From Dairy To Digital,Sahiba Bali/Aashish Solanki,Food and Beverage,Artisanal and pastoral cheese,https://www.panchaldairy.com/,2022.0,2,2.0,0.0,,0.0,Middle,Surendranagar,Gujarat,178.0,,,,,,,,,,20.0,10.0,200.0,0,,,,,,,,,,,,,,,,,,,,,,,,,,,,,,,,,,,,,Kunal Bahl,1.0,,1.0,1.0,,1.0,,1.0
4,MusicPandit,37,588,6-Jan-25,18-Mar-25,25-Feb-25,From Dairy To Digital,Sahiba Bali/Aashish Solanki,Children/Education,Music classes for kids,https://www.musicpandit.com/,2021.0,1,0.0,1.0,,0.0,Middle,Kochi,Kerala,,19.0,,,,,,,funded,,50.0,1.0,5000.0,0,,,,,,,,,,,,,,,,,,,,,,,,,,,,,,,,,,,,,Kunal Bahl,1.0,,1.0,1.0,,1.0,,1.0
4,Cograd,38,589,6-Jan-25,18-Mar-25,26-Feb-25,"Smart Learning, Healthy Eating And Wellness",Sahiba Bali,Children/Education,Innovative and affordable education teaching,https://cograd.in/,2017.0,2,2.0,0.0,,0.0,Middle,Etawah,Uttar Pradesh,192.0,,,,,,,,,,100.0,2.0,5000.0,1,1.0,50.0,6.0,50.0,9.0,833.3333333,3.0,,,,,16.666,2.0,16.666,16.666,2.0,16.666,,,,,,,,,,16.666,2.0,16.666,,,,,,,,Kunal Bahl,1.0,1.0,,1.0,,1.0,,1.0
4,EatBetterCo,38,590,6-Jan-25,18-Mar-25,26-Feb-25,"Smart Learning, Healthy Eating And Wellness",Sahiba Bali,Food and Beverage,Healthy delicious snacks,https://eatbetterco.com/,2020.0,3,1.0,2.0,,1.0,Middle,Jaipur,Rajasthan,1447.0,,,,0.0,,,,funded,,50.0,0.5,10000.0,1,1.0,50.0,0.5,,,10000.0,1.0,,1.0,50.0,,50.0,0.5,,,,,,,,,,,,,,,,,,,,,,,,Kunal Bahl,1.0,1.0,,1.0,,1.0,,1.0
4,Earthful,38,591,6-Jan-25,18-Mar-25,26-Feb-25,"Smart Learning, Healthy Eating And Wellness",Sahiba Bali,Medical/Health,Health-boosting supplements,https://earthful.me/,2020.0,2,0.0,2.0,,0.0,Middle,Hyderabad,Telangana,705.0,,,,-14.0,,24.0,,funded,,75.0,1.0,7500.0,1,1.0,75.0,2.5,,,3000.0,1.0,,,,,,,,,,,,,,,,,,,,75.0,2.5,,,,,,,,,Kunal Bahl,1.0,1.0,,1.0,,1.0,,1.0
4,Trajectory,39,592,6-Jan-25,18-Mar-25,27-Feb-25,"Smart Comfort, Smart Farming, Smart Future",Aashish Solanki,Vehicles/Electrical Vehicles,"Car seat pillows, backrests, and lumbar support",https://www.trajectoryindia.com/,2018.0,2,2.0,0.0,,0.0,Middle,Delhi,Delhi,620.0,100.0,,,21.0,,,,yes,,100.0,2.0,5000.0,1,1.0,50.0,3.0,50.0,8.0,1666.666667,1.0,,,,,,,,,,,,,,,,,,,,50.0,3.0,50.0,,,,,,,,,1.0,,1.0,1.0,1.0,1.0,,
4,KaviThePoetry-ArtProject,39,593,6-Jan-25,18-Mar-25,27-Feb-25,"Smart Comfort, Smart Farming, Smart Future",Aashish Solanki,Green/CleanTech,"Upcycled products eco-conscious glassware Raise, reuse, recycle with class Hand made",https://kavipoetryart.in/,2012.0,2,1.0,1.0,,0.0,Middle,,,356.0,36.0,,20.0,,,,,,,60.0,1.5,4000.0,0,,,,,,,,,,,,,,,,,,,,,,,,,,,,,,,,,,,,,,1.0,,1.0,1.0,1.0,1.0,,
4,F2DF,39,594,6-Jan-25,18-Mar-25,27-Feb-25,"Smart Comfort, Smart Farming, Smart Future",Aashish Solanki,Agriculture,e-commerce platform for farmers,https://www.f2df.com/,2020.0,4,3.0,1.0,,0.0,Middle,Jind,Haryana,924.0,,,,,,,,,,50.0,1.0,5000.0,1,1.0,5.0,2.0,45.0,10.0,250.0,1.0,,,,,,,,,,,,,,5.0,2.0,45.0,,,,,,,,,,,,,,,1.0,,1.0,1.0,1.0,1.0,,
4,SugarStrings.ai,40,595,6-Jan-25,18-Mar-25,28-Feb-25,"Big Ideas, Bold Pitches",Sahiba Bali/Aashish Solanki,Medical/Health,Multiomic platform for managing chronic genetic DNA conditions,https://sugarstrings.ai/,2023.0,3,3.0,0.0,,0.0,Middle,"Kalady, Vuyyuru","Kerala,Andhra Pradesh",,,,,,,,yes,,,100.0,2.5,4000.0,0,,,,,,,,,,,,,,,,,,,,,,,,,,,,,,,,,,,,,"Kunal Bahl,Azhar Iqubal",,1.0,,1.0,,1.0,,2.0
4,MomsHome,40,596,6-Jan-25,18-Mar-25,28-Feb-25,"Big Ideas, Bold Pitches",Sahiba Bali/Aashish Solanki,Children/Education,Sustainable baby essentials,https://www.momshome.in/,2018.0,2,2.0,0.0,,0.0,Middle,Jaipur,Rajasthan,1250.0,180.0,,,3.0,,,,funded,,75.0,1.0,7500.0,1,1.0,75.0,2.0,,,3750.0,1.0,,1.0,93.75,,,,,75.0,2.0,,,,,,,,,,,,,,,,,,,,,"Kunal Bahl,Azhar Iqubal",,1.0,,1.0,,1.0,,2.0
4,Catwalk,40,597,6-Jan-25,18-Mar-25,28-Feb-25,"Big Ideas, Bold Pitches",Sahiba Bali/Aashish Solanki,Food and Beverage,Non-alcoholic spirits,https://catwalkbotanics.com/,,2,2.0,0.0,,0.0,Middle,Delhi,Delhi,,6.0,65.0,,,,,,funded,,100.0,4.16,2403.846154,0,,,,,,,,,,,,,,,,,,,,,,,,,,,,,,,,,,,,,"Kunal Bahl,Azhar Iqubal",,1.0,,1.0,,1.0,,2.0
4,Beautywise,41,598,6-Jan-25,18-Mar-25,3-Mar-25,The Fight For Funding,Sahiba Bali/Aashish Solanki,Beauty/Fashion,Science-backed supplements for skin and hair,https://beautywise.in/,2022.0,2,1.0,1.0,,0.0,Middle,Delhi,Delhi,670.0,,,,8.0,,,,funded,,100.0,1.5,6666.666667,1,1.0,300.0,6.0,,,5000.0,1.0,,,,,,,,,,,,,,300.0,6.0,,,,,,,,,,,,,,,Kunal Bahl,1.0,1.0,,1.0,,1.0,,1.0
4,Ivory,41,599,6-Jan-25,18-Mar-25,3-Mar-25,The Fight For Funding,Sahiba Bali/Aashish Solanki,Medical/Health,Neuroscience-based gaming app,https://www.liveivory.com/,2024.0,2,2.0,0.0,,0.0,Middle,Bangalore,Karnataka,,,,,,,,,,,50.0,1.25,4000.0,1,1.0,50.0,5.0,,,1000.0,1.0,,,,,50.0,5.0,,,,,,,,,,,,,,,,,,,,,,,,Kunal Bahl,1.0,1.0,,1.0,,1.0,,1.0
4,TheHousePartyBySavar,41,600,6-Jan-25,18-Mar-25,3-Mar-25,The Fight For Funding,Sahiba Bali/Aashish Solanki,Business Services,Luxury culinary catering service,https://thpbookings.com/,,2,1.0,1.0,,1.0,Middle,Gurugram,Haryana,368.0,,,,30.0,,,,,,100.0,5.0,2000.0,1,1.0,50.0,5.0,50.0,8.0,1000.0,1.0,yes,,,,,,,,,,,,,,,,,,,50.0,5.0,50.0,,,,,,,,Kunal Bahl,1.0,1.0,,1.0,,1.0,,1.0
4,GlowGlossary,42,601,6-Jan-25,18-Mar-25,4-Mar-25,A Taste Of Triumph,Sahiba Bali/Aashish Solanki,Food and Beverage,Ceremonial-grade matcha Matcha Kit,https://glowglossary.com/,2024.0,2,0.0,2.0,,0.0,Middle,"Bangalore,Ghaziabad","Karnataka,Uttar Pradesh",,,58.0,31.0,45.0,,,,yes,,60.0,4.0,1500.0,0,,,,,,,,,,,,,,,,,,,,,,,,,,,,,,,,,,,,,Kunal Bahl,1.0,1.0,1.0,,,1.0,,1.0
4,SinghDentalCare,42,602,6-Jan-25,18-Mar-25,4-Mar-25,A Taste Of Triumph,Sahiba Bali/Aashish Solanki,Medical/Health,Comprehensive dental care by specialist,https://singhdentalcare.in/,2023.0,1,1.0,0.0,,0.0,Middle,Amritsar,Punjab,90.0,,,,45.0,,,,,,100.0,5.0,2000.0,0,,,,,,,,,,,,,,,,,,,,,,,,,,,,,,,,,,,,,Kunal Bahl,1.0,1.0,1.0,,,1.0,,1.0
4,TribalVeda,42,603,6-Jan-25,18-Mar-25,4-Mar-25,A Taste Of Triumph,Sahiba Bali/Aashish Solanki,Food and Beverage,Premium jamun products superfoods made by tribal,https://tribalveda.in/,,2,1.0,1.0,,1.0,Middle,Udaipur,Rajasthan,174.0,,47.0,,,,,,funded,,50.0,2.0,2500.0,1,1.0,50.0,2.8,,,1785.714286,1.0,,,,2.2,,,,,,,,,,,,,,,,50.0,2.8,,,,,,,,,Kunal Bahl,1.0,1.0,1.0,,,1.0,,1.0
4,Anuvad,43,604,6-Jan-25,18-Mar-25,5-Mar-25,From Smart Fashion To Smart Eating,Sahiba Bali/Aashish Solanki,Beauty/Fashion,E-textile fashion Humansing,https://www.anuvad.co.in/,2023.0,1,0.0,1.0,,0.0,Middle,Ahmedabad,Gujarat,22.0,,,,,,,yes,,,50.0,5.0,1000.0,0,,,,,,,,,,,,,,,,,,,,,,,,,,,,,,,,,,,,,Kunal Bahl,1.0,1.0,1.0,,,1.0,,1.0
4,Fitelo,43,605,6-Jan-25,18-Mar-25,5-Mar-25,From Smart Fashion To Smart Eating,Sahiba Bali/Aashish Solanki,Fitness/Sports/Outdoors,Holistic health and weight management,https://fitelo.co/,2019.0,2,2.0,0.0,,0.0,Middle,Mohali,Punjab,9100.0,750.0,70.0,,,,,,funded,,150.0,0.5,30000.0,1,1.0,150.0,1.0,,,15000.0,2.0,,1.0,150.0,,75.0,0.5,,75.0,0.5,,,,,,,,,,,,,,,,,,,,,Kunal Bahl,1.0,1.0,1.0,,,1.0,,1.0
4,Nanighar,43,606,6-Jan-25,18-Mar-25,5-Mar-25,From Smart Fashion To Smart Eating,Sahiba Bali/Aashish Solanki,Food and Beverage,Homemade delicacies Dishes,https://nanighar.co.in/,2019.0,2,1.0,1.0,,1.0,Middle,Kolkata,West Bengal,,64.0,,,,,,,yes,,100.0,5.0,2000.0,0,,,,,,,,,,,,,,,,,,,,,,,,,,,,,,,,,,,,,Kunal Bahl,1.0,1.0,1.0,,,1.0,,1.0
4,GoodMonk,44,607,6-Jan-25,18-Mar-25,6-Mar-25,"Spices, Supplements And Startups",Sahiba Bali/Aashish Solanki,Fitness/Sports/Outdoors,"Multivitamins, probiotics, and fiber mix Lysine, Ashwagandha & Brahmi",https://www.goodmonk.in/,2023.0,2,1.0,1.0,,1.0,Middle,Bangalore,Vijayawada,200.0,35.0,75.0,,,,,,funded,,100.0,1.67,5988.023952,1,1.0,50.0,1.0,50.0,10.0,5000.0,1.0,,,,0.25,,,,50.0,1.0,50.0,,,,,,,,,,,,,,,,,,,,"Kunal Bahl,Azhar Iqubal",,1.0,,1.0,,1.0,,2.0
4,Artbuzz,44,608,6-Jan-25,18-Mar-25,6-Mar-25,"Spices, Supplements And Startups",Sahiba Bali/Aashish Solanki,Business Services,Creative co-living and coworking spaces,https://www.artbuzz.in/,2022.0,2,1.0,1.0,,0.0,Middle,Delhi,Delhi,378.0,,,,-10.0,,,,yes,,100.0,3.0,3333.333333,0,,,,,,,,,,,,,,,,,,,,,,,,,,,,,,,,,,,,,"Kunal Bahl,Azhar Iqubal",,1.0,,1.0,,1.0,,2.0
4,Tulua,44,609,6-Jan-25,18-Mar-25,6-Mar-25,"Spices, Supplements And Startups",Sahiba Bali/Aashish Solanki,Food and Beverage,"Pure, unadulterated spices",https://tulua.shop/,2020.0,2,1.0,1.0,,0.0,Middle,Mumbai,Maharashtra,290.0,45.0,,,3.0,,,,funded,,50.0,2.0,2500.0,0,,,,,,,,,,,,,,,,,,,,,,,,,,,,,,,,,,,,,"Kunal Bahl,Azhar Iqubal",,1.0,,1.0,,1.0,,2.0
4,Taffykids,45,610,6-Jan-25,18-Mar-25,7-Mar-25,"Clothes, Safety And Supplements",Aashish Solanki,Children/Education,Playful kidswear for every occasion,https://thetaffy.in/,2021.0,3,1.0,2.0,,1.0,Middle,Mumbai,Maharashtra,1200.0,150.0,75.0,,12.0,,,,,,75.0,1.0,7500.0,1,1.0,75.0,1.5,,,5000.0,2.0,,0.5,75.0,,,,,37.5,0.75,,,,,,,,,,,37.5,0.75,,,,,,,,,Kunal Bahl,1.0,1.0,,1.0,,1.0,,1.0
4,WhaleWearables,45,611,6-Jan-25,18-Mar-25,7-Mar-25,"Clothes, Safety And Supplements",Aashish Solanki,Lifestyle/Home,Groundbreaking women's safety wearable solutions,https://whalewearables.com/,,2,1.0,1.0,,1.0,Young,Belagavi,Karnataka,,,,,,,,yes,,,30.0,3.0,1000.0,1,1.0,30.0,3.0,,,1000.0,2.0,yes,,,,,,,15.0,1.5,,,,,15.0,1.5,,,,,,,,,,,,,,,Kunal Bahl,1.0,1.0,,1.0,,1.0,,1.0
4,Zingavita,45,612,6-Jan-25,18-Mar-25,7-Mar-25,"Clothes, Safety And Supplements",Aashish Solanki,Medical/Health,High-quality modern Ayurvedic supplements shilajit,https://www.zingavita.com/,,2,2.0,0.0,,0.0,Middle,Chandigarh,Punjab,860.0,190.0,68.0,,,,,,,,100.0,1.25,8000.0,0,,,,,,,,,,,,,,,,,,,,,,,,,,,,,,,,,,,,,Kunal Bahl,1.0,1.0,,1.0,,1.0,,1.0
4,DhaagaLife,45,613,6-Jan-25,18-Mar-25,7-Mar-25,"Clothes, Safety And Supplements",Aashish Solanki,Beauty/Fashion,Accessories Handbags,https://dhaagalife.com/,2022.0,3,0.0,3.0,,0.0,Middle,Mumbai,Maharashtra,120.0,,,,20.0,,,,,,75.0,5.0,1500.0,0,,,,,,,,,,,,,,,,,,,,,,,,,,,,,,,,,,,,,Kunal Bahl,1.0,1.0,,1.0,,1.0,,1.0
4,Tileskraft,46,614,6-Jan-25,18-Mar-25,10-Mar-25,"Craftsmanship, Devotion And Innovation",Aashish Solanki,Lifestyle/Home,Wide range of tiles ,https://tileskraft.com/,2022.0,1,0.0,1.0,,0.0,Young,Borbi,Gujarat,58.0,,,,,,,,,,60.0,12.0,500.0,0,,,,,,,,,,,,,,,,,,,,,,,,,,,,,,,,,,,,,Kunal Bahl,,1.0,1.0,1.0,1.0,,,1.0
4,Krishnsakhi,46,615,6-Jan-25,18-Mar-25,10-Mar-25,"Craftsmanship, Devotion And Innovation",Aashish Solanki,Lifestyle/Home,Handcrafted jewelry for Gods,https://krishnsakhi.com/,,2,1.0,1.0,,0.0,Old,Mumbai,Maharashtra,80.0,10.0,,,24.0,,,,,,37.5,2.5,1500.0,0,,,,,,,,,,,,,,,,,,,,,,,,,,,,,,,,,,,,,Kunal Bahl,,1.0,1.0,1.0,1.0,,,1.0
4,BoreCharger,46,616,6-Jan-25,18-Mar-25,10-Mar-25,"Craftsmanship, Devotion And Innovation",Aashish Solanki,Agriculture,Sustainable water bore solutions,https://www.borecharger.com/,2017.0,2,2.0,0.0,,0.0,Middle,Pune,Maharashtra,322.0,,,,15.0,,,yes,funded,,75.0,1.5,5000.0,1,0.0,,,,,,,,,,,,,,,,,,,,,,,,,,,,,,,,,,,,Kunal Bahl,,1.0,1.0,1.0,1.0,,,1.0
4,SuperBolter,47,617,6-Jan-25,18-Mar-25,11-Mar-25,"Revolutionizing Homes, Sales, And Sustainability",Aashish Solanki,Lifestyle/Home,Three-dimensional home designs,https://www.superbolter.com/,2019.0,1,1.0,0.0,,0.0,Middle,Bangalore,Karnataka,,,,,,,,,funded,,75.0,0.5,15000.0,0,,,,,,,,,,,,,,,,,,,,,,,,,,,,,,,,,,,,,Kunal Bahl,,1.0,1.0,1.0,1.0,,,1.0
4,HiveSchool,47,618,6-Jan-25,18-Mar-25,11-Mar-25,"Revolutionizing Homes, Sales, And Sustainability",Aashish Solanki,Children/Education,Sales school college,https://hiveschool.co/,2024.0,3,3.0,0.0,,0.0,Young,"Delhi,Indore","Delhi,Madhya Pradesh",,,,,19.0,,,,,,60.0,5.0,1200.0,0,,,,,,,,,,,,,,,,,,,,,,,,,,,,,,,,,,,,,Kunal Bahl,,1.0,1.0,1.0,1.0,,,1.0
4,Tintbox,47,619,6-Jan-25,18-Mar-25,11-Mar-25,"Revolutionizing Homes, Sales, And Sustainability",Aashish Solanki,Lifestyle/Home,Borosilicate glass bottles and lunch boxes,https://tintbox.in/,2017.0,2,1.0,1.0,,0.0,Middle,Ahmedabad,Gujarat,206.0,,,,8.0,,,,,,70.0,5.0,1400.0,0,,,,,,,,,,,,,,,,,,,,,,,,,,,,,,,,,,,,,Kunal Bahl,,1.0,1.0,1.0,1.0,,,1.0
4,EasyRugs,48,620,6-Jan-25,18-Mar-25,12-Mar-25,From Home To Health,Sahiba Bali/Aashish Solanki,Lifestyle/Home,"Sustainable, low-maintenance rugs",https://easyrugs.in/,2023.0,2,1.0,1.0,,1.0,Middle,Delhi,Delhi,,8.0,,,33.0,,,,,,35.0,5.0,700.0,1,1.0,35.0,5.0,,,700.0,2.0,,5.0,52.5,,,,,17.5,2.5,,,,,17.5,2.5,,,,,,,,,,,,,,,,1.0,1.0,1.0,1.0,1.0,,,
4,StylesTry,48,621,6-Jan-25,18-Mar-25,12-Mar-25,From Home To Health,Sahiba Bali/Aashish Solanki,Beauty/Fashion,Stylish women's footwear,https://www.stylestry.com/,2012.0,2,2.0,0.0,,0.0,Young,Delhi,Delhi,93.0,70.0,43.0,,2.5,,,,,,50.0,1.0,5000.0,0,,,,,,,,,,,,,,,,,,,,,,,,,,,,,,,,,,,,,,1.0,1.0,1.0,1.0,1.0,,,
4,Quitci,48,622,6-Jan-25,18-Mar-25,12-Mar-25,From Home To Health,Sahiba Bali/Aashish Solanki,Lifestyle/Home,"Innovative anti-smoking device Smoke-Free, Nicotine-Free",https://www.quitci.com/,2023.0,2,2.0,0.0,,0.0,Middle,Kolar,Karnataka,110.0,33.0,,,,,,,,,50.0,2.0,2500.0,0,,,,,,,,,,,,,,,,,,,,,,,,,,,,,,,,,,,,,,1.0,1.0,1.0,1.0,1.0,,,
4,FitFeast,49,623,6-Jan-25,18-Mar-25,13-Mar-25,"Food, Fashion And Furry Science",Sahiba Bali/Aashish Solanki,Food and Beverage,Protein-packed foods Protein Snacks,https://fitfeast.in/,2021.0,1,1.0,0.0,,0.0,Young,Delhi,Delhi,140.0,,53.0,,-5.0,,,,funded,,100.0,6.5,1538.461538,1,1.0,100.0,18.0,,,555.5555556,2.0,,,,,,,,,,,50.0,9.0,,,,,,,,,,,,,,50.0,9.0,,Viraj Bahl,"Kunal Bahl,Viraj Bahl",1.0,,1.0,1.0,,,,2.0
4,TheBearHouse,49,624,6-Jan-25,18-Mar-25,13-Mar-25,"Food, Fashion And Furry Science",Sahiba Bali/Aashish Solanki,Beauty/Fashion,Stylish and affordable menswear,https://thebearhouse.com/,2018.0,2,1.0,1.0,,1.0,Middle,Bangalore,Karnataka,9650.0,,,,18.0,,,,,,300.0,1.0,30000.0,1,1.0,100.0,1.0,200.0,10.0,10000.0,1.0,,,,,100.0,1.0,200.0,,,,,,,,,,,,,,,,,,,,,,,"Kunal Bahl,Viraj Bahl",1.0,,1.0,1.0,,,,2.0
4,UrbanAnimal,49,625,6-Jan-25,18-Mar-25,13-Mar-25,"Food, Fashion And Furry Science",Sahiba Bali/Aashish Solanki,Animal/Pets,Dog DNA tests,https://urbananimal.co.in/,2022.0,2,2.0,0.0,,0.0,Young,Bangalore,Karnataka,,,,,,,,,,,45.0,5.0,900.0,0,,,,,,,,,,,,,,,,,,,,,,,,,,,,,,,,,,,,,"Kunal Bahl,Viraj Bahl",1.0,,1.0,1.0,,,,2.0
4,Nooky,50,626,6-Jan-25,18-Mar-25,14-Mar-25,"Love, Style And Spirits",Sahiba Bali/Aashish Solanki,Lifestyle/Home,Aphrodisiac Mood Uplifting chocolates,https://www.trynooky.in/,2023.0,2,1.0,1.0,,1.0,Middle,Delhi,Delhi,,102.0,,,,,,,funded,,60.0,1.0,6000.0,0,,,,,,,,,,,,,,,,,,,,,,,,,,,,,,,,,,,,,Varun Dua,,1.0,1.0,1.0,1.0,,,1.0
4,Subculture,50,627,6-Jan-25,18-Mar-25,14-Mar-25,"Love, Style And Spirits",Sahiba Bali/Aashish Solanki,Beauty/Fashion,Fetish leather Fashion,https://leathersubculture.com/,2021.0,1,1.0,0.0,,0.0,Young,Ara,Bihar,20.0,,,,,,80.0,,,,50.0,7.0,714.2857143,0,,,,,,,,,,,,,,,,,,,,,,,,,,,,,,,,,,,,,Kunal Bahl,1.0,,1.0,1.0,,1.0,,1.0
4,Woodsmen,50,628,6-Jan-25,18-Mar-25,14-Mar-25,"Love, Style And Spirits",Sahiba Bali/Aashish Solanki,Liquor/Alcohol,Himalayan whiskey,https://woodsmenwhiskey.com/,2021.0,1,1.0,0.0,,0.0,Middle,Delhi,Delhi,,,46.0,,0.0,,,yes,funded,,150.0,0.5,30000.0,0,,,,,,,,,,,,,,,,,,,,,,,,,,,,,,,,,,,,,"Kunal Bahl,Azhar Iqubal",,1.0,,1.0,,1.0,,2.0
4,BhavisyaPlast,51,629,6-Jan-25,18-Mar-25,17-Mar-25,Ecopreneurs In The Tank,Sahiba Bali/Aashish Solanki,Green/CleanTech,Affordable RBG's bioplastics,,,1,0.0,1.0,,0.0,Young,Kolkata,West Bengal,,,,,,,,yes,,,50.0,1.5,3333.333333,1,1.0,200.0,10.0,,,2000.0,4.0,,,,,50.0,2.5,,,,,50.0,2.5,,50.0,2.5,,,,,,,,,,,50.0,2.5,,Chirag Nakrani,Chirag Nakrani,1.0,,1.0,1.0,,1.0,,1.0
4,Ecoil,51,630,6-Jan-25,18-Mar-25,17-Mar-25,Ecopreneurs In The Tank,Sahiba Bali/Aashish Solanki,Green/CleanTech,Food oil recycling,https://ecoil.in/,2018.0,2,1.0,1.0,,1.0,Middle,Jaipur,Rajasthan,1700.0,,40.0,15.0,,,,,funded,,100.0,1.25,8000.0,1,1.0,50.0,1.0,50.0,9.0,5000.0,2.0,,,,0.6,,,,,,,,,,,,,,,,25.0,0.5,25.0,,,,25.0,0.5,25.0,Chirag Nakrani,Chirag Nakrani,1.0,,1.0,1.0,,1.0,,1.0
4,Rescript,51,631,6-Jan-25,18-Mar-25,17-Mar-25,Ecopreneurs In The Tank,Sahiba Bali/Aashish Solanki,Green/CleanTech,Sustainable stationery Recycled Paper Products,https://www.rescript.in/,2021.0,2,2.0,0.0,,0.0,Middle,Bangalore,Karnataka,270.0,,,,15.0,,,,yes,,100.0,3.33,3003.003003,0,,,,,,,,,,,,,,,,,,,,,,,,,,,,,,,,,,,,,Chirag Nakrani,1.0,,1.0,1.0,,1.0,,1.0
4,TickleYourArt,52,632,6-Jan-25,18-Mar-25,18-Mar-25,Empowering Abilities,Aashish Solanki,Others,Art by artists with Down syndrome,https://tickleyourart.com/,2020.0,3,0.0,3.0,,0.0,Young,Pune,Maharashtra,20.0,,,,,,,,,,21.3,7.0,304.2857143,1,1.0,21.3,7.0,,,304.2857143,2.0,,,,,,,,,,,10.65,3.5,,10.65,3.5,,,,,,,,,,,,,,,"Srikanth Bolla,Chirag Nakrani",1.0,,1.0,1.0,,,,2.0
4,Symbionic,52,633,6-Jan-25,18-Mar-25,18-Mar-25,Empowering Abilities,Aashish Solanki,Medical/Health,Advanced prosthetic arms easy-to-use prosthetics,https://www.symbionic.co/,2019.0,2,2.0,0.0,,0.0,Middle,Chennai,Tamil Nadu,0.0,,,,,,,,funded,,80.0,2.0,4000.0,1,1.0,40.0,1.0,40.0,10.0,4000.0,1.0,,,,1.0,40.0,1.0,40.0,,,,,,,,,,,,,,,,,,,,,,,"Srikanth Bolla,Chirag Nakrani",1.0,,1.0,1.0,,,,2.0
4,XLCinema,52,634,6-Jan-25,18-Mar-25,18-Mar-25,Empowering Abilities,Aashish Solanki,Entertainment,Audio content platform for the visually impaired Automatic Content Augmentation Services,https://www.xlcinema.in/,,2,1.0,1.0,,1.0,Middle,Delhi,Delhi,65.0,,,,,,,,,,150.0,1.5,10000.0,0,,,,,,,,,,,,,,,,,,,,,,,,,,,,,,,,,,,,,"Srikanth Bolla,Chirag Nakrani",1.0,,1.0,1.0,,,,2.0
5,TheCroffleGuys,1,635,5-Jan-26,17-Mar-26,5-Jan-26,Sweet Ideas And Bold Dreams,Aaditya Kulshreshth,Food and Beverage,Desserts and waffles,,2025.0,4,4.0,0.0,,0.0,Middle,Mumbai,Maharashtra,,40.0,70.0,,,,,,,,100.0,1.0,10000.0,1,1.0,250.0,5.0,,,5000.0,2.0,,,,,,,,,,,,,,,,,,,,,,,,,,250.0,5.0,,"Kunal Bahl,Mohit Yadav","Kunal Bahl,Mohit Yadav",1.0,,1.0,1.0,,,,2.0
5,LewisiaWellness,1,636,5-Jan-26,17-Mar-26,5-Jan-26,Sweet Ideas And Bold Dreams,Aaditya Kulshreshth,Beauty/Fashion,natural skincare and haircare wellness,https://lewisiawellness.com/,2021.0,1,1.0,0.0,,0.0,Middle,Jaipur,Rajasthan,1000.0,,70.0,,,,,,,,100.0,1.0,10000.0,0,,,,,,,,,,,,,,,,,,,,,,,,,,,,,,,,,,,,,"Kunal Bahl,Mohit Yadav",1.0,,1.0,1.0,,,,2.0
5,GuuglyWuugly,1,637,5-Jan-26,17-Mar-26,5-Jan-26,Sweet Ideas And Bold Dreams,Aaditya Kulshreshth,Children/Education,kidswear clothing,https://www.guuglywuugly.com/,2022.0,1,1.0,0.0,,0.0,Young,Lucknow,Uttar Pradesh,,,,,,,,,,,50.0,5.0,1000.0,0,,,,,,,,,,,,,,,,,,,,,,,,,,,,,,,,,,,,,"Kunal Bahl,Mohit Yadav",1.0,,1.0,1.0,,,,2.0
5,EMoMee,2,638,5-Jan-26,17-Mar-26,6-Jan-26,"Building Smiles, Journeys And Care",Aaditya Kulshreshth,Children/Education,Educational and emotional toys,https://emomee.com/,2025.0,2,1.0,1.0,,1.0,Middle,Mumbai,Maharashtra,0.0,,,,,,,,funded,,100.0,2.0,5000.0,1,1.0,200.0,4.0,,,5000.0,2.0,,,,,100.0,2.0,,,,,,,,100.0,2.0,,,,,,,,,,,,,,,"Kunal Bahl,Mohit Yadav",1.0,,1.0,1.0,,,,2.0
5,CaptureATrip,2,639,5-Jan-26,17-Mar-26,6-Jan-26,"Building Smiles, Journeys And Care",Aaditya Kulshreshth,Entertainment,Community Travel company,https://www.captureatrip.com/,2021.0,2,2.0,0.0,,0.0,Middle,Delhi,Delhi,,,30.0,,-3.0,,,,funded,,75.0,1.5,5000.0,1,1.0,75.0,5.0,,,1500.0,2.0,,,,,,,,,,,,,,,,,,,,,,,,,,75.0,5.0,,"Kunal Bahl,Mohit Yadav","Kunal Bahl,Mohit Yadav",1.0,,1.0,1.0,,,,2.0
5,Loopie,2,640,5-Jan-26,17-Mar-26,6-Jan-26,"Building Smiles, Journeys And Care",Aaditya Kulshreshth,Children/Education,Baby gear brand,https://loopie.in/,2025.0,1,0.0,1.0,,0.0,Middle,Gurugram,Haryana,,45.0,,,,,,,,,75.0,1.0,7500.0,1,0.0,,,,,,,,,,,,,,,,,,,,,,,,,,,,,,,,,,,,"Kunal Bahl,Mohit Yadav",1.0,,1.0,1.0,,,,2.0
5,SaveSage,3,641,5-Jan-26,17-Mar-26,7-Jan-26,Dreams On The Line,Aaditya Kulshreshth,Technology/Software,Rewards Optimization,https://savesage.club/,2024.0,1,1.0,0.0,,0.0,Middle,Gurugram,Haryana,,,,,,,,,funded,,100.0,1.0,10000.0,1,1.0,400.0,9.0,,,4444.444444,4.0,,,,,100.0,2.25,,,,,100.0,2.25,,,,,,,,,,,,,,200.0,4.5,,"Kunal Bahl,Mohit Yadav","Kunal Bahl,Mohit Yadav",1.0,,1.0,1.0,,,,2.0
5,KalamLabs,3,642,5-Jan-26,17-Mar-26,7-Jan-26,Dreams On The Line,Aaditya Kulshreshth,Technology/Software,Research Labs for aerial vechicles,https://www.kalamlabs.in/,2024.0,3,3.0,0.0,,0.0,Middle,"Lucknow,Kanpur,Kota","Uttar Pradesh,Rajasthan",,,,,,,,yes,funded,,200.0,0.67,29850.74627,1,1.0,200.0,1.25,,,16000.0,1.0,,,,,,,,,,,,,,200.0,1.25,,,,,,,,,,,,,,,"Kunal Bahl,Mohit Yadav",1.0,,1.0,1.0,,,,2.0
5,Panteazy,3,643,5-Jan-26,17-Mar-26,7-Jan-26,Dreams On The Line,Aaditya Kulshreshth,Beauty/Fashion,Intimate clothing brand for men,https://www.panteazy.in/,2022.0,2,2.0,0.0,,0.0,Middle,Delhi,Delhi,,7.5,,,8.0,,,,,,50.0,5.0,1000.0,0,,,,,,,,,,,,,,,,,,,,,,,,,,,,,,,,,,,,,"Kunal Bahl,Mohit Yadav",1.0,,1.0,1.0,,,,2.0
5,GoatLife,4,644,5-Jan-26,17-Mar-26,8-Jan-26,Pitching The Future,Aaditya Kulshreshth,Food and Beverage,Overnight Oats brand,https://goatlife.co.in/,,1,1.0,0.0,,0.0,Young,Kota,Rajasthan,,90.0,,,,,,,funded,,36.0,1.0,3600.0,1,1.0,200.0,8.0,,,2500.0,2.0,,,,,,,,,,,100.0,4.0,,100.0,4.0,,,,,,,,,,,,,,,,1.0,,1.0,1.0,,1.0,1.0,
5,Planyt,4,645,5-Jan-26,17-Mar-26,8-Jan-26,Pitching The Future,Aaditya Kulshreshth,Green/CleanTech,Smart plants,https://www.greenglobalaggrovation.com/,2020.0,1,1.0,0.0,,0.0,Middle,Vadodara,Gujarat,0.0,,,,,,3.0,,funded,,105.0,6.5,1615.384615,0,,,,,,,,,,,,,,,,,,,,,,,,,,,,,,,,,,,,,,1.0,,1.0,1.0,,1.0,1.0,
5,Avishkaar,4,646,5-Jan-26,17-Mar-26,8-Jan-26,Pitching The Future,Aaditya Kulshreshth,Children/Education,AI based toys for kids,https://home.avishkaar.cc/,2022.0,3,2.0,1.0,,,Middle,Delhi,Delhi,2600.0,,,,,,,yes,funded,,80.0,1.0,8000.0,0,,,,,,,,,,,,,,,,,,,,,,,,,,,,,,,,,,,,,,1.0,,1.0,1.0,,1.0,1.0,
5,Emori,5,647,5-Jan-26,17-Mar-26,9-Jan-26,Battle Of Brilliance,Aaditya Kulshreshth,Beauty/Fashion,Lab-grown diamond jewellery,https://emori.in/,2023.0,1,0.0,1.0,,0.0,Middle,Gurugram,Haryana,620.0,,35.0,,6.0,,,,yes,yes,75.0,1.0,7500.0,1,1.0,300.0,6.0,,,5000.0,4.0,,,,,50.0,1.0,,,,,150.0,3.0,,,,,,,,50.0,1.0,,50.0,1.0,,,,,,,1.0,,1.0,1.0,,1.0,1.0,
5,TrueDiamond,5,648,5-Jan-26,17-Mar-26,9-Jan-26,Battle Of Brilliance,Aaditya Kulshreshth,Beauty/Fashion,Lab-grown diamond jewellery,https://truediamond.in/,2024.0,2,2.0,0.0,,0.0,Middle,Mumbai,Maharashtra,,,35.0,,,,,,funded,yes,108.0,1.0,10800.0,0,,,,,,,,,,,,,,,,,,,,,,,,,,,,,,,,,,,,,,1.0,,1.0,1.0,,1.0,1.0,
5,Smylo,6,649,5-Jan-26,17-Mar-26,12-Jan-26,Pawfect Pitches,Aaditya Kulshreshth,Animal/Pets,Pet food brand,https://getsmylo.com/,2024.0,2,2.0,0.0,,0.0,Middle,Kanpur,Uttar Pradesh,,56.0,,,-20.0,,,,funded,yes,68.0,1.0,6800.0,1,1.0,75.0,1.0,,,7500.0,3.0,,,,2.0,,,,,,,25.0,0.333,,,,,,,,,,,,,,50.0,0.666,,"Kunal Bahl,Varun Alagh","Kunal Bahl,Varun Alagh",1.0,1.0,1.0,,,,,2.0
5,Nootie,6,650,5-Jan-26,17-Mar-26,12-Jan-26,Pawfect Pitches,Aaditya Kulshreshth,Animal/Pets,Pet food brand,https://www.nootie.in/,2022.0,3,3.0,0.0,,0.0,Middle,Delhi,Delhi,1850.0,,47.0,,13.0,,,,yes,yes,100.0,1.2,8333.333333,1,1.0,100.0,4.0,,,2500.0,2.0,,1.0,100.0,,50.0,2.0,,,,,50.0,2.0,,,,,,,,,,,,,,,,,,"Kunal Bahl,Varun Alagh",1.0,1.0,1.0,,,,,2.0
5,Pistabarfi,7,651,5-Jan-26,17-Mar-26,13-Jan-26,Tradition Meets Innovation,Aaditya Kulshreshth,Food and Beverage,Traditional sweets brand,https://pistabarfi.com/,2021.0,2,2.0,0.0,,0.0,Middle,Mumbai,Maharashtra,,22.0,50.0,,,,,,,,30.0,5.0,600.0,0,,,,,,,,,,,,,,,,,,,,,,,,,,,,,,,,,,,,,"Kunal Bahl,Varun Alagh",1.0,1.0,1.0,,,,,2.0
5,CorelLifecare,7,652,5-Jan-26,17-Mar-26,13-Jan-26,Tradition Meets Innovation,Aaditya Kulshreshth,Food and Beverage,Nutrient food for fish farming,https://corellifecare.com/,2023.0,3,3.0,0.0,,0.0,Middle,Thane,Maharashtra,,,,,9.0,,,,yes,,120.0,2.0,6000.0,1,1.0,120.0,8.0,,,1500.0,2.0,,,,,,,,,,,60.0,4.0,,,,,,,,,,,,,,60.0,4.0,,Kunal Bahl,"Kunal Bahl,Varun Alagh",1.0,1.0,1.0,,,,,2.0
5,vryse,7,653,5-Jan-26,17-Mar-26,13-Jan-26,Tradition Meets Innovation,Aaditya Kulshreshth,Technology/Software,AI optimization platform,https://vryse.co/,,1,1.0,0.0,,0.0,Young,Pune,Maharashtra,,,,,,,,,,,40.0,2.0,2000.0,1,1.0,40.0,10.0,,,400.0,1.0,,,,,,,,,,,40.0,10.0,,,,,,,,,,,,,,,,,,"Kunal Bahl,Varun Alagh",1.0,1.0,1.0,,,,,2.0
5,MyPB,8,654,5-Jan-26,17-Mar-26,14-Jan-26,Innovation Meets Investment,Aaditya Kulshreshth,Food and Beverage,Peanut butter brand,https://mypb.co.in/,,1,1.0,0.0,,0.0,Middle,Amreli,Gujarat,,,85.0,,8.0,,,,,,70.0,10.0,700.0,1,1.0,70.0,15.0,,,466.6666667,3.0,,,,,23.33,5.0,,23.33,5.0,,,,,,,,,,,,,,,,,23.33,5.0,,Varun Alagh,"Kunal Bahl,Varun Alagh,Viraj Bahl",1.0,1.0,,,,,,3.0
5,xSTEP,8,655,5-Jan-26,17-Mar-26,14-Jan-26,Innovation Meets Investment,Aaditya Kulshreshth,Medical/Health,Non evasive device for spine injuries,https://vivatronix.com/,2025.0,1,1.0,0.0,,0.0,Middle,Bangalore,Karnataka,,,,,,,,yes,yes,,100.0,1.0,10000.0,1,1.0,100.0,10.0,,,1000.0,3.0,,,,,33.33,3.33,,33.33,3.33,,,,,,,,,,,,,,,,,33.33,3.33,,Kunal Bahl,"Kunal Bahl,Varun Alagh,Viraj Bahl",1.0,1.0,,,,,,3.0
5,TruthAndHair,8,656,5-Jan-26,17-Mar-26,14-Jan-26,Innovation Meets Investment,Aaditya Kulshreshth,Beauty/Fashion,Curly hair care brand,https://truthandhair.com/,2024.0,2,1.0,1.0,,1.0,Middle,Gurugram,Haryana,,23.0,,,,,,,yes,,100.0,2.5,4000.0,1,1.0,250.0,25.0,,,1000.0,1.0,,,,,,,,,,,,,,,,,,,,,,,,,,250.0,25.0,,Varun Alagh,"Kunal Bahl,Varun Alagh,Viraj Bahl",1.0,1.0,,,,,,3.0
5,MetaFashion,9,657,5-Jan-26,17-Mar-26,15-Jan-26,Fashion Faith and Feet,Aaditya Kulshreshth,Technology/Software,Digital products company for Roblox,https://metafashion.in/,2022.0,2,2.0,0.0,,0.0,Young,Delhi,Delhi,,,,,,,,,,,100.0,10.0,1000.0,0,,,,,,,,,,,,,,,,,,,,,,,,,,,,,,,,,,,,,"Kunal Bahl,Varun Alagh,Viraj Bahl",1.0,1.0,,,,,,3.0
5,Japam,9,658,5-Jan-26,17-Mar-26,15-Jan-26,Fashion Faith and Feet,Aaditya Kulshreshth,Lifestyle/Home,Spiritual wearables brand,https://japam.in/,2022.0,1,1.0,0.0,,0.0,Middle,Mohali,Punjab,,,80.0,,20.0,,250.0,,,,150.0,1.0,15000.0,1,1.0,150.0,1.0,,,15000.0,2.0,,1.0,150.0,,75.0,0.5,,,,,,,,,,,,,,,,,,,,75.0,0.5,,Varun Alagh,"Kunal Bahl,Varun Alagh,Viraj Bahl",1.0,1.0,,,,,,3.0
5,ZenBarefoot,9,659,5-Jan-26,17-Mar-26,15-Jan-26,Fashion Faith and Feet,Aaditya Kulshreshth,Beauty/Fashion,Barefoot shoes brand,https://www.zenbarefoot.com/,2025.0,2,2.0,0.0,,0.0,Middle,Delhi,Delhi,,6.5,,,21.0,,,,,,100.0,5.0,2000.0,0,,,,,,,,,,,,,,,,,,,,,,,,,,,,,,,,,,,,,"Kunal Bahl,Varun Alagh,Viraj Bahl",1.0,1.0,,,,,,3.0
5,RIDEV,10,660,5-Jan-26,17-Mar-26,16-Jan-26,Driven By Innovation,Aaditya Kulshreshth,Vehicles/Electrical Vehicles,E-scooter leasing renting company,https://ridev.in/,2025.0,2,2.0,0.0,,0.0,Young,Hyderabad,Telangana,,82.0,,,,,,,funded,,600.0,3.0,20000.0,1,1.0,100.0,3.0,500.0,14.5,3333.333333,1.0,,,,,,,,,,,,,,,,,,,,,,,,,,100.0,3.0,500.0,Kunal Bahl,"Kunal Bahl,Varun Alagh,Viraj Bahl",1.0,1.0,,,,,,3.0
5,Stroom,10,661,5-Jan-26,17-Mar-26,16-Jan-26,Driven By Innovation,Aaditya Kulshreshth,Food and Beverage,Protein bar brand,https://www.stroom.in/,2022.0,3,3.0,0.0,,0.0,Middle,Ahmedabad,Gujarat,,,,,6.0,,,,funded,,100.0,2.0,5000.0,1,1.0,100.0,2.5,,,4000.0,2.0,,,,2.0,,,,50.0,1.25,,,,,,,,,,,,,,,,,50.0,1.25,,Kunal Bahl,"Kunal Bahl,Varun Alagh,Viraj Bahl",1.0,1.0,,,,,,3.0
5,TBFO,10,662,5-Jan-26,17-Mar-26,16-Jan-26,Driven By Innovation,Aaditya Kulshreshth,Beauty/Fashion,Women clothing brand,https://www.tbfo.in/,2023.0,2,1.0,1.0,,1.0,Middle,Bhopal,Madhya Pradesh,,,,16.0,18.0,,,,,,100.0,5.0,2000.0,0,,,,,,,,,,,,,,,,,,,,,,,,,,,,,,,,,,,,,"Kunal Bahl,Varun Alagh,Viraj Bahl",1.0,1.0,,,,,,3.0
5,Neurapexai,11,663,5-Jan-26,17-Mar-26,19-Jan-26,Bold Ideas And Big Stakes,Aaditya Kulshreshth,Medical/Health,AI assisted diagnostic platform,https://www.neurapex.in/,2024.0,1,1.0,0.0,,0.0,Young,,,,,,,,,,,,,60.0,5.0,1200.0,1,1.0,60.0,5.0,,,1200.0,1.0,,,,,,,,,,,,,,60.0,5.0,,,,,,,,,,,,,,,Kunal Bahl,1.0,1.0,,1.0,,1.0,,1.0
5,Wrestlefanent,11,664,5-Jan-26,17-Mar-26,19-Jan-26,Bold Ideas And Big Stakes,Aaditya Kulshreshth,Fitness/Sports/Outdoors,Wrestling fan event platform,,,1,1.0,0.0,,0.0,Middle,Delhi,Delhi,,,,,,,,,,,75.0,10.0,750.0,0,,,,,,,,,,,,,,,,,,,,,,,,,,,,,,,,,,,,,Kunal Bahl,1.0,1.0,,1.0,,1.0,,1.0
5,Ayuvyaandimfresh,11,665,5-Jan-26,17-Mar-26,19-Jan-26,Bold Ideas And Big Stakes,Aaditya Kulshreshth,Medical/Health,Ayurveda based supplements and beauty products,https://ayuvya.com/,2022.0,3,2.0,1.0,,1.0,Middle,Delhi,Delhi,3500.0,,77.0,,,,,,,,100.0,0.5,20000.0,0,,,,,,,,,,,,,,,,,,,,,,,,,,,,,,,,,,,,,Kunal Bahl,1.0,1.0,,1.0,,1.0,,1.0
5,EveryMorningCartel,12,666,5-Jan-26,17-Mar-26,20-Jan-26,Brewing Innovation,Aaditya Kulshreshth,Food and Beverage,Dining cafe brand,https://www.everymorningcartel.com/,,2,2.0,0.0,,0.0,Young,Mumbai,Maharashtra,,,,,32.0,,,,yes,,200.0,5.0,4000.0,1,1.0,200.0,12.0,,,1666.666667,2.0,,,,,,,,,,,,,,100.0,6.0,,,,,100.0,6.0,,,,,,,,,Kunal Bahl,1.0,1.0,,1.0,,1.0,,1.0
5,Cinefaistudios,12,667,5-Jan-26,17-Mar-26,20-Jan-26,Brewing Innovation,Aaditya Kulshreshth,Technology/Software,Gen-AI powered content studio,https://www.cinefai.com/,2025.0,2,1.0,1.0,,,Middle,Mumbai,Maharashtra,,,,,,,,,yes,,100.0,5.0,2000.0,1,1.0,50.0,5.0,50.0,9.0,1000.0,1.0,,,,,,,,,,,,,,,,,,,,50.0,5.0,50.0,,,,,,,,Kunal Bahl,1.0,1.0,,1.0,,1.0,,1.0
5,Sampark,12,668,5-Jan-26,17-Mar-26,20-Jan-26,Brewing Innovation,Aaditya Kulshreshth,Vehicles/Electrical Vehicles,QR based vehicle tag,https://ngf132.com/,2020.0,2,1.0,1.0,,0.0,Middle,Noida,Uttar Pradesh,270.0,,95.0,,10.0,,,,,,100.0,2.0,5000.0,0,,,,,,,,,,,,,,,,,,,,,,,,,,,,,,,,,,,,,Kunal Bahl,1.0,1.0,,1.0,,1.0,,1.0
5,Sovrenn,13,669,5-Jan-26,17-Mar-26,21-Jan-26,Decoding The Stock Game,Aaditya Kulshreshth,Technology/Software,Stock discovery platform,https://www.sovrenn.com/,2023.0,3,2.0,1.0,,0.0,Middle,Delhi,Delhi,300.0,,,,,,,,yes,yes,100.0,1.0,10000.0,0,,,,,,,,,,,,,,,,,,,,,,,,,,,,,,,,,,,,,"Kunal Bahl,Mohit Yadav,Kanika Tekriwal",,,1.0,1.0,,,,3.0
5,Multibagg.ai,13,670,5-Jan-26,17-Mar-26,21-Jan-26,Decoding The Stock Game,Aaditya Kulshreshth,Technology/Software,AI Stock research platform,https://www.multibagg.ai/,2024.0,1,1.0,0.0,,0.0,Middle,Bangalore,Karnataka,,,,,,,,,funded,yes,50.0,2.0,2500.0,1,1.0,50.0,1.0,,,5000.0,1.0,,,,,,,,,,,,,,50.0,1.0,,,,,,,,,,,,,,,"Kunal Bahl,Mohit Yadav,Kanika Tekriwal",,,1.0,1.0,,,,3.0
5,UprearBuild,14,671,5-Jan-26,17-Mar-26,22-Jan-26,Smart Solutions And Big Impact,Aaditya Kulshreshth,Business Services,Pre-fabricated construction company,https://uprearbuild.com/,,1,1.0,0.0,,0.0,Middle,Surat,Gujarat,,,,,,,5.0,,,,200.0,2.5,8000.0,1,1.0,100.0,2.0,100.0,10.0,5000.0,1.0,,,,,,,,,,,,,,,,,,,,,,,,,,100.0,2.0,100.0,Kunal Bahl,"Kunal Bahl,Mohit Yadav,Kanika Tekriwal",,,1.0,1.0,,,,3.0
5,PaperPro,14,672,5-Jan-26,17-Mar-26,22-Jan-26,Smart Solutions And Big Impact,Aaditya Kulshreshth,Food and Beverage,Milk Adulting Kit,https://mlense.in/,2024.0,1,1.0,0.0,,0.0,Middle,Muzaffarnagar,Uttar Pradesh,,6.0,,,,,,yes,,,100.0,5.0,2000.0,1,0.0,,,,,,,,,,,,,,,,,,,,,,,,,,,,,,,,,,,,"Kunal Bahl,Mohit Yadav,Kanika Tekriwal",,,1.0,1.0,,,,3.0
5,Cosmohealth,14,673,5-Jan-26,17-Mar-26,22-Jan-26,Smart Solutions And Big Impact,Aaditya Kulshreshth,Medical/Health,Emergency health services,https://cosmohealth.co/,2025.0,3,3.0,0.0,,0.0,Middle,"Delhi,Jaipur,Ludhiana","Delhi,Rajasthan,Punjab",,,,,,,,,,,100.0,4.0,2500.0,1,1.0,100.0,9.0,,,1111.111111,3.0,,,,,,,,,,,33.333,3.0,,,,,,,,,,,,,,66.666,6.0,,"Kunal Bahl,Kanika Tekriwal","Kunal Bahl,Mohit Yadav,Kanika Tekriwal",,,1.0,1.0,,,,3.0
5,Gullylabs,15,674,5-Jan-26,17-Mar-26,23-Jan-26,"Craft, Code And Creativity",Aaditya Kulshreshth,Beauty/Fashion,Hand crafted shoewear brand,https://gullylabs.com/,2023.0,2,2.0,0.0,,0.0,Middle,Gurugram,Haryana,,,56.0,,,,,,funded,,100.0,0.5,20000.0,1,1.0,100.0,0.57,,,17543.85965,1.0,,,,,,,,,,,,,,100.0,0.57,,,,,,,,,,,,,,,"Kunal Bahl,Mohit Yadav,Kanika Tekriwal",,,1.0,1.0,,,,3.0
5,Twin,15,675,5-Jan-26,17-Mar-26,23-Jan-26,"Craft, Code And Creativity",Aaditya Kulshreshth,Technology/Software,AI powered clothes try-on platform,,2025.0,1,1.0,0.0,,0.0,Middle,Gurugram,Haryana,,,,,,,,,funded,,60.0,1.0,6000.0,1,1.0,80.0,2.0,,,4000.0,1.0,,,,,,,,,,,,,,80.0,2.0,,,,,,,,,,,,,,,"Kunal Bahl,Mohit Yadav,Kanika Tekriwal",,,1.0,1.0,,,,3.0
5,RCXlight,15,676,5-Jan-26,17-Mar-26,23-Jan-26,"Craft, Code And Creativity",Aaditya Kulshreshth,Technology/Software,Digital fasade company,https://rcxlight.com/,2022.0,3,3.0,0.0,,0.0,Young,Chapra,Bihar,,,,18.0,,,,,,,50.0,5.0,1000.0,1,1.0,10.0,5.0,40.0,12.0,200.0,1.0,,,,,,,,,,,,,,10.0,5.0,40.0,,,,,,,,,,,,,,"Kunal Bahl,Mohit Yadav,Kanika Tekriwal",,,1.0,1.0,,,,3.0
5,Awsum,16,677,5-Jan-26,17-Mar-26,26-Jan-26,"Flavours, Freshness And Future",Aaditya Kulshreshth,Food and Beverage,Packaged cakes brand,https://awsum.life/,2022.0,1,1.0,0.0,,0.0,Middle,,,1600.0,,,,,,,,funded,,100.0,1.0,10000.0,1,1.0,100.0,1.33,,,7518.796992,2.0,,,,,50.0,0.665,,,,,,,,,,,,,,50.0,0.665,,,,,,,,,,1.0,,1.0,1.0,,1.0,1.0,
5,Phitku,16,678,5-Jan-26,17-Mar-26,26-Jan-26,"Flavours, Freshness And Future",Aaditya Kulshreshth,Beauty/Fashion,Alum based natural deodorants,https://phitku.com/,2025.0,3,2.0,1.0,,,Middle,,,,198.0,80.0,,25.0,,,,yes,,180.0,1.0,18000.0,1,1.0,180.0,1.0,,,18000.0,2.0,,5.0,540.0,,,,,,,,90.0,0.5,,90.0,0.5,,,,,,,,,,,,,,,,1.0,,1.0,1.0,,1.0,1.0,
5,9DXRlabs,16,679,5-Jan-26,17-Mar-26,26-Jan-26,"Flavours, Freshness And Future",Aaditya Kulshreshth,Technology/Software,VR based platform for schools,https://www.9dxrlabs.com/,2025.0,2,2.0,0.0,,0.0,Middle,Gurugram,Haryana,,,,,,,300.0,,,,100.0,4.0,2500.0,0,,,,,,,,,,,,,,,,,,,,,,,,,,,,,,,,,,,,,,1.0,,1.0,1.0,,1.0,1.0,
5,Pureflow,17,680,5-Jan-26,17-Mar-26,27-Jan-26,Everyday Solutions,Aaditya Kulshreshth,Medical/Health,Nasal strip brand,https://www.pureflowtape.com/,2024.0,3,3.0,0.0,,0.0,Young,"Patiala,Indore","Punjab,Madhya Pradesh",,,85.0,,,,,,,,100.0,3.33,3003.003003,1,1.0,200.0,20.0,,,1000.0,1.0,,,,,,,,,,,,,,200.0,20.0,,,,,,,,,,,,,,,"Kunal Bahl,Mohit Yadav",1.0,,1.0,1.0,,,,2.0
5,Getsnappy,17,681,5-Jan-26,17-Mar-26,27-Jan-26,Everyday Solutions,Aaditya Kulshreshth,Medical/Health,Body adhesive brand,https://getsnappy.in/,,4,3.0,1.0,,0.0,Young,"Patiala,Indore","Punjab,Madhya Pradesh",,,,,,,,,,,60.0,5.0,1200.0,0,,,,,,,,,,,,,,,,,,,,,,,,,,,,,,,,,,,,,"Kunal Bahl,Mohit Yadav",1.0,,1.0,1.0,,,,2.0
5,Awayddings,17,682,5-Jan-26,17-Mar-26,27-Jan-26,Everyday Solutions,Aaditya Kulshreshth,Lifestyle/Home,Designation wedding planners,https://www.awayddings.com/,,2,2.0,0.0,,0.0,Middle,Panaji,Goa,,,,,10.0,,,,funded,,200.0,5.0,4000.0,1,1.0,100.0,10.0,100.0,10.0,1000.0,1.0,,,,,,,,,,,,,,100.0,10.0,100.0,,,,,,,,,,,,,,"Kunal Bahl,Mohit Yadav",1.0,,1.0,1.0,,,,2.0
5,Urbanwipe,18,683,5-Jan-26,17-Mar-26,28-Jan-26,From Homes To Himalayas,Aaditya Kulshreshth,Lifestyle/Home,Acid free home cleaning solutions,https://urbanwipe.in/,2023.0,3,0.0,3.0,,0.0,Middle,Jaipur,Rajasthan,,,73.0,,,,,,yes,,90.0,2.0,4500.0,1,1.0,200.0,10.0,,,2000.0,2.0,,,,,,,,,,,100.0,5.0,,100.0,5.0,,,,,,,,,,,,,,,"Kunal Bahl,Mohit Yadav",1.0,,1.0,1.0,,,,2.0
5,Antinorm,18,684,5-Jan-26,17-Mar-26,28-Jan-26,From Homes To Himalayas,Aaditya Kulshreshth,Beauty/Fashion,All in one beauty brand,https://antinorm.co/,2024.0,1,0.0,1.0,,0.0,Middle,Delhi,Delhi,,31.0,,,,,3.0,,funded,,103.0,1.0,10300.0,1,1.0,103.0,1.0,,,10300.0,1.0,,,,,,,,,,,103.0,1.0,,,,,,,,,,,,,,,,,,"Kunal Bahl,Mohit Yadav",1.0,,1.0,1.0,,,,2.0
5,Sepoy&co,18,685,5-Jan-26,17-Mar-26,28-Jan-26,From Homes To Himalayas,Aaditya Kulshreshth,Food and Beverage,Premium mixer brand,https://sepoyandco.com/,2018.0,1,1.0,0.0,,0.0,Middle,Delhi,Delhi,,,,,,,,,yes,,300.0,2.0,15000.0,0,,,,,,,,,,,,,,,,,,,,,,,,,,,,,,,,,,,,,"Kunal Bahl,Mohit Yadav",1.0,,1.0,1.0,,,,2.0
5,Bonkerscorner,19,686,5-Jan-26,17-Mar-26,29-Jan-26,Living Well And Investing Smart,Aaditya Kulshreshth,Beauty/Fashion,Unisex streetwear brand,https://www.bonkerscorner.com/,2023.0,1,1.0,0.0,,0.0,Young,Ulhasnagar,Maharashtra,12500.0,,,14.0,20.0,,,,yes,,150.0,0.5,30000.0,1,1.0,150.0,0.5,,,30000.0,1.0,,,,,150.0,0.5,,,,,,,,,,,,,,,,,,,,,,,,"Kunal Bahl,Mohit Yadav",1.0,,1.0,1.0,,,,2.0
5,Bubbleme,19,687,5-Jan-26,17-Mar-26,29-Jan-26,Living Well And Investing Smart,Aaditya Kulshreshth,Medical/Health,Magnesium driven wellness brand,https://bubbleme.in/,,1,0.0,1.0,,0.0,Young,Chandigarh,Punjab,,40.0,,,,,,,funded,,50.0,1.67,2994.011976,0,,,,,,,,,,,,,,,,,,,,,,,,,,,,,,,,,,,,,"Kunal Bahl,Mohit Yadav",1.0,,1.0,1.0,,,,2.0
5,Outlive,19,688,5-Jan-26,17-Mar-26,29-Jan-26,Living Well And Investing Smart,Aaditya Kulshreshth,Medical/Health,Fasting guidance program,https://getoutlive.in/,2024.0,1,1.0,0.0,,0.0,Young,Bangalore,Karnataka,,,,,,,,,,,100.0,4.0,2500.0,0,,,,,,,,,,,,,,,,,,,,,,,,,,,,,,,,,,,,,"Kunal Bahl,Mohit Yadav",1.0,,1.0,1.0,,,,2.0
5,Metadrive,20,689,5-Jan-26,17-Mar-26,30-Jan-26,"Wellness, Welfare And Wheels",Aaditya Kulshreshth,Entertainment,Motion based driving platform,https://metadrive.in/,2025.0,3,3.0,0.0,,0.0,Middle,"Jaipur,Kolkata","Rajasthan,West Bengal",,,,,,,,,,,90.0,1.0,9000.0,0,,,,,,,,,,,,,,,,,,,,,,,,,,,,,,,,,,,,,"Kunal Bahl,Mohit Yadav",1.0,,1.0,1.0,,,,2.0
5,Sparshbrush,20,690,5-Jan-26,17-Mar-26,30-Jan-26,"Wellness, Welfare And Wheels",Aaditya Kulshreshth,Animal/Pets,Automatic grooming brushes for cattle,https://sparshbrush.com/,2023.0,2,2.0,0.0,,0.0,Young,Mumbai,Maharashtra,198.0,,,,9.0,,,,,,20.0,1.0,2000.0,1,1.0,20.0,1.0,,,2000.0,2.0,,2.0,100.0,,10.0,0.5,,,,,10.0,0.5,,,,,,,,,,,,,,,,,,"Kunal Bahl,Mohit Yadav",1.0,,1.0,1.0,,,,2.0
5,SheshaAyurveda,20,691,5-Jan-26,17-Mar-26,30-Jan-26,"Wellness, Welfare And Wheels",Aaditya Kulshreshth,Beauty/Fashion,Ayurvedic beauty and hair care brand,https://sheshaayurveda.com/,2017.0,2,1.0,1.0,,1.0,Middle,Kochi,Kerala,,,,,,,,,,,100.0,1.5,6666.666667,1,1.0,200.0,8.0,,,2500.0,2.0,,1.0,200.0,,100.0,4.0,,,,,,,,100.0,4.0,,,,,,,,,,,,,,,"Kunal Bahl,Mohit Yadav",1.0,,1.0,1.0,,,,2.0
5,Cookiecartel,21,692,5-Jan-26,17-Mar-26,2-Feb-26,Sweet Treats To Sky High Dreams,Aaditya Kulshreshth,Food and Beverage,Baked homemade cookies brand,https://cookiecartel.in/,,1,1.0,0.0,,0.0,Middle,Panchgani,Maharashtra,150.0,,,,-20.0,,,,yes,,75.0,5.0,1500.0,1,1.0,80.0,12.0,,,666.6666667,3.0,yes,,,,,,,26.666,4.0,,26.666,4.0,,,,,,,,,,,,,,26.666,4.0,,Kanika Tekriwal,Kanika Tekriwal,1.0,1.0,1.0,1.0,,,,1.0
5,AviaLitewings,21,693,5-Jan-26,17-Mar-26,2-Feb-26,Sweet Treats To Sky High Dreams,Aaditya Kulshreshth,Vehicles/Electrical Vehicles,Gyrocopter and aircraft company,https://avialitewings.com/,,2,2.0,0.0,,0.0,Old,Ahmedabad,Gujarat,,,,,,,,,,,100.0,1.0,10000.0,0,,,,,,,,,,,,,,,,,,,,,,,,,,,,,,,,,,,,,Kanika Tekriwal,1.0,1.0,1.0,1.0,,,,1.0
5,Aabo,21,694,5-Jan-26,17-Mar-26,2-Feb-26,Sweet Treats To Sky High Dreams,Aaditya Kulshreshth,Fitness/Sports/Outdoors,Smart wellness tracking ring,https://aabo.in/,,2,2.0,0.0,,0.0,Middle,Mumbai,Maharashtra,62.0,,,,,,,,funded,,150.0,1.0,15000.0,0,,,,,,,,,,,,,,,,,,,,,,,,,,,,,,,,,,,,,Kanika Tekriwal,1.0,1.0,1.0,1.0,,,,1.0
5,Krvvy,22,695,5-Jan-26,17-Mar-26,3-Feb-26,The Comfort Wear Showdown,Aaditya Kulshreshth,Beauty/Fashion,Women's innerwear and shapewear brand,https://krvvy.com/,2023.0,2,2.0,0.0,,0.0,Middle,Noida,Uttar Pradesh,,,59.0,,-13.0,,230.0,,funded,yes,120.0,2.0,6000.0,1,1.0,120.0,3.0,,,4000.0,1.0,,,,,120.0,3.0,,,,,,,,,,,,,,,,,,,,,,,,Kanika Tekriwal,1.0,1.0,1.0,1.0,,,,1.0
5,Invogue,22,696,5-Jan-26,17-Mar-26,3-Feb-26,The Comfort Wear Showdown,Aaditya Kulshreshth,Beauty/Fashion,Women's shapewear brand,https://invogue.shop/,2023.0,2,1.0,1.0,,1.0,Young,Delhi,Delhi,530.0,,,,17.0,,200.0,,yes,yes,50.0,1.25,4000.0,1,1.0,200.0,15.0,,,1333.333333,1.0,,,,,,,,,,,,,,200.0,15.0,,,,,,,,,,,,,,,Kanika Tekriwal,1.0,1.0,1.0,1.0,,,,1.0
5,Taashacraft,23,697,5-Jan-26,17-Mar-26,4-Feb-26,"Craft, Care And Calisthenics",Aaditya Kulshreshth,Beauty/Fashion,Handcrafted jewelry and bangles,https://taashacraft.com/,2022.0,4,0.0,4.0,,0.0,Middle,Kosamba,Gujarat,225.0,,65.0,,11.0,,,,,,75.0,5.0,1500.0,1,1.0,75.0,5.0,,,1500.0,2.0,,1.0,75.0,,37.5,2.5,,,,,,,,37.5,2.5,,,,,,,,,,,,,,,Kanika Tekriwal,1.0,1.0,1.0,1.0,,,,1.0
5,MishmashNaturals,23,698,5-Jan-26,17-Mar-26,4-Feb-26,"Craft, Care And Calisthenics",Aaditya Kulshreshth,Children/Education,Ayurvedic Kids makeup brand,https://www.mishmashnaturals.com/,,3,1.0,2.0,,1.0,Middle,"Bangalore,Raipur","Karnataka,Chhattisgarh",,,,,,,,,funded,,50.0,2.0,2500.0,0,,,,,,,,,,,,,,,,,,,,,,,,,,,,,,,,,,,,,Kanika Tekriwal,1.0,1.0,1.0,1.0,,,,1.0
5,IndianSchoolOfCalisthenics,23,699,5-Jan-26,17-Mar-26,4-Feb-26,"Craft, Care And Calisthenics",Aaditya Kulshreshth,Fitness/Sports/Outdoors,Calisthenics training institute,https://indianschoolofcalisthenics.com/,2022.0,1,1.0,0.0,,0.0,Middle,Mumbai,Maharashtra,,,,,35.0,,,,,,75.0,5.0,1500.0,0,,,,,,,,,,,,,,,,,,,,,,,,,,,,,,,,,,,,,Kanika Tekriwal,1.0,1.0,1.0,1.0,,,,1.0
5,Wholeleaf,24,700,5-Jan-26,17-Mar-26,5-Feb-26,Brewing Deals In the Tank,Aaditya Kulshreshth,Medical/Health,Cannibis wellness brand,https://www.wholeleaf.in/,,1,1.0,0.0,,0.0,Middle,Delhi,Delhi,,,75.0,,,,,,funded,,50.0,2.1,2380.952381,1,1.0,150.0,7.5,,,2000.0,3.0,,,,,50.0,2.5,,,,,,,,50.0,2.5,,,,,,,,,,,50.0,2.5,,Kanika Tekriwal,Kanika Tekriwal,1.0,1.0,1.0,1.0,,,,1.0
5,Mankomb,24,701,5-Jan-26,17-Mar-26,5-Feb-26,Brewing Deals In the Tank,Aaditya Kulshreshth,Green/CleanTech,Wet waste to soil converter,https://www.mankomb.com/,2024.0,3,3.0,0.0,,0.0,Middle,Bangalore,Karnataka,,,40.0,,,,,yes,,,200.0,1.5,13333.33333,0,,,,,,,,,,,,,,,,,,,,,,,,,,,,,,,,,,,,,Kanika Tekriwal,1.0,1.0,1.0,1.0,,,,1.0
5,MadrasiKaapihouse,24,702,5-Jan-26,17-Mar-26,5-Feb-26,Brewing Deals In the Tank,Aaditya Kulshreshth,Food and Beverage,Coffee brand,https://madrasi.in/,2019.0,3,1.0,2.0,,1.0,Middle,Mumbai,Maharashtra,243.0,17.0,,,-2.0,,,,,,75.0,5.0,1500.0,0,,,,,,,,,,,,,,,,,,,,,,,,,,,,,,,,,,,,,Kanika Tekriwal,1.0,1.0,1.0,1.0,,,,1.0
5,Soundverse,25,703,5-Jan-26,17-Mar-26,6-Feb-26,"Music, Marinades And Meetups",Aaditya Kulshreshth,Technology/Software,AI based music generator,https://www.soundverse.ai/,,2,2.0,0.0,,0.0,Middle,Jabalpur,Madhya Pradesh,,86.0,,,,,,,yes,,135.0,1.5,9000.0,1,1.0,135.0,5.0,,,2700.0,1.0,,,,,135.0,5.0,,,,,,,,,,,,,,,,,,,,,,,,"Kunal Bahl,Shaily Mehrotra",1.0,,1.0,1.0,,,,2.0
5,Kilrr,25,704,5-Jan-26,17-Mar-26,6-Feb-26,"Music, Marinades And Meetups",Aaditya Kulshreshth,Food and Beverage,Marinades and spices brand,https://kilrr.com/,2023.0,1,1.0,0.0,,0.0,Middle,Mumbai,Maharashtra,,,65.0,,,,14.0,,funded,,100.0,1.0,10000.0,1,1.0,100.0,1.06,,,9433.962264,1.0,yes,,,,,,,,,,100.0,1.06,,,,,,,,,,,,,,,,,,"Kunal Bahl,Shaily Mehrotra",1.0,,1.0,1.0,,,,2.0
5,Offline,25,705,5-Jan-26,17-Mar-26,6-Feb-26,"Music, Marinades And Meetups",Aaditya Kulshreshth,Lifestyle/Home,Offline social meetup platform,https://www.thehappyhour.in/,,2,1.0,1.0,,1.0,Middle,Gurugram,Haryana,,10.0,,,2.0,,,,,,50.0,5.0,1000.0,0,,,,,,,,,,,,,,,,,,,,,,,,,,,,,,,,,,,,,"Kunal Bahl,Shaily Mehrotra",1.0,,1.0,1.0,,,,2.0
5,PandasBox,26,706,5-Jan-26,17-Mar-26,9-Feb-26,"Bindis, AI Bots And Toys",Aaditya Kulshreshth,Children/Education,Devotional toys brand,https://pandasbox.in/,2022.0,2,1.0,1.0,,1.0,Middle,Noida,Uttar Pradesh,877.0,,,,,,,,yes,,80.0,2.0,4000.0,1,1.0,120.0,12.0,,,1000.0,2.0,,2.0,120.0,,40.0,4.0,,,,,,,,80.0,8.0,,,,,,,,,,,,,,,"Kunal Bahl,Shaily Mehrotra",1.0,,1.0,1.0,,,,2.0
5,TheBindiProject,26,707,5-Jan-26,17-Mar-26,9-Feb-26,"Bindis, AI Bots And Toys",Aaditya Kulshreshth,Beauty/Fashion,Hand-crafted bindi brand,https://www.thebindiproject.in/,2025.0,1,0.0,1.0,,0.0,Middle,Bangalore,Karnataka,,13.0,,,,,,,,,50.0,10.0,500.0,0,,,,,,,,,,,,,,,,,,,,,,,,,,,,,,,,,,,,,"Kunal Bahl,Shaily Mehrotra",1.0,,1.0,1.0,,,,2.0
5,VoxturnAI,26,708,5-Jan-26,17-Mar-26,9-Feb-26,"Bindis, AI Bots And Toys",Aaditya Kulshreshth,Technology/Software,AI powered sales agent,https://voxturn.ai/,2023.0,2,2.0,0.0,,0.0,Middle,Mumbai,Maharashtra,,,,,27.0,,,,,,100.0,10.0,1000.0,0,,,,,,,,,,,,,,,,,,,,,,,,,,,,,,,,,,,,,"Kunal Bahl,Shaily Mehrotra",1.0,,1.0,1.0,,,,2.0
5,MyWonder,27,709,5-Jan-26,17-Mar-26,10-Feb-26,"Finance, Flavours And Future Minds",Aaditya Kulshreshth,Technology/Software,AI powered learning companion,https://mywonder.in/,2024.0,2,2.0,0.0,,0.0,Middle,Bangalore,Karnataka,,,,,,,,,,,80.0,1.0,8000.0,0,,,,,,,,,,,,,,,,,,,,,,,,,,,,,,,,,,,,,"Kunal Bahl,Mohit Yadav,Kanika Tekriwal",,,1.0,1.0,,,,3.0
5,Cotopay,27,710,5-Jan-26,17-Mar-26,10-Feb-26,"Finance, Flavours And Future Minds",Aaditya Kulshreshth,Technology/Software,UPI based expense management,https://www.cotopay.in/,2025.0,3,3.0,0.0,,0.0,Middle,Delhi,Delhi,,,,,,,,,funded,,50.0,1.0,5000.0,1,1.0,75.0,2.0,,,3750.0,2.0,,,,1.0,,,,,,,37.5,1.0,,,,,,,,,,,,,,37.5,1.0,,Kunal Bahl,"Kunal Bahl,Mohit Yadav,Kanika Tekriwal",,,1.0,1.0,,,,3.0
5,LocalAllNaturalSoda,27,711,5-Jan-26,17-Mar-26,10-Feb-26,"Finance, Flavours And Future Minds",Aaditya Kulshreshth,Food and Beverage,Farm to bottle beverage brand,https://localallnaturalsoda.com/,2023.0,2,1.0,1.0,,1.0,Middle,Aizawl,Mizoram,,,,,,,,,,,50.0,2.0,2500.0,1,0.0,,,,,,,,,,,,,,,,,,,,,,,,,,,,,,,,,,,,"Kunal Bahl,Mohit Yadav,Kanika Tekriwal",,,1.0,1.0,,,,3.0
5,TheBingeTown,28,712,5-Jan-26,17-Mar-26,11-Feb-26,"Moves, Money And Movies",Aaditya Kulshreshth,Entertainment,Private theatre for celebrations,https://thebingetown.com/,2022.0,5,5.0,0.0,,0.0,Middle,Bangalore,Karnataka,2130.0,,,,15.0,,,,yes,,200.0,2.0,10000.0,1,1.0,100.0,2.5,100.0,15.0,4000.0,1.0,,,,,,,,,,,,,,,,,,,,,,,,,,100.0,2.5,100.0,Varun Alagh,"Kunal Bahl,Varun Alagh",1.0,1.0,1.0,,,,,2.0
5,PropFTX,28,713,5-Jan-26,17-Mar-26,11-Feb-26,"Moves, Money And Movies",Aaditya Kulshreshth,Business Services,Fractional real estate investments,https://www.propftx.com/,,2,2.0,0.0,,0.0,Middle,Bangalore,Karnataka,0.0,,,,,,,,,,100.0,1.5,6666.666667,0,,,,,,,,,,,,,,,,,,,,,,,,,,,,,,,,,,,,,"Kunal Bahl,Varun Alagh",1.0,1.0,1.0,,,,,2.0
5,EightTimesEight,28,714,5-Jan-26,17-Mar-26,11-Feb-26,"Moves, Money And Movies",Aaditya Kulshreshth,Fitness/Sports/Outdoors,Chess classes,https://eighttimeseight.com/,,4,4.0,0.0,,0.0,Middle,Kochi,Kerala,,,,,,,,,,,50.0,5.0,1000.0,0,,,,,,,,,,,,,,,,,,,,,,,,,,,,,,,,,,,,,"Kunal Bahl,Varun Alagh",1.0,1.0,1.0,,,,,2.0
5,Warriorworld,29,715,5-Jan-26,17-Mar-26,12-Feb-26,"Style, Social And Stories",Aaditya Kulshreshth,Beauty/Fashion,Indian army inspired apparel brand,https://warriorworld.in/,,5,5.0,0.0,,0.0,Middle,Surat,Gujarat,3000.0,180.0,56.0,4.0,15.0,,,,yes,,75.0,1.0,7500.0,1,1.0,75.0,1.0,,,7500.0,1.0,,1.5,125.0,,,,,75.0,1.0,,,,,,,,,,,,,,,,,,,,,"Kunal Bahl,Varun Alagh",1.0,1.0,1.0,,,,,2.0
5,Currently,29,716,5-Jan-26,17-Mar-26,12-Feb-26,"Style, Social And Stories",Aaditya Kulshreshth,Technology/Software,Real time activity sharing app,https://currently.club/,2023.0,1,1.0,0.0,,0.0,Middle,Ahmedabad,Gujarat,0.0,,,,,,,,funded,,120.0,1.0,12000.0,0,,,,,,,,,,,,,,,,,,,,,,,,,,,,,,,,,,,,,"Kunal Bahl,Varun Alagh",1.0,1.0,1.0,,,,,2.0
5,Anjanibooks,29,717,5-Jan-26,17-Mar-26,12-Feb-26,"Style, Social And Stories",Aaditya Kulshreshth,Technology/Software,Online bookstore,https://anjanibooks.com/,,1,1.0,0.0,,0.0,Young,Lucknow,Uttar Pradesh,,,,,,,,,,,10.0,10.0,100.0,0,,,,,,,,,,,,,,,,,,,,,,,,,,,,,,,,,,,,,"Kunal Bahl,Varun Alagh",1.0,1.0,1.0,,,,,2.0
5,Booon,30,718,5-Jan-26,17-Mar-26,13-Feb-26,"Style, Sips And Statement Art",Aaditya Kulshreshth,Beauty/Fashion,Curated fashion quick commerce platform,https://m.booon.in/,2024.0,1,1.0,0.0,,0.0,Middle,Bangalore,Karnataka,,4.0,,,,,,,,,100.0,2.0,5000.0,0,,,,,,,,,,,,,,,,,,,,,,,,,,,,,,,,,,,,,"Kunal Bahl,Varun Alagh,Viraj Bahl",1.0,1.0,,,,,,3.0
5,MeMeraki,30,719,5-Jan-26,17-Mar-26,13-Feb-26,"Style, Sips And Statement Art",Aaditya Kulshreshth,Lifestyle/Home,Culture tech platform for indian arts,https://www.memeraki.com/,2020.0,1,0.0,1.0,,0.0,Middle,Gurugram,Haryana,400.0,,,,,,,,funded,,50.0,1.67,2994.011976,1,1.0,100.0,4.0,,,2500.0,4.0,,,,,25.0,1.0,,,,,,,,,,,,,,,,,,,,75.0,3.0,,"Kunal Bahl,Varun Alagh,Viraj Bahl","Kunal Bahl,Varun Alagh,Viraj Bahl",1.0,1.0,,,,,,3.0
5,3Sisters,30,720,5-Jan-26,17-Mar-26,13-Feb-26,"Style, Sips And Statement Art",Aaditya Kulshreshth,Food and Beverage,Non alcoholic beverages brand,https://3sistersdrinks.com/,,4,4.0,0.0,,0.0,Middle,Mumbai,Maharashtra,1189.0,,,,,,,,,,300.0,2.5,12000.0,0,,,,,,,,,,,,,,,,,,,,,,,,,,,,,,,,,,,,,"Kunal Bahl,Varun Alagh,Viraj Bahl",1.0,1.0,,,,,,3.0
5,Artociti,31,721,5-Jan-26,17-Mar-26,16-Feb-26,Innovation With Imagination,Aaditya Kulshreshth,Lifestyle/Home,Relief mural home decor brand,https://www.artociti.com/,2021.0,2,1.0,1.0,,1.0,Middle,Bokaro Steel City,Jharkhand,344.0,,70.0,,9.0,,,,yes,,100.0,3.0,3333.333333,1,1.0,100.0,7.5,,,1333.333333,2.0,,2.0,150.0,,50.0,3.75,,50.0,3.75,,,,,,,,,,,,,,,,,,,,,Kunal Bahl,1.0,1.0,,1.0,,1.0,,1.0
5,Kreo,31,722,5-Jan-26,17-Mar-26,16-Feb-26,Innovation With Imagination,Aaditya Kulshreshth,Fitness/Sports/Outdoors,Gaming peripherals brand,https://kreo-tech.com/,2022.0,2,2.0,0.0,,0.0,Middle,Bangalore,Karnataka,3200.0,,,,,,84.0,,funded,,200.0,1.0,20000.0,1,1.0,100.0,1.0,100.0,9.0,10000.0,1.0,yes,,,,,,,,,,,,,,,,,,,100.0,1.0,100.0,,,,,,,,Kunal Bahl,1.0,1.0,,1.0,,1.0,,1.0
5,Rosada,31,723,5-Jan-26,17-Mar-26,16-Feb-26,Innovation With Imagination,Aaditya Kulshreshth,Beauty/Fashion,Customised kids bags,https://rosadababy.com/,2013.0,2,1.0,1.0,,1.0,Middle,Kolkata,West Bengal,670.0,,,,,,,,,,125.0,4.0,3125.0,1,1.0,125.0,5.0,,,2500.0,3.0,,2.0,125.0,,41.666,1.666,,,,,,,,41.666,1.666,,,,,41.666,1.666,,,,,,,,,Kunal Bahl,1.0,1.0,,1.0,,1.0,,1.0
5,BabyworksBySwapnil,32,724,5-Jan-26,17-Mar-26,17-Feb-26,"Pure, Precious And Powerful",Aaditya Kulshreshth,Beauty/Fashion,Baby jewellery brand,https://babyworksbyswapnil.com/,,2,1.0,1.0,,0.0,Middle,"Mumbai,Jaipur","Maharashtra,Rajasthan",102.0,,,,35.0,,,,,,60.0,4.0,1500.0,1,1.0,60.0,6.0,,,1000.0,1.0,,,,,,,,,,,,,,60.0,6.0,,,,,,,,,,,,,,,Kunal Bahl,1.0,1.0,,1.0,,1.0,,1.0
5,Gramiyaa,32,725,5-Jan-26,17-Mar-26,17-Feb-26,"Pure, Precious And Powerful",Aaditya Kulshreshth,Food and Beverage,Wood cold pressed oils,https://gramiyaa.com/,2022.0,3,3.0,0.0,,0.0,Middle,Bangalore,Karnataka,1510.0,,28.0,,-18.0,,,,funded,,140.0,1.0,14000.0,0,,,,,,,,,,,,,,,,,,,,,,,,,,,,,,,,,,,,,Kunal Bahl,1.0,1.0,,1.0,,1.0,,1.0
5,MamaNourish,32,726,5-Jan-26,17-Mar-26,17-Feb-26,"Pure, Precious And Powerful",Aaditya Kulshreshth,Food and Beverage,Nutrious energy bars,https://mamanourish.in/,,3,2.0,1.0,,0.0,Middle,Mumbai,Maharashtra,120.0,,48.0,,,,,,funded,,60.0,1.5,4000.0,1,1.0,200.0,20.0,,,1000.0,1.0,,,,,,,,,,,,,,200.0,20.0,,,,,,,,,,,,,,,Kunal Bahl,1.0,1.0,,1.0,,1.0,,1.0
5,Kelvin6k,33,727,5-Jan-26,17-Mar-26,18-Feb-26,Purpose Driven Pitches,Aaditya Kulshreshth,Business Services,Robotic construction company,https://www.kelvin6k.com/,2023.0,3,2.0,1.0,,1.0,Middle,Chennai,Tamil Nadu,72.0,,,,,,,yes,funded,,100.0,1.3,7692.307692,1,1.0,100.0,2.86,,,3496.503497,1.0,,,,2.14,,,,,,,,,,,,,,,,100.0,2.86,,,,,,,,,Kunal Bahl,1.0,1.0,,1.0,,1.0,,1.0
5,ANAApparels,33,728,5-Jan-26,17-Mar-26,18-Feb-26,Purpose Driven Pitches,Aaditya Kulshreshth,Beauty/Fashion,"Abayas, naquabs and dupatta brand",https://www.anapparels.com/,2020.0,2,1.0,1.0,,1.0,Middle,Mau,Uttar Pradesh,200.0,,74.0,,20.0,,,,yes,,80.0,4.0,2000.0,0,,,,,,,,,,,,,,,,,,,,,,,,,,,,,,,,,,,,,Kunal Bahl,1.0,1.0,,1.0,,1.0,,1.0
5,EzPac,33,729,5-Jan-26,17-Mar-26,18-Feb-26,Purpose Driven Pitches,Aaditya Kulshreshth,Business Services,Smart packaging solutions,https://ezpac.in/,,2,2.0,0.0,,0.0,Middle,Mumbai,Maharashtra,82.0,,,,,,,,,,250.0,5.0,5000.0,0,,,,,,,,,,,,,,,,,,,,,,,,,,,,,,,,,,,,,Kunal Bahl,1.0,1.0,,1.0,,1.0,,1.0
5,Gappu,34,730,5-Jan-26,17-Mar-26,19-Feb-26,"Sound, Strategy And Sustainability",Aaditya Kulshreshth,Beauty/Fashion,Percussion music instruments,https://gappu.co/,2023.0,2,2.0,0.0,,0.0,Middle,Kolkata,West Bengal,52.0,,55.0,,11.0,,,,funded,,30.0,1.0,3000.0,1,1.0,10.0,3.0,20.0,12.0,333.3333333,1.0,,,,,,,,,,,,,,,,,,,,,,,10.0,3.0,20.0,,,,,,1.0,,1.0,1.0,,1.0,1.0,
5,MisterVeg,34,731,5-Jan-26,17-Mar-26,19-Feb-26,"Sound, Strategy And Sustainability",Aaditya Kulshreshth,Food and Beverage,Plant based meat brand,https://www.misterveg.com/,,2,2.0,0.0,,0.0,Middle,Faridabad,Haryana,530.0,,,,7.0,,,,funded,,200.0,2.5,8000.0,0,,,,,,,,,,,,,,,,,,,,,,,,,,,,,,,,,,,,,,1.0,,1.0,1.0,,1.0,1.0,
5,Saras,34,732,5-Jan-26,17-Mar-26,19-Feb-26,"Sound, Strategy And Sustainability",Aaditya Kulshreshth,Technology/Software,Stock trading recommendations app,https://www.saras.market/,,3,3.0,0.0,,0.0,Middle,Surat,Gujarat,,,,,,,,,,,70.0,2.0,3500.0,0,,,,,,,,,,,,,,,,,,,,,,,,,,,,,,,,,,,,,,1.0,,1.0,1.0,,1.0,1.0,
5,Speechgears,35,733,5-Jan-26,17-Mar-26,20-Feb-26,Ideas That Speak Volumes,Aaditya Kulshreshth,Children/Education,Therapeutic solutions for children with special needs,https://www.speechgears.com/,,2,1.0,1.0,,1.0,Middle,Noida,Uttar Pradesh,499.0,70.0,,,21.0,,,,,,200.0,3.0,6666.666667,0,,,,,,,,,,,,,,,,,,,,,,,,,,,,,,,,,,,,,,1.0,,1.0,1.0,,1.0,1.0,
5,Heizen,35,734,5-Jan-26,17-Mar-26,20-Feb-26,Ideas That Speak Volumes,Aaditya Kulshreshth,Technology/Software,AI powered software development firm,https://www.heizen.work/,,2,1.0,1.0,,0.0,Middle,Hyderabad,Telangana,75.0,62.0,,,,,,,funded,,90.0,1.0,9000.0,1,1.0,90.0,2.0,,,4500.0,1.0,,,,,,,,,,,,,,,,,,,,,,,90.0,2.0,,,,,,,1.0,,1.0,1.0,,1.0,1.0,
5,Pukaar.ai,35,735,5-Jan-26,17-Mar-26,20-Feb-26,Ideas That Speak Volumes,Aaditya Kulshreshth,Technology/Software,AI powered parenting app,https://www.pukaarai.com/,,2,2.0,0.0,,0.0,Middle,Patiala,Punjab,0.0,,,,,,,,,,48.0,1.5,3200.0,0,,,,,,,,,,,,,,,,,,,,,,,,,,,,,,,,,,,,,,1.0,,1.0,1.0,,1.0,1.0,
5,upsnac,36,736,5-Jan-26,17-Mar-26,23-Feb-26,"Organic Mattresses, Localisation and Vegetarian Joints",Aaditya Kulshreshth,Food and Beverage,Wellness coffee brand,https://upsnac.com/,,1,0.0,1.0,,0.0,Middle,Ludhiana,Punjab,,,,,17.0,,,,,,100.0,2.0,5000.0,0,,,,,,,,,,,,,,,,,,,,,,,,,,,,,,,,,,,,,"Kunal Bahl,Mohit Yadav,Kanika Tekriwal",,,1.0,1.0,,,,3.0
5,KotsonMattress,36,737,5-Jan-26,17-Mar-26,23-Feb-26,"Organic Mattresses, Localisation and Vegetarian Joints",Aaditya Kulshreshth,Lifestyle/Home,Organic latex mattress brand,https://www.kotsonmattress.com/,,2,0.0,2.0,,0.0,Middle,Vijayawada,Andhra Pradesh,,,,,,,,,,,150.0,10.0,1500.0,0,,,,,,,,,,,,,,,,,,,,,,,,,,,,,,,,,,,,,"Kunal Bahl,Mohit Yadav,Kanika Tekriwal",,,1.0,1.0,,,,3.0
5,Kalakrit,36,738,5-Jan-26,17-Mar-26,23-Feb-26,"Organic Mattresses, Localisation and Vegetarian Joints",Aaditya Kulshreshth,Technology/Software,AI based content localisation platform,https://kalakrit.in/,2021.0,1,1.0,0.0,,0.0,Middle,Gurugram,Haryana,,,,,,,,,,,100.0,10.0,1000.0,0,,,,,,,,,,,,,,,,,,,,,,,,,,,,,,,,,,,,,"Kunal Bahl,Mohit Yadav,Kanika Tekriwal",,,1.0,1.0,,,,3.0
5,SVSFood,36,739,5-Jan-26,17-Mar-26,23-Feb-26,"Organic Mattresses, Localisation and Vegetarian Joints",Aaditya Kulshreshth,Food and Beverage,Vegetarian qsr food chain,https://svsfood.com/,,1,1.0,0.0,,0.0,Middle,Satna,Madhya Pradesh,,,,,,,,,yes,,300.0,5.0,6000.0,0,,,,,,,,,,,,,,,,,,,,,,,,,,,,,,,,,,,,,"Kunal Bahl,Mohit Yadav,Kanika Tekriwal",,,1.0,1.0,,,,3.0
5,BeClinical,37,740,5-Jan-26,17-Mar-26,24-Feb-26,Passion Meets Precision,Aaditya Kulshreshth,Beauty/Fashion,Skincare brand,https://be-clinical.com/,2025.0,1,0.0,1.0,,0.0,Middle,Delhi,Delhi,,35.0,85.0,,,,,,funded,,75.0,1.0,7500.0,0,,,,,,,,,,,,,,,,,,,,,,,,,,,,,,,,,,,,,"Kunal Bahl,Mohit Yadav,Kanika Tekriwal",,,1.0,1.0,,,,3.0
5,Misfits,37,741,5-Jan-26,17-Mar-26,24-Feb-26,Passion Meets Precision,Aaditya Kulshreshth,Lifestyle/Home,Hobby and meetup club,https://www.misfits.net.in/,2024.0,4,4.0,0.0,,0.0,Middle,Kanpur,Uttar Pradesh,,,,,,,,,,,100.0,1.25,8000.0,1,1.0,100.0,3.0,,,3333.333333,1.0,,,,,,,,,,,,,,,,,,,,,,,,,,100.0,3.0,,Kanika Tekriwal,"Kunal Bahl,Mohit Yadav,Kanika Tekriwal",,,1.0,1.0,,,,3.0
5,KrimmyThickshakes,37,742,5-Jan-26,17-Mar-26,24-Feb-26,Passion Meets Precision,Aaditya Kulshreshth,Food and Beverage,Guilt-free shakes,https://www.krimmythickshakes.com/,2022.0,1,1.0,0.0,,0.0,Middle,Hyderabad,Telangana,144.0,,,,34.0,,,,,,125.0,5.0,2500.0,0,,,,,,,,,,,,,,,,,,,,,,,,,,,,,,,,,,,,,"Kunal Bahl,Mohit Yadav,Kanika Tekriwal",,,1.0,1.0,,,,3.0
5,CurryIt,38,743,5-Jan-26,17-Mar-26,25-Feb-26,Innovation On Every Front,Aaditya Kulshreshth,Food and Beverage,Instant curries and paste brand,https://www.curryit.in/,2022.0,2,1.0,1.0,,1.0,Middle,"Delhi,Visakhapatnam","Delhi,Andhra Pradesh",570.0,,,,,,,,funded,,60.0,1.0,6000.0,1,1.0,150.0,3.3,,,4545.454545,1.0,,,,1.2,,,,,,,,,,,,,,,,,,,,,,150.0,3.3,,Mohit Yadav,"Kunal Bahl,Mohit Yadav",1.0,,1.0,1.0,,,,2.0
5,dubpro.ai,38,744,5-Jan-26,17-Mar-26,25-Feb-26,Innovation On Every Front,Aaditya Kulshreshth,Technology/Software,AI-powered dubbing platform,https://dubpro.ai/,2020.0,2,2.0,0.0,,0.0,Middle,Noida,Uttar Pradesh,100.0,,,,,,,,funded,,125.0,5.0,2500.0,0,,,,,,,,,,,,,,,,,,,,,,,,,,,,,,,,,,,,,"Kunal Bahl,Mohit Yadav",1.0,,1.0,1.0,,,,2.0
5,Boingg,38,745,5-Jan-26,17-Mar-26,25-Feb-26,Innovation On Every Front,Aaditya Kulshreshth,Children/Education,Custom kids furniture brand,https://boingg.in/,2020.0,1,1.0,0.0,,0.0,Middle,Gurugram,Haryana,645.0,,,,,,,,funded,,200.0,5.0,4000.0,0,,,,,,,,,,,,,,,,,,,,,,,,,,,,,,,,,,,,,"Kunal Bahl,Mohit Yadav",1.0,,1.0,1.0,,,,2.0
5,Pragyan,39,746,5-Jan-26,17-Mar-26,26-Feb-26,"Care, Couture And Connectivity",Aaditya Kulshreshth,Children/Education,Pediatric therapy services for children,https://pragyancdc.com/,2020.0,3,1.0,2.0,,1.0,Middle,Bangalore,Karnataka,340.0,,,,,,,,,,100.0,5.0,2000.0,1,1.0,100.0,5.0,,,2000.0,2.0,yes,,,,50.0,2.5,,,,,,,,,,,,,,,,,,,,50.0,2.5,,Mohit Yadav,"Kunal Bahl,Mohit Yadav",1.0,,1.0,1.0,,,,2.0
5,Sanchvi,39,747,5-Jan-26,17-Mar-26,26-Feb-26,"Care, Couture And Connectivity",Aaditya Kulshreshth,Beauty/Fashion,Exclusive rental wear,https://sanchvistudio.com,,1,0.0,1.0,,0.0,Middle,Bangalore,Karnataka,118.0,,,,13.0,,,,yes,,100.0,5.0,2000.0,0,,,,,,,,,,,,,,,,,,,,,,,,,,,,,,,,,,,,,"Kunal Bahl,Mohit Yadav",1.0,,1.0,1.0,,,,2.0
5,Trring,39,748,5-Jan-26,17-Mar-26,26-Feb-26,"Care, Couture And Connectivity",Aaditya Kulshreshth,Lifestyle/Home,Bluetooth call mirroring devices,https://www.trring.co/,2024.0,1,1.0,0.0,,0.0,Middle,Karanja Lad,Maharashtra,,,,,,,,,,,50.0,7.5,666.6666667,0,,,,,,,,,,,,,,,,,,,,,,,,,,,,,,,,,,,,,"Kunal Bahl,Mohit Yadav",1.0,,1.0,1.0,,,,2.0
5,Edinora,40,749,5-Jan-26,17-Mar-26,27-Feb-26,Game Changing Pitches,Aaditya Kulshreshth,Food and Beverage,Edible grade toothpaste brand,https://edinora.in/,2022.0,3,2.0,1.0,,1.0,Middle,Thiruvananthapuram,Kerala,184.0,,,,,,,,,,200.0,5.0,4000.0,1,1.0,200.0,10.0,,,2000.0,1.0,yes,,,,,,,,,,,,,200.0,10.0,,,,,,,,,,,,,,,"Kunal Bahl,Mohit Yadav",1.0,,1.0,1.0,,,,2.0
5,RehabVeda,40,750,5-Jan-26,17-Mar-26,27-Feb-26,Game Changing Pitches,Aaditya Kulshreshth,Medical/Health,Home Neuro rehabilitation solution,https://rehabveda.ai/,,2,2.0,0.0,,0.0,Middle,Ahmedabad,Gujarat,,,,,,,,,funded,,100.0,2.5,4000.0,1,1.0,100.0,3.0,,,3333.333333,2.0,yes,,,,50.0,1.5,,,,,,,,,,,,,,,,,,,,50.0,1.5,,Mohit Yadav,"Kunal Bahl,Mohit Yadav",1.0,,1.0,1.0,,,,2.0
5,Freshpod,40,751,5-Jan-26,17-Mar-26,27-Feb-26,Game Changing Pitches,Aaditya Kulshreshth,Vehicles/Electrical Vehicles,Helmet disinfectant device,https://freshpod.in/,2025.0,2,2.0,0.0,,0.0,Middle,Tanuku,Andhra Pradesh,,,,,,,,yes,,,200.0,6.0,3333.333333,0,,,,,,,,,,,,,,,,,,,,,,,,,,,,,,,,,,,,,"Kunal Bahl,Mohit Yadav",1.0,,1.0,1.0,,,,2.0
5,Modge,41,752,5-Jan-26,17-Mar-26,2-Mar-26,From Indulgence To Innovation,Aaditya Kulshreshth,Food and Beverage,Vegetarian cakes and desserts brand,https://modge.in/,2021.0,1,0.0,1.0,,0.0,Middle,Kolkata,West Bengal,250.0,65.0,,,,,,,funded,,100.0,4.0,2500.0,1,1.0,100.0,9.0,,,1111.111111,1.0,,,,,,,,,,,100.0,9.0,,,,,,,,,,,,,,,,,,"Kunal Bahl,Shaily Mehrotra",1.0,,1.0,1.0,,,,2.0
5,OrbitWallet,41,753,5-Jan-26,17-Mar-26,2-Mar-26,From Indulgence To Innovation,Aaditya Kulshreshth,Others,One tap smart card,https://www.orbitwallet.in/,,3,2.0,1.0,,0.0,Middle,Bangalore,Karnataka,0.0,,,,,,,,,,50.0,1.0,5000.0,1,1.0,60.0,4.0,,,1500.0,1.0,,,,,,,,,,,,,,60.0,4.0,,,,,,,,,,,,,,,"Kunal Bahl,Shaily Mehrotra",1.0,,1.0,1.0,,,,2.0
5,Hobfit,41,754,5-Jan-26,17-Mar-26,2-Mar-26,From Indulgence To Innovation,Aaditya Kulshreshth,Fitness/Sports/Outdoors,Women focused fitness tracking app,https://www.hobfitwellness.com/,2024.0,3,3.0,0.0,,0.0,Middle,Faridabad,Haryana,,,75.0,,,,,,funded,,75.0,1.5,5000.0,0,,,,,,,,,,,,,,,,,,,,,,,,,,,,,,,,,,,,,"Kunal Bahl,Shaily Mehrotra",1.0,,1.0,1.0,,,,2.0
5,Shichisoru,42,755,5-Jan-26,17-Mar-26,3-Mar-26,Creativity Meets Capital,Aaditya Kulshreshth,Children/Education,Collectible characters,https://shichisoru.com/,2024.0,1,0.0,1.0,,0.0,Middle,Mumbai,Maharashtra,,11.0,,,,,,,,,75.0,5.0,1500.0,1,1.0,35.0,10.0,40.0,10.0,350.0,1.0,,,,,,,,,,,,,,,,,,,,,,,,,,35.0,10.0,40.0,Shaily Mehrotra,"Kunal Bahl,Shaily Mehrotra",1.0,,1.0,1.0,,,,2.0
5,Rimigo,42,756,5-Jan-26,17-Mar-26,3-Mar-26,Creativity Meets Capital,Aaditya Kulshreshth,Technology/Software,AI generated iteneries platform,https://rimigo.com/,2024.0,3,3.0,0.0,,0.0,Middle,Bangalore,Karnataka,,,,,,,,,,,100.0,1.0,10000.0,1,1.0,100.0,1.5,,,6666.666667,1.0,,,,,,,,,,,,,,,,,,,,,,,,,,100.0,1.5,,Shaily Mehrotra,"Kunal Bahl,Shaily Mehrotra",1.0,,1.0,1.0,,,,2.0
5,Everaw,42,757,5-Jan-26,17-Mar-26,3-Mar-26,Creativity Meets Capital,Aaditya Kulshreshth,Food and Beverage,Fruit spread and snacks,https://everaw.in/,2025.0,3,2.0,1.0,,0.0,Middle,Ajmer,Rajasthan,,5.9,53.0,,,,,,yes,,100.0,8.0,1250.0,0,,,,,,,,,,,,,,,,,,,,,,,,,,,,,,,,,,,,,"Kunal Bahl,Shaily Mehrotra",1.0,,1.0,1.0,,,,2.0
5,Coro,43,758,5-Jan-26,17-Mar-26,4-Mar-26,"Beauty, Balance And Banking",Aaditya Kulshreshth,Business Services,Family first co-working hub,https://www.corospace.in/,2025.0,1,0.0,1.0,,0.0,Middle,Bangalore,Karnataka,,,,,,,,,,,200.0,4.0,5000.0,0,,,,,,,,,,,,,,,,,,,,,,,,,,,,,,,,,,,,,"Kunal Bahl,Varun Alagh,Viraj Bahl",1.0,1.0,,,,,,3.0
5,Luzo,43,759,5-Jan-26,17-Mar-26,4-Mar-26,"Beauty, Balance And Banking",Aaditya Kulshreshth,Beauty/Fashion,Salon and Spa discovery app,https://www.luzo.app/,,3,3.0,0.0,,0.0,Young,Mumbai,Maharashtra,,,,,,,,,funded,,100.0,1.0,10000.0,1,1.0,100.0,3.0,,,3333.333333,2.0,,,,,,,,,,,,,,,,,,,,,,,,,,100.0,3.0,,"Kunal Bahl,Viraj Bahl","Kunal Bahl,Varun Alagh,Viraj Bahl",1.0,1.0,,,,,,3.0
5,F2Fintech,43,760,5-Jan-26,17-Mar-26,4-Mar-26,"Beauty, Balance And Banking",Aaditya Kulshreshth,Technology/Software,AI powered digital lending platform,https://f2fintech.com/,2022.0,2,2.0,0.0,,0.0,Middle,Bareilly,Uttar Pradesh,,,,,,,,,,,100.0,3.0,3333.333333,0,,,,,,,,,,,,,,,,,,,,,,,,,,,,,,,,,,,,,"Kunal Bahl,Varun Alagh,Viraj Bahl",1.0,1.0,,,,,,3.0
5,Wellwith,44,761,5-Jan-26,17-Mar-26,5-Mar-26,Purpose Driven Pitches,Aaditya Kulshreshth,Beauty/Fashion,Sea-buckthorn based wellness brand,https://wellwithlife.com/,2021.0,4,4.0,0.0,,0.0,Middle,Noida,Uttar Pradesh,,,,,10.0,,,,,,150.0,1.25,12000.0,0,,,,,,,,,,,,,,,,,,,,,,,,,,,,,,,,,,,,,"Kunal Bahl,Varun Alagh,Viraj Bahl",1.0,1.0,,,,,,3.0
5,IndianHairWorld,44,762,5-Jan-26,17-Mar-26,5-Mar-26,Purpose Driven Pitches,Aaditya Kulshreshth,Beauty/Fashion,Hair patches and extension brand,https://www.indianhairworld.com/,,3,3.0,0.0,,0.0,Middle,Kolkata,West Bengal,167.0,,,,,,,,,,100.0,5.0,2000.0,0,,,,,,,,,,,,,,,,,,,,,,,,,,,,,,,,,,,,,"Kunal Bahl,Varun Alagh,Viraj Bahl",1.0,1.0,,,,,,3.0
5,awenest,44,763,5-Jan-26,17-Mar-26,5-Mar-26,Purpose Driven Pitches,Aaditya Kulshreshth,Beauty/Fashion,Clean home and personal care products,https://awenest.in/,,3,3.0,0.0,,0.0,Middle,Mumbai,Maharashtra,352.0,62.0,65.0,,,,,,funded,,70.0,2.0,3500.0,1,1.0,70.0,5.0,,,1400.0,1.0,,,,,,,,,,,,,,,,,,,,,,,,,,70.0,5.0,,Viraj Bahl,"Kunal Bahl,Varun Alagh,Viraj Bahl",1.0,1.0,,,,,,3.0
5,HOOKd,45,764,5-Jan-26,17-Mar-26,6-Mar-26,Innovation Across Industries,Aaditya Kulshreshth,Food and Beverage,Chicken chips brand,https://hookdsnacks.com/,2025.0,2,1.0,1.0,,0.0,Middle,Dehradun,Uttarakhand,,,74.0,,,,,,yes,,50.0,7.0,714.2857143,1,1.0,50.0,20.0,,,250.0,1.0,,,,,,,,,,,,,,,,,,,,,,,,,,50.0,20.0,,Varun Alagh,"Kunal Bahl,Varun Alagh",1.0,1.0,1.0,,,,,2.0
5,Littlecherrymom,45,765,5-Jan-26,17-Mar-26,6-Mar-26,Innovation Across Industries,Aaditya Kulshreshth,Food and Beverage,Nutritious snacks for kids,https://littlecherrymom.com/,,2,1.0,1.0,,1.0,Middle,Meerut,Uttar Pradesh,252.0,,,,19.0,,,,,,75.0,3.0,2500.0,0,,,,,,,,,,,,,,,,,,,,,,,,,,,,,,,,,,,,,"Kunal Bahl,Varun Alagh",1.0,1.0,1.0,,,,,2.0
5,Stubb,45,766,5-Jan-26,17-Mar-26,6-Mar-26,Innovation Across Industries,Aaditya Kulshreshth,Lifestyle/Home,Portable ashtray brand,https://stubb.in/,,1,1.0,0.0,,0.0,Middle,Dharamshala,Himachal Pradesh,,,,,,,,,,,25.0,5.0,500.0,0,,,,,,,,,,,,,,,,,,,,,,,,,,,,,,,,,,,,,"Kunal Bahl,Varun Alagh",1.0,1.0,1.0,,,,,2.0
5,SoilSens,45,767,5-Jan-26,17-Mar-26,6-Mar-26,Innovation Across Industries,Aaditya Kulshreshth,Agriculture,Soil intelligence tools,https://soilsens.com/,2017.0,1,0.0,1.0,,0.0,Old,Pune,Maharashtra,,,75.0,10.0,13.0,,,yes,,,50.0,1.0,5000.0,1,1.0,50.0,6.67,,,749.6251874,2.0,,,,,25.0,3.335,,25.0,3.335,,,,,,,,,,,,,,,,,,,,,"Kunal Bahl,Varun Alagh",1.0,1.0,1.0,,,,,2.0
5,Flashoot,46,768,5-Jan-26,17-Mar-26,9-Mar-26,Innovation In Every Corner,Aaditya Kulshreshth,Technology/Software,Real time content creation platform,https://www.flashoot.com/,2024.0,3,3.0,0.0,,0.0,Middle,Hyderabad,Telangana,,53.0,,,,,,,funded,,150.0,2.0,7500.0,0,,,,,,,,,,,,,,,,,,,,,,,,,,,,,,,,,,,,,"Kunal Bahl,Mohit Yadav",1.0,,1.0,1.0,,,,2.0
5,NapTapGo,46,769,5-Jan-26,17-Mar-26,9-Mar-26,Innovation In Every Corner,Aaditya Kulshreshth,Fitness/Sports/Outdoors,POD hotel chain capsule pod hotels,https://naptapgo.com/,2023.0,2,2.0,0.0,,0.0,Middle,Delhi,Delhi,120.0,,,,,,,,funded,yes,200.0,2.5,8000.0,0,,,,,,,,,,,,,,,,,,,,,,,,,,,,,,,,,,,,,"Kunal Bahl,Mohit Yadav",1.0,,1.0,1.0,,,,2.0
5,BlrPods,46,770,5-Jan-26,17-Mar-26,9-Mar-26,Innovation In Every Corner,Aaditya Kulshreshth,Fitness/Sports/Outdoors,Japanese style capsule pod hotels,https://blrpods.com/,2024.0,2,2.0,0.0,,0.0,Middle,Bangalore,Karnataka,,,,,24.0,,40.0,,yes,yes,90.0,1.5,6000.0,0,,,,,,,,,,,,,,,,,,,,,,,,,,,,,,,,,,,,,"Kunal Bahl,Mohit Yadav",1.0,,1.0,1.0,,,,2.0
5,Nytarra,47,771,5-Jan-26,17-Mar-26,10-Mar-26,Unique Ventures And Big Ambitions,Aaditya Kulshreshth,Lifestyle/Home,Home freshner brand,https://www.nytarra.in/,2019.0,2,1.0,1.0,,1.0,Middle,Delhi,Delhi,380.0,105.0,72.0,,-14.0,,,,funded,,75.0,2.0,3750.0,0,,,,,,,,,,,,,,,,,,,,,,,,,,,,,,,,,,,,,"Kunal Bahl,Mohit Yadav",1.0,,1.0,1.0,,,,2.0
5,BYLX,47,772,5-Jan-26,17-Mar-26,10-Mar-26,Unique Ventures And Big Ambitions,Aaditya Kulshreshth,Fitness/Sports/Outdoors,Archery equipment brand,,,1,1.0,0.0,,0.0,Middle,Imphal,Manipur,92.0,,70.0,,,,,,,,50.0,2.0,2500.0,0,,,,,,,,,,,,,,,,,,,,,,,,,,,,,,,,,,,,,"Kunal Bahl,Mohit Yadav",1.0,,1.0,1.0,,,,2.0
5,Greenpista,47,773,5-Jan-26,17-Mar-26,10-Mar-26,Unique Ventures And Big Ambitions,Aaditya Kulshreshth,Others,Marketplace for currency notes,https://greenpista.com/,2024.0,1,1.0,0.0,,0.0,Middle,Noida,Uttar Pradesh,200.0,,,,,,,yes,,,100.0,2.0,5000.0,0,,,,,,,,,,,,,,,,,,,,,,,,,,,,,,,,,,,,,"Kunal Bahl,Mohit Yadav",1.0,,1.0,1.0,,,,2.0
5,CTRUH,48,774,5-Jan-26,17-Mar-26,11-Mar-26,Vision Meets Venture,Aaditya Kulshreshth,Technology/Software,AI-powered XR commerce studio,https://www.ctruh.com/,2023.0,1,1.0,0.0,,0.0,Middle,Hyderabad,Telangana,,,,,,,,yes,funded,,100.0,1.2,8333.333333,1,1.0,100.0,2.4,,,4166.666667,2.0,yes,,,,,,,50.0,1.2,,50.0,1.2,,,,,,,,,,,,,,,,,,Kanika Tekriwal,1.0,1.0,1.0,1.0,,,,1.0
5,SteamPRO,48,775,5-Jan-26,17-Mar-26,11-Mar-26,Vision Meets Venture,Aaditya Kulshreshth,Lifestyle/Home,Home steam and Sauna solution,https://steampro.in/,,2,2.0,0.0,,0.0,Middle,Delhi,Delhi,210.0,,65.0,,,,,,,,100.0,2.0,5000.0,0,,,,,,,,,,,,,,,,,,,,,,,,,,,,,,,,,,,,,Kanika Tekriwal,1.0,1.0,1.0,1.0,,,,1.0
5,Uptown,48,776,5-Jan-26,17-Mar-26,11-Mar-26,Vision Meets Venture,Aaditya Kulshreshth,Business Services,Coliving and accomodation,https://www.uptownhostels.com/,,3,2.0,1.0,,0.0,Middle,Guwahati,Assam,305.0,,,,,,,,,,75.0,3.0,2500.0,0,,,,,,,,,,,,,,,,,,,,,,,,,,,,,,,,,,,,,Kanika Tekriwal,1.0,1.0,1.0,1.0,,,,1.0
5,KorinMi,49,777,5-Jan-26,17-Mar-26,12-Mar-26,Smart Solutions For Modern Living,Aaditya Kulshreshth,Beauty/Fashion,Korean hair and skincare brand,https://korinmi.in/,2024.0,2,0.0,2.0,,0.0,Middle,Gurugram,Haryana,,,,,,,,,,,100.0,2.0,5000.0,0,,,,,,,,,,,,,,,,,,,,,,,,,,,,,,,,,,,,,Kanika Tekriwal,1.0,1.0,1.0,1.0,,,,1.0
5,Dent@home,49,778,5-Jan-26,17-Mar-26,12-Mar-26,Smart Solutions For Modern Living,Aaditya Kulshreshth,Medical/Health,At-home dental care brand,https://dentathome.com/,,3,1.0,2.0,,1.0,Old,Mumbai,Maharashtra,91.0,,,,6.0,,,,,,60.0,2.0,3000.0,1,0.0,,,,,,,,,,,,,,,,,,,,,,,,,,,,,,,,,,,,Kanika Tekriwal,1.0,1.0,1.0,1.0,,,,1.0
5,Marbleous,49,779,5-Jan-26,17-Mar-26,12-Mar-26,Smart Solutions For Modern Living,Aaditya Kulshreshth,Lifestyle/Home,Marble based home decor brand,https://www.themarbleous.com/,2019.0,2,1.0,1.0,,1.0,Middle,Jaipur,Rajasthan,71.0,,70.0,,18.0,,,,,,75.0,10.0,750.0,1,1.0,75.0,20.0,,,375.0,1.0,,2.0,75.0,,,,,,,,,,,,,,,,,,,,,,,75.0,20.0,,Kanika Tekriwal,Kanika Tekriwal,1.0,1.0,1.0,1.0,,,,1.0
5,Fitkin,50,780,5-Jan-26,17-Mar-26,13-Mar-26,"Fitness, Fertility And Farming Innovation",Aaditya Kulshreshth,Beauty/Fashion,Women's active wear brand,https://fitkin.in/,,1,0.0,1.0,,0.0,Middle,Delhi,Delhi,234.0,,,10.0,12.0,,,,yes,,100.0,4.0,2500.0,1,1.0,100.0,11.0,,,909.0909091,1.0,,,,,,,,100.0,11.0,,,,,,,,,,,,,,,,,,,,,Kunal Bahl,1.0,1.0,,1.0,,1.0,,1.0
5,KindFertility,50,781,5-Jan-26,17-Mar-26,13-Mar-26,"Fitness, Fertility And Farming Innovation",Aaditya Kulshreshth,Medical/Health,At-home fertility testing kits,https://www.kindfertility.in/,2025.0,1,0.0,1.0,,0.0,Middle,Manoli,Rajasthan,,,,,,,,,,,50.0,2.0,2500.0,0,,,,,,,,,,,,,,,,,,,,,,,,,,,,,,,,,,,,,Kunal Bahl,1.0,1.0,,1.0,,1.0,,1.0
5,Namovardan,50,782,5-Jan-26,17-Mar-26,13-Mar-26,"Fitness, Fertility And Farming Innovation",Aaditya Kulshreshth,Agriculture,Cow dung and urine collection devices,https://www.namovardan.com/,,2,2.0,0.0,,0.0,Middle,Anand,Gujarat,0.0,,,,,,,yes,,,10.0,5.0,200.0,0,,,,,,,,,,,,,,,,,,,,,,,,,,,,,,,,,,,,,Kunal Bahl,1.0,1.0,,1.0,,1.0,,1.0
5,Circato,51,783,5-Jan-26,17-Mar-26,16-Mar-26,Pitches For The Planet,Aaditya Kulshreshth,Green/CleanTech,Plastic waste based construction solutions,https://www.circato.in/,2022.0,3,2.0,1.0,,0.0,Middle,Bangalore,Karnataka,0.0,,,,,,,,,,90.0,3.0,3000.0,1,1.0,90.0,10.0,,,900.0,1.0,,,,,,,,,,,90.0,10.0,,,,,,,,,,,,,,,,,,"Kunal Bahl,Hardik Kothiya",1.0,,1.0,1.0,,,,2.0
5,GreenAvartan,51,784,5-Jan-26,17-Mar-26,16-Mar-26,Pitches For The Planet,Aaditya Kulshreshth,Green/CleanTech,Solid waste recycling company,,,2,1.0,1.0,,1.0,Middle,Satna,Madhya Pradesh,,,30.0,,14.0,,,,,,100.0,5.0,2000.0,1,0.0,,,,,,,,,,,,,,,,,,,,,,,,,,,,,,,,,,,,"Kunal Bahl,Hardik Kothiya",1.0,,1.0,1.0,,,,2.0
5,DhartiAmrit,51,785,5-Jan-26,17-Mar-26,16-Mar-26,Pitches For The Planet,Aaditya Kulshreshth,Green/CleanTech,Afforestation initiatives company,https://dhartiamrit.com/,,2,2.0,0.0,,0.0,Middle,Jaipur,Rajasthan,110.0,,,,6.0,,,,,,150.0,5.0,3000.0,0,,,,,,,,,,,,,,,,,,,,,,,,,,,,,,,,,,,,,"Kunal Bahl,Hardik Kothiya",1.0,,1.0,1.0,,,,2.0
5,TwoWordsAway,52,786,5-Jan-26,17-Mar-26,17-Mar-26,Young Founders And Big Ideas,Aaditya Kulshreshth,Technology/Software,Private event platform,https://www.twowordsaway.com/,,1,1.0,0.0,,0.0,Young,,Gujarat,,,,,,,,,,,10.0,10.0,100.0,1,1.0,10.0,10.0,,,100.0,3.0,,,,,,,,,,,,,,,,,,,,,,,,,,10.0,10.0,,"Kunal Bahl,Mohit Yadav,Pratham Mittal","Kunal Bahl,Mohit Yadav,Pratham Mittal",,,1.0,1.0,,,,3.0
5,Floreal,52,787,5-Jan-26,17-Mar-26,17-Mar-26,Young Founders And Big Ideas,Aaditya Kulshreshth,Beauty/Fashion,Crochet gifting brand,https://floreal.in/,2024.0,1,0.0,1.0,,0.0,Young,Ludhiana,Punjab,,45.0,75.0,,,,,,,,100.0,3.0,3333.333333,1,1.0,100.0,8.0,,,1250.0,2.0,,,,,,,,,,,,,,,,,,,,,,,,,,100.0,8.0,,"Mohit Yadav,Pratham Mittal","Kunal Bahl,Mohit Yadav,Pratham Mittal",,,1.0,1.0,,,,3.0
5,MyPerro,52,788,5-Jan-26,17-Mar-26,17-Mar-26,Young Founders And Big Ideas,Aaditya Kulshreshth,Animal/Pets,Smart pets gps and health tracker,https://www.myperro.in/,,2,2.0,0.0,,0.0,Young,"Nanded,Indore","Maharashtra,Madhya Pradesh",,,,,,,,,,,60.0,8.0,750.0,0,,,,,,,,,,,,,,,,,,,,,,,,,,,,,,,,,,,,,"Kunal Bahl,Mohit Yadav,Pratham Mittal",,,1.0,1.0,,,,3.0
5,PeerX,52,789,5-Jan-26,17-Mar-26,17-Mar-26,Young Founders And Big Ideas,Aaditya Kulshreshth,Technology/Software,Student opportunities platform,https://peerx.club/,,1,1.0,0.0,,0.0,Young,Raipur,Chhattisgarh,,,,,,,,,,,12.0,10.0,120.0,0,,,,,,,,,,,,,,,,,,,,,,,,,,,,,,,,,,,,,"Kunal Bahl,Mohit Yadav,Pratham Mittal",,,1.0,1.0,,,,3.0
